season,Unnamed: 0,movie,studio,gross,release,time
Q1 2002,1905,Ice Age,Twentieth Century Fox,176387405.0,2002-03-15,2002-03-31
Q1 2002,1922,Panic Room,Sony Pictures Releasing,96397334.0,2002-03-29,2002-03-31
Q1 2002,1925,Blade II,New Line Cinema,82348319.0,2002-03-22,2002-03-31
Q1 2002,1926,Snow Dogs,Walt Disney Studios Motion Pictures,81172560.0,2002-01-18,2002-03-31
Q1 2002,1927,The Rookie,Walt Disney Studios Motion Pictures,74212579.0,2002-03-29,2002-03-31
Q1 2002,1928,John Q,New Line Cinema,71756802.0,2002-02-15,2002-03-31
Q1 2002,1930,We Were Soldiers,Paramount Pictures,72440279.0,2002-03-01,2002-03-31
Q1 2002,1939,The Time Machine,DreamWorks Distribution,56832494.0,2002-03-08,2002-03-31
Q1 2002,1941,The Count of Monte Cristo,Walt Disney Studios Motion Pictures,52244244.0,2002-01-25,2002-03-31
Q1 2002,1946,Peter Pan 2: Return to Never Land,Walt Disney Studios Motion Pictures,48430258.0,2002-02-15,2002-03-31
Q1 2002,1947,Big Fat Liar,Universal Pictures,48360547.0,2002-02-08,2002-03-31
Q1 2002,1952,A Walk to Remember,Warner Bros.,41281092.0,2002-01-25,2002-03-31
Q1 2002,1956,Resident Evil,Screen Gems,40119709.0,2002-03-15,2002-03-31
Q1 2002,1957,Collateral Damage,Warner Bros.,40077257.0,2002-02-08,2002-03-31
Q1 2002,1962,Showtime,Warner Bros.,38082712.0,2002-03-15,2002-03-31
Q1 2002,1963,40 Days and 40 Nights,Miramax,37950822.0,2002-03-01,2002-03-31
Q1 2002,1964,Crossroads,Paramount Pictures,37191304.0,2002-02-15,2002-03-31
Q1 2002,1965,Clockstoppers,Paramount Pictures,36989956.0,2002-03-29,2002-03-31
Q1 2002,1966,Orange County,Paramount Pictures,41076018.0,2002-01-11,2002-03-31
Q1 2002,1968,E.T. the Extra-Terrestrial20th Anniversary,Universal Pictures,35306015.0,2002-03-22,2002-03-31
Q1 2002,1971,The Mothman Prophecies,Screen Gems,35746370.0,2002-01-25,2002-03-31
Q1 2002,1978,Queen of the Damned,Warner Bros.,30336800.0,2002-02-22,2002-03-31
Q1 2002,1979,Dragonfly,Universal Pictures,30323400.0,2002-02-22,2002-03-31
Q1 2002,1989,All About the Benjamins,New Line Cinema,25916319.0,2002-03-08,2002-03-31
Q1 2002,2004,Hart's War,Metro-Goldwyn-Mayer (MGM),19077641.0,2002-02-15,2002-03-31
Q1 2002,2005,Super Troopers,Fox Searchlight Pictures,18492362.0,2002-02-15,2002-03-31
Q1 2002,2013,Kung Pow: Enter the Fist,Twentieth Century Fox,16037962.0,2002-01-25,2002-03-31
Q1 2002,2016,The Next Best Thing,Paramount Pictures,14990582.0,2002-03-03,2002-03-31
Q1 2002,2017,Rollerball,Metro-Goldwyn-Mayer (MGM),18990798.0,2002-02-08,2002-03-31
Q1 2002,2033,Brotherhood of the Wolf,Universal Pictures,11260096.0,2002-01-11,2002-03-31
Q1 2002,2036,Sorority Boys,Walt Disney Studios Motion Pictures,10013004.0,2002-03-22,2002-03-31
Q1 2002,2039,Death to Smoochy,Warner Bros.,8364691.0,2002-03-29,2002-03-31
Q1 2002,2048,Kissing Jessica Stein,Fox Searchlight Pictures,7025722.0,2002-03-13,2002-03-31
Q1 2002,2055,Impostor,Miramax,6285176.0,2002-01-04,2002-03-31
Q1 2002,2057,Birthday Girl,Miramax,5142576.0,2002-02-01,2002-03-31
Q1 2002,2058,Slackers,Sony Pictures Releasing,5285941.0,2002-02-01,2002-03-31
Q1 2002,2077,Last Orders,Sony Pictures Classics,2329631.0,2002-02-25,2002-03-31
Q1 2002,2086,Harrison's Flowers,Universal Pictures,1871025.0,2002-03-15,2002-03-31
Q1 2002,2087,State Property,Lionsgate,2106838.0,2002-01-18,2002-03-31
Q1 2002,2104,NSync: Bigger Than Live,IMAX,1785866.0,2002-02-02,2002-03-31
Q1 2002,2112,The Debut,Menemsha Films,1745778.0,2002-03-16,2002-03-31
Q1 2002,2117,Beauty and the Beast2000 IMAX Release,Walt Disney Studios Motion Pictures,25487190.0,2002-01-01,2002-03-31
Q1 2002,2138,Time Out,THINKFilm,448542.0,2002-03-29,2002-03-31
Q1 2002,2153,Scratch,Palm Pictures,289885.0,2002-02-15,2002-03-31
Q1 2002,2169,Yamakasi,Christal Films,184441.0,2002-01-18,2002-03-31
Q1 2002,2174,American Adobo,Outrider Pictures,344992.0,2002-01-25,2002-03-31
Q1 2002,2194,"Ram Dass, Fierce Grace",Zeitgeist Films,238260.0,2002-02-27,2002-03-31
Q1 2002,2207,The Son's Room,Miramax,1016340.0,2002-01-25,2002-03-31
Q1 2002,2224,Promises,Cowboy Pictures,247589.0,2002-03-15,2002-03-31
Q1 2002,2226,Pépé le Moko,Rialto Pictures,151735.0,2002-03-01,2002-03-31
Q1 2002,2229,Pauline and Paulette,Sony Pictures Classics,139789.0,2002-03-15,2002-03-31
Q1 2002,2242,The Cherry Orchard,Kino International,135280.0,2002-02-22,2002-03-31
Q1 2002,2253,Shiri,IDP Distribution,98452.0,2002-02-08,2002-03-31
Q1 2002,2263,Men with Brooms,Artisan Entertainment,4245870.0,2002-03-08,2002-03-31
Q1 2002,2289,Festival in Cannes,Paramount Classics,299171.0,2002-03-08,2002-03-31
Q1 2002,2293,What Time Is It There?,Wellspring Media,195760.0,2002-01-11,2002-03-31
Q1 2002,2309,Umberto D.,Rialto Pictures,63711.0,2002-02-15,2002-03-31
Q1 2002,2331,Esther Kahn,Empire Pictures Inc.,23371.0,2002-03-01,2002-03-31
Q2 2002,1898,Spider-Man,Sony Pictures Releasing,403706375.0,2002-05-03,2002-06-30
Q2 2002,1899,Star Wars: Episode II - Attack of the Clones,Twentieth Century Fox,302191252.0,2002-05-16,2002-06-30
Q2 2002,1907,Scooby-Doo,Warner Bros.,153294164.0,2002-06-14,2002-06-30
Q2 2002,1910,Lilo & Stitch,Walt Disney Studios Motion Pictures,145794338.0,2002-06-21,2002-06-30
Q2 2002,1914,Minority Report,Twentieth Century Fox,132072926.0,2002-06-21,2002-06-30
Q2 2002,1916,Mr. Deeds,Sony Pictures Releasing,126293452.0,2002-06-28,2002-06-30
Q2 2002,1917,The Bourne Identity,Universal Pictures,121661683.0,2002-06-14,2002-06-30
Q2 2002,1918,The Sum of All Fears,Paramount Pictures,118907036.0,2002-05-31,2002-06-30
Q2 2002,1924,The Scorpion King,Universal Pictures,91047077.0,2002-04-19,2002-06-30
Q2 2002,1929,Spirit: Stallion of the Cimarron,DreamWorks Distribution,73280117.0,2002-05-24,2002-06-30
Q2 2002,1931,Insomnia,Warner Bros.,67355513.0,2002-05-24,2002-06-30
Q2 2002,1932,Changing Lanes,Paramount Pictures,66818548.0,2002-04-12,2002-06-30
Q2 2002,1933,Divine Secrets of the Ya-Ya Sisterhood,Warner Bros.,69599016.0,2002-06-07,2002-06-30
Q2 2002,1940,Unfaithful,Twentieth Century Fox,52775765.0,2002-05-08,2002-06-30
Q2 2002,1948,My Big Fat Greek Wedding,IFC Films,240742368.0,2002-04-19,2002-06-30
Q2 2002,1949,High Crimes,Twentieth Century Fox,41496954.0,2002-04-05,2002-06-30
Q2 2002,1950,About a Boy,Universal Pictures,41385278.0,2002-05-17,2002-06-30
Q2 2002,1958,Enough,Sony Pictures Releasing,40007742.0,2002-05-24,2002-06-30
Q2 2002,1961,Undercover Brother,Universal Pictures,39089928.0,2002-05-31,2002-06-30
Q2 2002,1974,Murder by Numbers,Warner Bros.,31945749.0,2002-04-19,2002-06-30
Q2 2002,1981,The New Guy,Revolution Studios,29760152.0,2002-05-10,2002-06-30
Q2 2002,1985,Bad Company,Walt Disney Studios Motion Pictures,30160161.0,2002-06-07,2002-06-30
Q2 2002,1987,Windtalkers,Metro-Goldwyn-Mayer (MGM),40914068.0,2002-06-14,2002-06-30
Q2 2002,1994,The Sweetest Thing,Sony Pictures Releasing,24718164.0,2002-04-12,2002-06-30
Q2 2002,2000,Van Wilder: Party Liaison,Artisan Entertainment,21305259.0,2002-04-05,2002-06-30
Q2 2002,2020,Life or Something Like It,Twentieth Century Fox,14443273.0,2002-04-26,2002-06-30
Q2 2002,2024,Hey Arnold! The Movie,Paramount Pictures,13728902.0,2002-06-28,2002-06-30
Q2 2002,2026,Juwanna Mann,Warner Bros.,13670733.0,2002-06-21,2002-06-30
Q2 2002,2028,Jason X,New Line Cinema,13121555.0,2002-04-26,2002-06-30
Q2 2002,2030,Frailty,Lionsgate,13110448.0,2002-04-12,2002-06-30
Q2 2002,2049,Big Trouble,Walt Disney Studios Motion Pictures,6884049.0,2002-04-05,2002-06-30
Q2 2002,2061,Hollywood Ending,DreamWorks Distribution,4850753.0,2002-05-03,2002-06-30
Q2 2002,2062,Deuces Wild,Metro-Goldwyn-Mayer (MGM),6080065.0,2002-05-03,2002-06-30
Q2 2002,2069,Thirteen Conversations About One Thing,Sony Pictures Classics,3288164.0,2002-05-24,2002-06-30
Q2 2002,2070,Sunshine State,Sony Pictures Releasing,3065921.0,2002-06-21,2002-06-30
Q2 2002,2078,Extreme,IMAX,12475172.0,2002-04-02,2002-06-30
Q2 2002,2082,Monty Python and the Holy Grail2001 Re-release,Rainbow Releasing,1821082.0,2002-06-15,2002-06-30
Q2 2002,2095,Dogtown and Z-Boys,Sony Pictures Classics,1300682.0,2002-04-26,2002-06-30
Q2 2002,2096,Moulin Rouge!,Twentieth Century Fox,57386607.0,2002-05-18,2002-06-30
Q2 2002,2103,Margaret Cho: Notorious C.H.O.,Wellspring Media,1033395.0,2002-06-28,2002-06-30
Q2 2002,2106,China: The Panda Adventure,IMAX,3918213.0,2002-06-09,2002-06-30
Q2 2002,2110,The Salton Sea,Warner Bros.,764554.0,2002-04-26,2002-06-30
Q2 2002,2126,Wings of Courage,Sony Pictures Classics,15053344.0,2002-04-21,2002-06-30
Q2 2002,2128,Dekalog,New Yorker Films,654998.0,2002-06-09,2002-06-30
Q2 2002,2136,Sordid Lives,Regent Releasing,1006348.0,2002-05-11,2002-06-30
Q2 2002,2141,Cirque du Soleil: Journey of Man,Sony Pictures Classics,15619088.0,2002-05-05,2002-06-30
Q2 2002,2146,The Last Waltz2002 Re-release,Metro-Goldwyn-Mayer (MGM),322313.0,2002-04-05,2002-06-30
Q2 2002,2147,Joshua,Artisan Entertainment,1461635.0,2002-04-19,2002-06-30
Q2 2002,2148,Pumpkin,Metro-Goldwyn-Mayer (MGM),308552.0,2002-06-28,2002-06-30
Q2 2002,2150,Tuvalu,Indican Pictures,409762.0,2002-04-27,2002-06-30
Q2 2002,2155,Life and Debt,New Yorker Films,259720.0,2002-06-16,2002-06-30
Q2 2002,2165,Atanarjuat: The Fast Runner,Lot 47 Films,3770619.0,2002-04-12,2002-06-30
Q2 2002,2171,Cherish,Fine Line Features,179751.0,2002-06-07,2002-06-30
Q2 2002,2173,Murderous Maids,Rialto Pictures,224385.0,2002-04-19,2002-06-30
Q2 2002,2180,Les destinées,Wellspring Media,228350.0,2002-04-05,2002-06-30
Q2 2002,2181,Dahmer,Peninsula Films,144008.0,2002-06-21,2002-06-30
Q2 2002,2182,Elling,First Look International,314729.0,2002-05-29,2002-06-30
Q2 2002,2185,A Shot at Glory,MAC Releasing,133122.0,2002-05-10,2002-06-30
Q2 2002,2186,The Believer,IDP Distribution,416925.0,2002-05-17,2002-06-30
Q2 2002,2188,The Cockettes,Strand Releasing,218947.0,2002-05-10,2002-06-30
Q2 2002,2195,The Lady and the Duke,Sony Pictures Classics,331051.0,2002-05-10,2002-06-30
Q2 2002,2201,Late Marriage,Magnolia Pictures,1656445.0,2002-05-17,2002-06-30
Q2 2002,2202,Home Movie,Cowboy Pictures,118725.0,2002-05-03,2002-06-30
Q2 2002,2215,The Producers,Rialto Pictures,111866.0,2002-06-07,2002-06-30
Q2 2002,2216,Lagaan: Once Upon a Time in India2002 Re-release,Sony Pictures Classics,73276.0,2002-05-08,2002-06-30
Q2 2002,2219,Beauty and the Beast2002 Re-release,Cowboy Pictures,138158.0,2002-06-21,2002-06-30
Q2 2002,2233,Warm Water Under a Red Bridge,Cowboy Pictures,62044.0,2002-05-03,2002-06-30
Q2 2002,2236,New Best Friend,Sony Pictures Releasing,46375.0,2002-04-12,2002-06-30
Q2 2002,2237,Harvard Man,Cowboy Pictures,53005.0,2002-05-17,2002-06-30
Q2 2002,2239,Nijinsky: The Diaries of Vaslav Nijinsky,Wellspring Media,53661.0,2002-05-29,2002-06-30
Q2 2002,2240,The Business of Fancydancing,Outrider Pictures,175710.0,2002-05-10,2002-06-30
Q2 2002,2247,The Cat's Meow,Lionsgate,3209481.0,2002-04-12,2002-06-30
Q2 2002,2248,The Komediant,New Yorker Films,119085.0,2002-04-05,2002-06-30
Q2 2002,2251,Girls Can't Swim,Wellspring Media,67410.0,2002-04-19,2002-06-30
Q2 2002,2252,A Grin Without A Cat,Icarus Films,43616.0,2002-05-01,2002-06-30
Q2 2002,2258,Sade,Empire Pictures Inc.,97048.0,2002-04-26,2002-06-30
Q2 2002,2261,Hybrid,Indican Pictures,159483.0,2002-05-10,2002-06-30
Q2 2002,2265,The Emperor's New Clothes,Paramount Classics,661903.0,2002-06-14,2002-06-30
Q2 2002,2271,A Skin Too Few: The Days of Nick Drake,Roxie Releasing,17384.0,2002-05-17,2002-06-30
Q2 2002,2273,Bobby G. Can't Swim,Gabriel Film Group,15900.0,2002-06-21,2002-06-30
Q2 2002,2277,Bartleby,Outrider Pictures,139668.0,2002-05-24,2002-06-30
Q2 2002,2278,30 Years to Life,Innovation Film Group (IFG),41618.0,2002-06-07,2002-06-30
Q2 2002,2291,Cuba feliz,Empire Pictures Inc.,21783.0,2002-06-12,2002-06-30
Q2 2002,2304,The First $20 Million Is Always the Hardest,Twentieth Century Fox,5491.0,2002-06-28,2002-06-30
Q2 2002,2305,"Sia, the Dream of the Python",ArtMattan Productions,4662.0,2002-05-24,2002-06-30
Q2 2002,2306,The Triumph of Love,Paramount Classics,447267.0,2002-04-17,2002-06-30
Q2 2002,2312,Caravaggio,Zeitgeist Films,3774.0,2002-04-16,2002-06-30
Q2 2002,2319,Standing by Yourself,Cheapo Films,2500.0,2002-05-17,2002-06-30
Q2 2002,2320,Zig Zag,Silver Nitrate,2418.0,2002-06-21,2002-06-30
Q2 2002,2326,Some Body,Lot 47 Films,2042.0,2002-04-26,2002-06-30
Q2 2002,2328,Mr. Smith Gets a Hustler,Outrider Pictures,1915.0,2002-06-21,2002-06-30
Q2 2002,2332,Mama Africa,Wellspring Media,1581.0,2002-06-07,2002-06-30
Q2 2002,2333,Blackwoods,Boll Films,1500.0,2002-05-10,2002-06-30
Q2 2002,2337,Chelsea Walls,Lionsgate,60902.0,2002-04-19,2002-06-30
Q2 2002,2339,Secret Society,First Run,3585.0,2002-06-07,2002-06-30
Q2 2002,2343,Ivansxtc,Artistic License,36780.0,2002-06-07,2002-06-30
Q3 2002,1901,Signs,Walt Disney Studios Motion Pictures,227647707.0,2002-08-02,2002-09-30
Q3 2002,1903,Austin Powers in Goldmember,New Line Cinema,213307889.0,2002-07-26,2002-09-30
Q3 2002,1904,Men in Black II,Sony Pictures Releasing,190418803.0,2002-07-03,2002-09-30
Q3 2002,1911,Sweet Home Alabama,Walt Disney Studios Motion Pictures,125753554.0,2002-09-27,2002-09-30
Q3 2002,1912,xXx,Revolution Studios,142109382.0,2002-08-09,2002-09-30
Q3 2002,1921,Road to Perdition,DreamWorks Distribution,104454762.0,2002-07-12,2002-09-30
Q3 2002,1934,Stuart Little 2,Sony Pictures Releasing,64956806.0,2002-07-19,2002-09-30
Q3 2002,1938,Spy Kids 2: Island of Lost Dreams,Dimension Films,85846429.0,2002-08-07,2002-09-30
Q3 2002,1942,Like Mike,Twentieth Century Fox,51432760.0,2002-07-03,2002-09-30
Q3 2002,1944,The Tuxedo,DreamWorks Distribution,50547998.0,2002-09-27,2002-09-30
Q3 2002,1951,Reign of Fire,Walt Disney Studios Motion Pictures,43061982.0,2002-07-12,2002-09-30
Q3 2002,1954,Blue Crush,Universal Pictures,40390647.0,2002-08-16,2002-09-30
Q3 2002,1955,The Master of Disguise,Revolution Studios,40388794.0,2002-08-02,2002-09-30
Q3 2002,1969,K-19: The Widowmaker,Paramount Pictures,35168966.0,2002-07-19,2002-09-30
Q3 2002,1975,One Hour Photo,Fox Searchlight Pictures,31597131.0,2002-08-21,2002-09-30
Q3 2002,1976,The Crocodile Hunter: Collision Course,Metro-Goldwyn-Mayer (MGM),28442574.0,2002-07-12,2002-09-30
Q3 2002,1977,Halloween: Resurrection,Dimension Films,30354442.0,2002-07-12,2002-09-30
Q3 2002,1980,The Banger Sisters,Fox Searchlight Pictures,30304706.0,2002-09-20,2002-09-30
Q3 2002,1984,Swimfan,Twentieth Century Fox,28559617.0,2002-09-06,2002-09-30
Q3 2002,1988,Blood Work,Warner Bros.,26218081.0,2002-08-09,2002-09-30
Q3 2002,1998,City by the Sea,Warner Bros.,22449000.0,2002-09-06,2002-09-30
Q3 2002,2002,Martin Lawrence Live: Runteldat,Paramount Pictures,19184820.0,2002-08-02,2002-09-30
Q3 2002,2006,The Four Feathers,Paramount Pictures,18306166.0,2002-09-20,2002-09-30
Q3 2002,2009,Eight Legged Freaks,Warner Bros.,17322606.0,2002-07-17,2002-09-30
Q3 2002,2010,Planet of the Apes,Twentieth Century Fox,180011740.0,2002-07-27,2002-09-30
Q3 2002,2011,Serving Sara,Paramount Pictures,16930185.0,2002-08-23,2002-09-30
Q3 2002,2018,The Country Bears,Walt Disney Studios Motion Pictures,16990825.0,2002-07-26,2002-09-30
Q3 2002,2021,Ballistic: Ecks vs. Sever,Warner Bros.,14307963.0,2002-09-20,2002-09-30
Q3 2002,2022,The Good Girl,Fox Searchlight Pictures,14018296.0,2002-08-07,2002-09-30
Q3 2002,2023,Stealing Harvard,Revolution Studios,14036406.0,2002-09-13,2002-09-30
Q3 2002,2027,Feardotcom,Warner Bros.,13258249.0,2002-08-30,2002-09-30
Q3 2002,2032,The Powerpuff Girls Movie,Warner Bros.,11412414.0,2002-07-03,2002-09-30
Q3 2002,2037,Possession,Focus Features,10113733.0,2002-08-16,2002-09-30
Q3 2002,2044,Undisputed,Miramax,12704735.0,2002-08-23,2002-09-30
Q3 2002,2047,Trapped,Sony Pictures Releasing,7073251.0,2002-09-20,2002-09-30
Q3 2002,2050,Moonlight Mile,Walt Disney Studios Motion Pictures,6788377.0,2002-09-27,2002-09-30
Q3 2002,2051,Spirited Away,Walt Disney Studios Motion Pictures,9982132.0,2002-09-20,2002-09-30
Q3 2002,2052,S1m0ne,New Line Cinema,9688676.0,2002-08-23,2002-09-30
Q3 2002,2054,Spider-Man/Men in Black IIDouble Bill,Sony Pictures Releasing,6368604.0,2002-09-06,2002-09-30
Q3 2002,2066,The Adventures of Pluto Nash,Warner Bros.,4420080.0,2002-08-16,2002-09-30
Q3 2002,2071,Tadpole,Miramax,2820030.0,2002-07-19,2002-09-30
Q3 2002,2073,Thrill Ride: The Science of Fun,Sony Pictures Classics,18798590.0,2002-07-11,2002-09-30
Q3 2002,2075,Full Frontal,Miramax,2512846.0,2002-08-02,2002-09-30
Q3 2002,2081,Innocence,IDP Distribution,2202382.0,2002-08-17,2002-09-30
Q3 2002,2084,Mostly Martha,Paramount Classics,4160475.0,2002-08-16,2002-09-30
Q3 2002,2092,Apollo 13The IMAX Experience,IMAX,1760432.0,2002-09-20,2002-09-30
Q3 2002,2093,The Man from Elysian Fields,IDP Distribution,1435016.0,2002-09-27,2002-09-30
Q3 2002,2100,Barbershop,Metro-Goldwyn-Mayer (MGM),75782105.0,2002-09-13,2002-09-30
Q3 2002,2101,24 Hour Party People,Metro-Goldwyn-Mayer (MGM),1184096.0,2002-08-09,2002-09-30
Q3 2002,2102,The Last Kiss,THINKFilm,1048950.0,2002-08-16,2002-09-30
Q3 2002,2119,Charly,Excel Entertainment,814666.0,2002-09-27,2002-09-30
Q3 2002,2120,Metropolis2002 Re-release,Kino International,649352.0,2002-07-12,2002-09-30
Q3 2002,2132,The Kid Stays in the Picture,Focus Features,1439232.0,2002-07-26,2002-09-30
Q3 2002,2133,Merci pour le Chocolat,Empire Pictures Inc.,443238.0,2002-07-31,2002-09-30
Q3 2002,2139,The Trials of Henry Kissinger,First Run,516726.0,2002-09-25,2002-09-30
Q3 2002,2142,Lawrence of Arabia2002 Re-release,Sony Pictures Releasing,342481.0,2002-09-20,2002-09-30
Q3 2002,2154,Skins,First Look International,249204.0,2002-09-27,2002-09-30
Q3 2002,2156,Happy Times,Sony Pictures Classics,240093.0,2002-07-26,2002-09-30
Q3 2002,2159,Red Satin,Zeitgeist Films,231879.0,2002-08-23,2002-09-30
Q3 2002,2163,Shanghai Ghetto,Menemsha Films,709718.0,2002-09-27,2002-09-30
Q3 2002,2168,Igby Goes Down,Metro-Goldwyn-Mayer (MGM),4777465.0,2002-09-13,2002-09-30
Q3 2002,2179,The Experiment2002 Re-release,IDP Distribution,144634.0,2002-09-20,2002-09-30
Q3 2002,2183,I'm Going Home,Milestone,140872.0,2002-08-14,2002-09-30
Q3 2002,2184,Road,Media Partners,136700.0,2002-09-27,2002-09-30
Q3 2002,2191,Amy's Orgasm,Magic Lamp,119664.0,2002-08-23,2002-09-30
Q3 2002,2193,Bread and Tulips,First Look International,5318679.0,2002-07-27,2002-09-30
Q3 2002,2196,Secret Ballot,Sony Pictures Classics,114909.0,2002-08-09,2002-09-30
Q3 2002,2197,Ghost World,Metro-Goldwyn-Mayer (MGM),6217849.0,2002-07-20,2002-09-30
Q3 2002,2199,Songs from the Second Floor,New Yorker Films,78295.0,2002-08-17,2002-09-30
Q3 2002,2205,Biggie and Tupac,Roxie Releasing,94874.0,2002-09-20,2002-09-30
Q3 2002,2206,Lan Yu,Strand Releasing,115470.0,2002-07-03,2002-09-30
Q3 2002,2208,The Princess Diaries,Walt Disney Studios Motion Pictures,108248956.0,2002-08-03,2002-09-30
Q3 2002,2210,Invincible,Fine Line Features,81954.0,2002-09-20,2002-09-30
Q3 2002,2211,Seven Samurai2002 Re-release,Cowboy Pictures,271186.0,2002-08-30,2002-09-30
Q3 2002,2213,Baraka2002 Re-release,Vitagraph Films,77873.0,2002-08-27,2002-09-30
Q3 2002,2218,BBC2 Play of the Week: Langrishe Go Down,Castle Hill Productions,68050.0,2002-07-17,2002-09-30
Q3 2002,2220,Tarkovsky At 70Film Festival,Kino International,174713.0,2002-09-13,2002-09-30
Q3 2002,2225,Just a Kiss,Paramount Classics,63651.0,2002-09-27,2002-09-30
Q3 2002,2230,Ciao America,National Amusements,54965.0,2002-09-20,2002-09-30
Q3 2002,2231,Dinner Rush,Access Entertainment,634566.0,2002-09-28,2002-09-30
Q3 2002,2241,Tosca,Avatar Films,66614.0,2002-07-12,2002-09-30
Q3 2002,2244,The Pinochet Case,First Run,35701.0,2002-09-11,2002-09-30
Q3 2002,2246,Mad Love,Sony Pictures Classics,280046.0,2002-08-30,2002-09-30
Q3 2002,2260,Crazy as Hell,Artistic License,21679.0,2002-09-27,2002-09-30
Q3 2002,2264,Love and a Bullet,Screen Gems,18926.0,2002-08-30,2002-09-30
Q3 2002,2272,101 Reykjavík2001 Re-release,Menemsha Films,126404.0,2002-07-27,2002-09-30
Q3 2002,2282,The Mesmerist,Seventh Art Releasing,11422.0,2002-09-20,2002-09-30
Q3 2002,2284,Who Is Cletis Tout?,Paramount Classics,252706.0,2002-07-26,2002-09-30
Q3 2002,2288,Ayurveda: Art of Being,Kino International,29731.0,2002-07-17,2002-09-30
Q3 2002,2290,How I Killed My Father,New Yorker Films,144682.0,2002-08-23,2002-09-30
Q3 2002,2294,The Dogwalker,Outrider Pictures,7420.0,2002-09-13,2002-09-30
Q3 2002,2298,Ziggy Stardust and the Spiders from Mars,Cowboy Pictures,161635.0,2002-07-10,2002-09-30
Q3 2002,2300,All My Loved Ones,Northern Arts Entertainment,6237.0,2002-08-16,2002-09-30
Q3 2002,2303,Bundy,Tartan,6073.0,2002-09-13,2002-09-30
Q3 2002,2308,All About Lily Chou-Chou,Cowboy Pictures,26166.0,2002-07-12,2002-09-30
Q3 2002,2313,Revolution OS,Seventh Art Releasing,3500.0,2002-08-23,2002-09-30
Q3 2002,2317,Tattoo Bar,ArtMattan Productions,2964.0,2002-07-05,2002-09-30
Q3 2002,2321,The Isle,Empire Pictures Inc.,20452.0,2002-08-23,2002-09-30
Q3 2002,2327,Choice of Weapons,Outrider Pictures,2032.0,2002-07-12,2002-09-30
Q3 2002,2330,The Opera Lover,Outrider Pictures,1798.0,2002-09-27,2002-09-30
Q3 2002,2334,Heartbreak Hospital,Seventh Art Releasing,1480.0,2002-09-06,2002-09-30
Q3 2002,2335,The Execution of Wanda Jean,Seventh Art Releasing,1386.0,2002-09-06,2002-09-30
Q3 2002,2338,Last Dance,First Run,14251.0,2002-07-12,2002-09-30
Q3 2002,2344,Manna from Heaven,Five Sisters Productions,505675.0,2002-08-02,2002-09-30
Q4 2002,1900,Harry Potter and the Chamber of Secrets,Warner Bros.,261988482.0,2002-11-15,2002-12-31
Q4 2002,1902,The Lord of the Rings: The Two Towers,New Line Cinema,339785181.0,2002-12-18,2002-12-31
Q4 2002,1906,A Beautiful Mind,Universal Pictures,170742341.0,2002-12-21,2002-12-31
Q4 2002,1908,The Lord of the Rings: The Fellowship of the Ring,New Line Cinema,313364114.0,2002-12-19,2002-12-31
Q4 2002,1909,Die Another Day,Metro-Goldwyn-Mayer (MGM),160942139.0,2002-11-22,2002-12-31
Q4 2002,1913,The Santa Clause 2,Walt Disney Studios Motion Pictures,138394397.0,2002-11-01,2002-12-31
Q4 2002,1915,The Ring,DreamWorks Distribution,129128133.0,2002-10-18,2002-12-31
Q4 2002,1919,8 Mile,Universal Pictures,116732820.0,2002-11-08,2002-12-31
Q4 2002,1920,Black Hawk Down,Revolution Studios,108264894.0,2002-12-28,2002-12-31
Q4 2002,1923,Red Dragon,Universal Pictures,93149898.0,2002-10-04,2002-12-31
Q4 2002,1935,Jackass: The Movie,Paramount Pictures,64255312.0,2002-10-25,2002-12-31
Q4 2002,1936,Catch Me If You Can,DreamWorks Distribution,164529436.0,2002-12-25,2002-12-31
Q4 2002,1937,Maid in Manhattan,Revolution Studios,94011225.0,2002-12-13,2002-12-31
Q4 2002,1943,Ocean's Eleven,Warner Bros.,183417150.0,2002-12-07,2002-12-31
Q4 2002,1945,Two Weeks Notice,Warner Bros.,93354851.0,2002-12-20,2002-12-31
Q4 2002,1953,The Royal Tenenbaums,Walt Disney Studios Motion Pictures,50331623.0,2002-12-14,2002-12-31
Q4 2002,1959,T-Rex: Back to the Cretaceous,IMAX,53354743.0,2002-10-23,2002-12-31
Q4 2002,1960,Drumline,Twentieth Century Fox,56393028.0,2002-12-13,2002-12-31
Q4 2002,1967,Star Trek: Nemesis,Paramount Pictures,43254409.0,2002-12-13,2002-12-31
Q4 2002,1970,Treasure Planet,Walt Disney Studios Motion Pictures,36015544.0,2002-11-27,2002-12-31
Q4 2002,1972,I Spy,Sony Pictures Releasing,33561137.0,2002-11-01,2002-12-31
Q4 2002,1973,Jimmy Neutron: Boy Genius,Paramount Pictures,80936232.0,2002-12-21,2002-12-31
Q4 2002,1982,Ghost Ship,Warner Bros.,30089931.0,2002-10-25,2002-12-31
Q4 2002,1983,Analyze That,Warner Bros.,32130627.0,2002-12-06,2002-12-31
Q4 2002,1986,Brown Sugar,Fox Searchlight Pictures,27343305.0,2002-10-11,2002-12-31
Q4 2002,1990,I Am Sam,New Line Cinema,29951434.0,2002-12-28,2002-12-31
Q4 2002,1991,Vanilla Sky,Paramount Pictures,100618344.0,2002-12-14,2002-12-31
Q4 2002,1992,The Transporter,Twentieth Century Fox,25288972.0,2002-10-11,2002-12-31
Q4 2002,1993,Harry Potter and the Sorcerer's Stone,Warner Bros.,317575550.0,2002-11-16,2002-12-31
Q4 2002,1995,The Hot Chick,Walt Disney Studios Motion Pictures,35081594.0,2002-12-13,2002-12-31
Q4 2002,1996,Eight Crazy Nights,Sony Pictures Releasing,23443124.0,2002-11-27,2002-12-31
Q4 2002,1997,Tuck Everlasting,Walt Disney Studios Motion Pictures,18805581.0,2002-10-11,2002-12-31
Q4 2002,1999,The Wild Thornberrys Movie,Paramount Pictures,40108697.0,2002-12-20,2002-12-31
Q4 2002,2001,Ali,Sony Pictures Releasing,57556520.0,2002-12-25,2002-12-31
Q4 2002,2003,Kate & Leopold,Miramax,43574827.0,2002-12-25,2002-12-31
Q4 2002,2007,"Monsters, Inc.",Walt Disney Studios Motion Pictures,255284677.0,2002-11-02,2002-12-31
Q4 2002,2008,Punch-Drunk Love,Revolution Studios,17844216.0,2002-10-11,2002-12-31
Q4 2002,2012,White Oleander,Warner Bros.,16357770.0,2002-10-11,2002-12-31
Q4 2002,2014,Empire,Universal Pictures,17600423.0,2002-12-06,2002-12-31
Q4 2002,2015,Half Past Dead,Sony Pictures Releasing,15543918.0,2002-11-15,2002-12-31
Q4 2002,2019,Solaris,Twentieth Century Fox,14887875.0,2002-11-27,2002-12-31
Q4 2002,2025,The Emperor's Club,Universal Pictures,14118751.0,2002-11-22,2002-12-31
Q4 2002,2029,How High,Universal Pictures,31178740.0,2002-12-21,2002-12-31
Q4 2002,2031,Gosford Park,USA Films,25767044.0,2002-12-26,2002-12-31
Q4 2002,2034,Abandon,Paramount Pictures,10727683.0,2002-10-18,2002-12-31
Q4 2002,2035,Far from Heaven,Focus Features,15901849.0,2002-11-08,2002-12-31
Q4 2002,2038,Behind Enemy Lines,Twentieth Century Fox,58856790.0,2002-11-30,2002-12-31
Q4 2002,2040,Joe Somebody,Twentieth Century Fox,22770864.0,2002-12-21,2002-12-31
Q4 2002,2041,Star Wars: Episode II - Attack of the Clones2002 IMAX Release,Twentieth Century Fox,8485488.0,2002-11-01,2002-12-31
Q4 2002,2042,In the Bedroom,Miramax,23224195.0,2002-11-23,2002-12-31
Q4 2002,2043,Bowling for Columbine,United Artists,21275772.0,2002-10-11,2002-12-31
Q4 2002,2045,Not Another Teen Movie,Sony Pictures Releasing,38252284.0,2002-12-14,2002-12-31
Q4 2002,2053,Femme Fatale,Warner Bros.,6614668.0,2002-11-06,2002-12-31
Q4 2002,2056,The Truth About Charlie,Universal Pictures,5320285.0,2002-10-25,2002-12-31
Q4 2002,2059,Formula 51,Screen Gems,5204007.0,2002-10-18,2002-12-31
Q4 2002,2060,Real Women Have Curves,Newmarket Films,5853194.0,2002-10-18,2002-12-31
Q4 2002,2063,Extreme Ops,Paramount Pictures,4842259.0,2002-11-27,2002-12-31
Q4 2002,2065,Adaptation.,Sony Pictures Releasing,22306095.0,2002-12-06,2002-12-31
Q4 2002,2067,The Crime of Padre Amaro,IDP Distribution,5717044.0,2002-11-15,2002-12-31
Q4 2002,2068,Antwone Fisher,Fox Searchlight Pictures,21066297.0,2002-12-19,2002-12-31
Q4 2002,2072,Galapagos,IMAX,18627957.0,2002-10-29,2002-12-31
Q4 2002,2074,Chicago,Miramax,169508422.0,2002-12-27,2002-12-31
Q4 2002,2076,Shallow Hal,Twentieth Century Fox,70836296.0,2002-11-09,2002-12-31
Q4 2002,2079,The Endurance,Cowboy Pictures,2453083.0,2002-10-05,2002-12-31
Q4 2002,2080,Lantana,Lionsgate,4623189.0,2002-12-14,2002-12-31
Q4 2002,2083,Auto Focus,Sony Pictures Classics,2063196.0,2002-10-18,2002-12-31
Q4 2002,2085,Black Knight,Twentieth Century Fox,33422806.0,2002-11-21,2002-12-31
Q4 2002,2088,Santa vs. the Snowman 3D,IMAX,1934053.0,2002-11-01,2002-12-31
Q4 2002,2089,Mulholland Drive,Universal Pictures,7220243.0,2002-10-08,2002-12-31
Q4 2002,2090,Spy Game,Universal Pictures,62362560.0,2002-11-21,2002-12-31
Q4 2002,2091,Across the Sea of Time,Sony Pictures Classics,16015639.0,2002-10-20,2002-12-31
Q4 2002,2094,Talk to Her2002 Re-release,Sony Pictures Classics,9198380.0,2002-11-22,2002-12-31
Q4 2002,2097,Standing in the Shadows of Motown,Artisan Entertainment,1722119.0,2002-11-15,2002-12-31
Q4 2002,2098,Equilibrium,Dimension Films,1203794.0,2002-12-06,2002-12-31
Q4 2002,2099,Roger Dodger,Artisan Entertainment,1266828.0,2002-10-25,2002-12-31
Q4 2002,2105,Rabbit-Proof Fence,Miramax,6199600.0,2002-11-27,2002-12-31
Q4 2002,2107,Les Boys III,Lionsgate,3320264.0,2002-11-30,2002-12-31
Q4 2002,2108,CyberWorld,IMAX,11253900.0,2002-10-06,2002-12-31
Q4 2002,2109,Kaante,Media Partners,1041228.0,2002-12-20,2002-12-31
Q4 2002,2111,Time Changer,Five & Two Pictures,1285167.0,2002-10-25,2002-12-31
Q4 2002,2113,Evelyn,Metro-Goldwyn-Mayer (MGM),1377031.0,2002-12-13,2002-12-31
Q4 2002,2114,Personal Velocity,Metro-Goldwyn-Mayer (MGM),769679.0,2002-11-22,2002-12-31
Q4 2002,2115,Trembling Before G-d,New Yorker Films,788896.0,2002-10-24,2002-12-31
Q4 2002,2116,Below,Dimension Films,605562.0,2002-10-11,2002-12-31
Q4 2002,2118,Swept Away,Screen Gems,598645.0,2002-10-11,2002-12-31
Q4 2002,2121,The Fluffer,First Run,557752.0,2002-11-16,2002-12-31
Q4 2002,2122,Monster's Ball,Lionsgate,31168322.0,2002-12-26,2002-12-31
Q4 2002,2124,Corky Romano,Walt Disney Studios Motion Pictures,23980304.0,2002-10-12,2002-12-31
Q4 2002,2125,Jonah: A VeggieTales Movie,Artisan Entertainment,25581229.0,2002-10-04,2002-12-31
Q4 2002,2127,The Hours,Paramount Pictures,41675994.0,2002-12-27,2002-12-31
Q4 2002,2129,Max Keeble's Big Move,Walt Disney Studios Motion Pictures,17294293.0,2002-10-05,2002-12-31
Q4 2002,2130,Fat Girl,Cowboy Pictures,698568.0,2002-10-12,2002-12-31
Q4 2002,2134,The Sun Behind the Moon,Avatar Films,1418126.0,2002-12-14,2002-12-31
Q4 2002,2135,25th Hour,Walt Disney Studios Motion Pictures,12673235.0,2002-12-19,2002-12-31
Q4 2002,2140,The Rules of Attraction,Lionsgate,6532619.0,2002-10-11,2002-12-31
Q4 2002,2143,Dangerous People,Christal Films,341280.0,2002-12-06,2002-12-31
Q4 2002,2144,Out Cold,Walt Disney Studios Motion Pictures,13906394.0,2002-11-21,2002-12-31
Q4 2002,2145,Welcome to Collinwood,Warner Bros.,336620.0,2002-10-04,2002-12-31
Q4 2002,2149,The Way Home,Paramount Classics,445367.0,2002-11-15,2002-12-31
Q4 2002,2151,The Independent,Arrow Releasing,238431.0,2002-11-30,2002-12-31
Q4 2002,2152,Waking Life,Fox Searchlight Pictures,2901447.0,2002-10-19,2002-12-31
Q4 2002,2158,Amélie,Miramax,21127194.0,2002-11-02,2002-12-31
Q4 2002,2160,The Shipping News,Miramax,7954707.0,2002-12-25,2002-12-31
Q4 2002,2161,Narc,Paramount Pictures,10465659.0,2002-12-20,2002-12-31
Q4 2002,2162,Iris,Miramax,583296.0,2002-12-14,2002-12-31
Q4 2002,2164,Piñero,Miramax,242862.0,2002-12-13,2002-12-31
Q4 2002,2167,Dark Blue World,Sony Pictures Classics,258771.0,2002-12-28,2002-12-31
Q4 2002,2175,Novocaine,Artisan Entertainment,2036682.0,2002-11-16,2002-12-31
Q4 2002,2176,Hansel & Gretel,Innovation Film Group (IFG),154642.0,2002-10-18,2002-12-31
Q4 2002,2177,Happenstance,Lot 47 Films,250099.0,2002-11-02,2002-12-31
Q4 2002,2189,Russian Ark,Wellspring Media,2326979.0,2002-12-13,2002-12-31
Q4 2002,2190,The Majestic,Warner Bros.,26942679.0,2002-12-21,2002-12-31
Q4 2002,2192,Rishtey,Eros International,119537.0,2002-12-06,2002-12-31
Q4 2002,2198,Singin' in the Rain2002 Re-release,Warner Bros.,120420.0,2002-11-08,2002-12-31
Q4 2002,2200,The Weight of Water,Lionsgate,109130.0,2002-11-01,2002-12-31
Q4 2002,2204,Kehtaa Hai Dil Baar Baar,Video Sound,95415.0,2002-11-15,2002-12-31
Q4 2002,2212,Bloody Sunday,Paramount Classics,773228.0,2002-10-04,2002-12-31
Q4 2002,2214,From Hell,Twentieth Century Fox,31602566.0,2002-10-19,2002-12-31
Q4 2002,2221,Nicholas Nickleby,Metro-Goldwyn-Mayer (MGM),1587173.0,2002-12-27,2002-12-31
Q4 2002,2222,God Is Great and I'm Not,Empire Pictures Inc.,71213.0,2002-11-06,2002-12-31
Q4 2002,2234,Power and Terror: Noam Chomsky in Our Times,First Run,290767.0,2002-11-22,2002-12-31
Q4 2002,2235,Interview with the Assassin,Magnolia Pictures,48058.0,2002-11-15,2002-12-31
Q4 2002,2238,K-PAX,Universal Pictures,50338485.0,2002-10-26,2002-12-31
Q4 2002,2243,Intacto2002 Re-release,Lionsgate,307333.0,2002-12-13,2002-12-31
Q4 2002,2245,Morvern Callar,Cowboy Pictures,246156.0,2002-12-20,2002-12-31
Q4 2002,2249,The Other Side of Heaven,Excel Entertainment,4719600.0,2002-12-14,2002-12-31
Q4 2002,2250,Max,Lionsgate,535987.0,2002-12-27,2002-12-31
Q4 2002,2254,A Song for Martin,First Look International,26692.0,2002-12-21,2002-12-31
Q4 2002,2256,All the Queen's Men,Strand Releasing,23662.0,2002-10-25,2002-12-31
Q4 2002,2257,All or Nothing,United Artists,201546.0,2002-10-25,2002-12-31
Q4 2002,2262,Love Liza,Sony Pictures Classics,213137.0,2002-12-30,2002-12-31
Q4 2002,2266,Hell House,Seventh Art Releasing,18279.0,2002-10-18,2002-12-31
Q4 2002,2267,Lola,Wellspring Media,101801.0,2002-11-16,2002-12-31
Q4 2002,2268,"Massoud, the Afghan2002 Re-release",New Yorker Films,26483.0,2002-12-04,2002-12-31
Q4 2002,2270,Food of Love,TLA Releasing,41719.0,2002-10-25,2002-12-31
Q4 2002,2274,Etoiles: Dancers of the Paris Opera Ballet,First Run,44744.0,2002-11-08,2002-12-31
Q4 2002,2275,Chop Suey,Zeitgeist Films,179914.0,2002-10-05,2002-12-31
Q4 2002,2276,Bay of Angels,Wellspring Media,83690.0,2002-11-30,2002-12-31
Q4 2002,2279,Devils on the Doorstep,Cowboy Pictures,18698.0,2002-12-18,2002-12-31
Q4 2002,2281,Spider,Sony Pictures Classics,1441409.0,2002-12-20,2002-12-31
Q4 2002,2283,Family Fundamentals,Focus Features,11344.0,2002-10-11,2002-12-31
Q4 2002,2285,Love in the Time of Money,THINKFilm,10410.0,2002-11-01,2002-12-31
Q4 2002,2287,Hush!,Strand Releasing,20937.0,2002-11-08,2002-12-31
Q4 2002,2295,"Sobibór, October 14, 1943, 4 p.m.",New Yorker Films,40854.0,2002-10-12,2002-12-31
Q4 2002,2296,Smokers Only,Strand Releasing,11633.0,2002-12-20,2002-12-31
Q4 2002,2299,Blackboards,Leisure Time Features,9759.0,2002-12-06,2002-12-31
Q4 2002,2301,The Phantom of Liberty,Rialto Pictures,6172.0,2002-11-08,2002-12-31
Q4 2002,2302,Il Posto,Cowboy Pictures,7658.0,2002-12-20,2002-12-31
Q4 2002,2307,Take Care of My Cat,Kino International,7636.0,2002-10-18,2002-12-31
Q4 2002,2310,My Kingdom,First Look International,4296.0,2002-12-06,2002-12-31
Q4 2002,2316,Ash Wednesday,Empire Pictures Inc.,2942.0,2002-10-11,2002-12-31
Q4 2002,2318,Dead or Alive: Final,Kino International,2591.0,2002-11-29,2002-12-31
Q4 2002,2324,Ikiru,Cowboy Pictures,60239.0,2002-12-27,2002-12-31
Q4 2002,2329,By Hook or by Crook,Artistic License,1802.0,2002-10-25,2002-12-31
Q4 2002,2336,Besotted,Artistic License,1379.0,2002-11-01,2002-12-31
Q4 2002,2340,The Jimmy Show,First Look International,1000.0,2002-12-13,2002-12-31
Q4 2002,2345,Lush,Menemsha Films,2763.0,2002-12-28,2002-12-31
Q4 2002,2347,Pokémon 4Ever,Dimension Films,1725910.0,2002-10-11,2002-12-31
Q4 2002,2348,The Town Is Quiet,New Yorker Films,66303.0,2002-10-26,2002-12-31
