season,Unnamed: 0,movie,studio,gross,release,time
Q1 2014,9268,The Lego Movie,Warner Bros.,257760692.0,2014-02-07,2014-03-31
Q1 2014,9283,Divergent,Lionsgate,150947895.0,2014-03-21,2014-03-31
Q1 2014,9286,Ride Along,Universal Pictures,134938200.0,2014-01-17,2014-03-31
Q1 2014,9291,Mr. Peabody & Sherman,Twentieth Century Fox,111453785.0,2014-03-07,2014-03-31
Q1 2014,9292,300: Rise of an Empire,Warner Bros.,106580051.0,2014-03-07,2014-03-31
Q1 2014,9294,Noah,Paramount Pictures,101200044.0,2014-03-28,2014-03-31
Q1 2014,9297,Non-Stop,Universal Pictures,92168600.0,2014-02-28,2014-03-31
Q1 2014,9306,The Monuments Men,Sony Pictures Releasing,78031620.0,2014-02-07,2014-03-31
Q1 2014,9313,The Nut Job,Open Road Films (II),64251541.0,2014-01-17,2014-03-31
Q1 2014,9317,God's Not Dead,Freestyle Releasing,60755732.0,2014-03-21,2014-03-31
Q1 2014,9318,Son of God,Twentieth Century Fox,59685208.0,2014-02-28,2014-03-31
Q1 2014,9319,The Grand Budapest Hotel,Fox Searchlight Pictures,59301324.0,2014-03-07,2014-03-31
Q1 2014,9320,RoboCop,Sony Pictures Releasing,58607007.0,2014-02-12,2014-03-31
Q1 2014,9330,Jack Ryan: Shadow Recruit,Paramount Pictures,50577412.0,2014-01-17,2014-03-31
Q1 2014,9334,Muppets Most Wanted,Walt Disney Studios Motion Pictures,48845027.0,2014-03-21,2014-03-31
Q1 2014,9335,About Last Night,Screen Gems,48637684.0,2014-02-14,2014-03-31
Q1 2014,9344,Need for Speed,Walt Disney Studios Motion Pictures,42354883.0,2014-03-14,2014-03-31
Q1 2014,9354,Paranormal Activity: The Marked Ones,Paramount Pictures,32462372.0,2014-01-03,2014-03-31
Q1 2014,9358,3 Days to Kill,Relativity Media,30697999.0,2014-02-21,2014-03-31
Q1 2014,9367,That Awkward Moment,Focus Features,26068955.0,2014-01-31,2014-03-31
Q1 2014,9371,Endless Love,Universal Pictures,23438250.0,2014-02-14,2014-03-31
Q1 2014,9382,"I, Frankenstein",Lionsgate,19075290.0,2014-01-24,2014-03-31
Q1 2014,9384,The Legend of Hercules,Lionsgate,18848538.0,2014-01-10,2014-03-31
Q1 2014,9391,The Single Moms Club,Lionsgate,15973881.0,2014-03-14,2014-03-31
Q1 2014,9392,Devil's Due,Twentieth Century Fox,15785335.0,2014-01-17,2014-03-31
Q1 2014,9401,Labor Day,Paramount Pictures,13371528.0,2014-01-31,2014-03-31
Q1 2014,9402,Winter's Tale,Warner Bros.,12600231.0,2014-02-14,2014-03-31
Q1 2014,9409,Sabotage,Open Road Films (II),10508518.0,2014-03-28,2014-03-31
Q1 2014,9416,Vampire Academy,The Weinstein Company,7791979.0,2014-02-07,2014-03-31
Q1 2014,9417,Bad Words,Focus Features,7779614.0,2014-03-14,2014-03-31
Q1 2014,9425,Cesar Chavez2014 Re-release,Lionsgate,5571497.0,2014-03-28,2014-03-31
Q1 2014,9428,Hubble 3D,Warner Bros.,52503602.0,2014-03-19,2014-03-31
Q1 2014,9433,The Wind Rises2013 Re-release,Walt Disney Studios Motion Pictures,4342709.0,2014-02-21,2014-03-31
Q1 2014,9434,The Lunchbox2013 Re-release,Sony Pictures Classics,4235151.0,2014-02-28,2014-03-31
Q1 2014,9442,Veronica Mars,Warner Bros.,3322127.0,2014-03-14,2014-03-31
Q1 2014,9455,The Raid 2,Sony Pictures Classics,2627209.0,2014-03-28,2014-03-31
Q1 2014,9463,Le Week-End,Music Box Films,2225098.0,2014-03-14,2014-03-31
Q1 2014,9465,Anchorman 2: The Legend ContinuesR-Rated Extended Cut,Paramount Pictures,2184339.0,2014-02-28,2014-03-31
Q1 2014,9467,The Oscar Nominated Short Films 2014: Live Action,Shorts International,2171849.0,2014-01-31,2014-03-31
Q1 2014,9469,Gloria,Roadside Attractions,2107925.0,2014-01-24,2014-03-31
Q1 2014,9476,Tim's Vermeer,Sony Pictures Classics,1671377.0,2014-01-31,2014-03-31
Q1 2014,9477,Deep Sea,Warner Bros.,46403478.0,2014-03-03,2014-03-31
Q1 2014,9483,Gimme Shelter,Roadside Attractions,1359910.0,2014-01-24,2014-03-31
Q1 2014,9486,Jai Ho,Eros International,1264515.0,2014-01-24,2014-03-31
Q1 2014,9491,Repentance,Lionsgate,1189612.0,2014-02-28,2014-03-31
Q1 2014,9503,50 to 1,Ten Furlongs,1064454.0,2014-03-21,2014-03-31
Q1 2014,9504,Stalingrad,Sony Pictures Releasing,1013945.0,2014-02-28,2014-03-31
Q1 2014,9506,Enemy,A24,1008726.0,2014-03-14,2014-03-31
Q1 2014,9508,Shaadi Ke Side Effects,Eros International,921277.0,2014-02-28,2014-03-31
Q1 2014,9515,Nymphomaniac: Vol. I,Magnolia Pictures,785896.0,2014-03-21,2014-03-31
Q1 2014,9526,Under the Sea 3D,Warner Bros.,36223935.0,2014-02-13,2014-03-31
Q1 2014,9529,Jodorowsky's Dune,Sony Pictures Classics,647280.0,2014-03-21,2014-03-31
Q1 2014,9530,Hasee Toh Phasee,Reliance Big Pictures,646035.0,2014-02-07,2014-03-31
Q1 2014,9538,The Attorney,Well Go USA Entertainment,557236.0,2014-02-07,2014-03-31
Q1 2014,9542,Highway,UTV Motion Pictures,529136.0,2014-02-21,2014-03-31
Q1 2014,9553,In Secret,Roadside Attractions,444179.0,2014-02-21,2014-03-31
Q1 2014,9556,Beijing Love Story,China Lion Film Distribution,428318.0,2014-02-14,2014-03-31
Q1 2014,9564,Omar,Adopt Films,356000.0,2014-02-21,2014-03-31
Q1 2014,9570,On My Way,Cohen Media Group,317324.0,2014-03-14,2014-03-31
Q1 2014,9586,Ernest & Celestine,GKIDS,262075.0,2014-02-28,2014-03-31
Q1 2014,9598,The Suspect,Well Go USA Entertainment,218693.0,2014-01-10,2014-03-31
Q1 2014,9606,Rob the Mob,Millennium Entertainment,208693.0,2014-03-21,2014-03-31
Q1 2014,9609,Bethlehem,Adopt Films,201700.0,2014-03-07,2014-03-31
Q1 2014,9619,Anita,The Samuel Goldwyn Company,176979.0,2014-03-21,2014-03-31
Q1 2014,9620,Evangelion: 3.0 You Can (Not) Redo,Eleven Arts,174945.0,2014-01-10,2014-03-31
Q1 2014,9632,Mistaken for Strangers,Abramorama,138991.0,2014-03-28,2014-03-31
Q1 2014,9640,Knights of Badassdom,Entertainment One,123854.0,2014-01-21,2014-03-31
Q1 2014,9645,Anohana: The Flower We Saw That Day - The Movie,Eleven Arts,109630.0,2014-01-18,2014-03-31
Q1 2014,9650,Child's Pose,Zeitgeist Films,97170.0,2014-02-19,2014-03-31
Q1 2014,9653,Girl on a Bicycle,Monterey Media,91401.0,2014-02-14,2014-03-31
Q1 2014,9655,Breathe In,Cohen Media Group,89661.0,2014-03-28,2014-03-31
Q1 2014,9656,Particle Fever,Abramorama,89254.0,2014-03-05,2014-03-31
Q1 2014,9663,Girl Rising,GathrFilms,1690141.0,2014-03-07,2014-03-31
Q1 2014,9666,Better Living Through Chemistry,The Samuel Goldwyn Company,75143.0,2014-03-14,2014-03-31
Q1 2014,9675,The Art of the Steal,RADiUS-TWC,64065.0,2014-03-14,2014-03-31
Q1 2014,9679,Kids for Cash,Paladin,141666.0,2014-02-07,2014-03-31
Q1 2014,9687,The Bag Man,Cinedigm Entertainment Group,56574.0,2014-02-28,2014-03-31
Q1 2014,9693,At Middleton,Anchor Bay Films,53837.0,2014-01-31,2014-03-31
Q1 2014,9698,The Missing Picture,Strand Releasing,52164.0,2014-03-19,2014-03-31
Q1 2014,9703,A Birder's Guide to Everything,Screen Media Films,48713.0,2014-03-21,2014-03-31
Q1 2014,9706,Alphaville,Rialto Pictures,47696.0,2014-02-07,2014-03-31
Q1 2014,9711,"Je t'aime, je t'aime2014 Re-release",The Film Desk,71717.0,2014-02-14,2014-03-31
Q1 2014,9713,If You Build It,Long Shot Factory,43393.0,2014-01-10,2014-03-31
Q1 2014,9715,Blood Ties,Roadside Attractions,42472.0,2014-03-21,2014-03-31
Q1 2014,9718,The Last of the Unjust,Cohen Media Group,40563.0,2014-02-07,2014-03-31
Q1 2014,9719,Teenage,Oscilloscope,40169.0,2014-03-14,2014-03-31
Q1 2014,9729,Tiger & Bunny: The Rising,Eleven Arts,34471.0,2014-03-14,2014-03-31
Q1 2014,9732,It Felt Like Love,Variance Films,33817.0,2014-03-21,2014-03-31
Q1 2014,9734,The Rocket,Kino Lorber,55889.0,2014-01-10,2014-03-31
Q1 2014,9735,Big Bad Wolves,Magnolia Pictures,33232.0,2014-01-17,2014-03-31
Q1 2014,9736,A Field in England,Drafthouse Films,32846.0,2014-02-07,2014-03-31
Q1 2014,9740,Visitors,Cinedigm Entertainment Group,84577.0,2014-01-24,2014-03-31
Q1 2014,9748,In Bloom,Big World Pictures,52470.0,2014-01-10,2014-03-31
Q1 2014,9751,Interior. Leather Bar.,Strand Releasing,38423.0,2014-01-03,2014-03-31
Q1 2014,9763,Grand Piano,Magnolia Pictures,22555.0,2014-03-07,2014-03-31
Q1 2014,9769,The Great Flood,Icarus Films,20694.0,2014-01-08,2014-03-31
Q1 2014,9771,American Mustang,Vitagraph Films,39097.0,2014-01-17,2014-03-31
Q1 2014,9775,Short Peace,Eleven Arts,22292.0,2014-03-03,2014-03-31
Q1 2014,9781,Journey to the West,Magnolia Pictures,18058.0,2014-03-07,2014-03-31
Q1 2014,9785,Cold Comes the Night,The Samuel Goldwyn Company,16971.0,2014-01-10,2014-03-31
Q1 2014,9788,Barefoot,Roadside Attractions,15071.0,2014-02-21,2014-03-31
Q1 2014,9793,The Pretty One,Dada Films,13769.0,2014-02-07,2014-03-31
Q1 2014,9794,War of the Worlds: Goliath,Barking Cow Media Group,13385.0,2014-03-07,2014-03-31
Q1 2014,9800,Coming Up Roses2014 Re-release,Indican Pictures,20567.0,2014-02-14,2014-03-31
Q1 2014,9801,Special ID,Well Go USA Entertainment,12666.0,2014-03-07,2014-03-31
Q1 2014,9808,The French Minister,IFC Films,12027.0,2014-03-21,2014-03-31
Q1 2014,9817,Dishkiyaoon,Eros International,11288.0,2014-03-28,2014-03-31
Q1 2014,9839,Almost Human,IFC Films,8447.0,2014-02-21,2014-03-31
Q1 2014,9841,Love Is in the Air2013 Re-release,Focus World,8425.0,2014-01-31,2014-03-31
Q1 2014,9861,Will You Still Love Me Tomorrow?,Film Movement,6694.0,2014-01-17,2014-03-31
Q1 2014,9862,Aatsinki: The Story of Arctic Cowboys,Argot Pictures,6601.0,2014-01-24,2014-03-31
Q1 2014,9864,Life of a King,Millennium Entertainment,6547.0,2014-01-17,2014-03-31
Q1 2014,9865,Jews of Egypt,ArtMattan Productions,6505.0,2014-03-28,2014-03-31
Q1 2014,9870,Love & Air Sex,Tribeca Film,6047.0,2014-02-07,2014-03-31
Q1 2014,9871,Cavemen,Well Go USA Entertainment,5948.0,2014-02-07,2014-03-31
Q1 2014,9872,Gang of Ghosts,Eros International,5906.0,2014-03-21,2014-03-31
Q1 2014,9878,Papirosen,Film Movement,5658.0,2014-01-24,2014-03-31
Q1 2014,9879,Infliction,Fox Trail Productions,5579.0,2014-03-16,2014-03-31
Q1 2014,9885,Return to Nuke 'Em High Volume 1,Anchor Bay Films,5122.0,2014-01-10,2014-03-31
Q1 2014,9892,The Adventurer: The Curse of the Midas Box,The Film Arcade,4756.0,2014-01-10,2014-03-31
Q1 2014,9898,Big Men,Abramorama,43711.0,2014-03-14,2014-03-31
Q1 2014,9899,Beyond Outrage,Magnolia Pictures,3878.0,2014-01-03,2014-03-31
Q1 2014,9904,The Word,Scarlet Sky Productions,3648.0,2014-03-14,2014-03-31
Q1 2014,9907,Hide Your Smiling Faces,Tribeca Film,3576.0,2014-03-28,2014-03-31
Q1 2014,9911,Locker 13,Brothers' Ink Productions,3496.0,2014-03-28,2014-03-31
Q1 2014,9930,Black Out2014 Re-release,Doppelganger Releasing,2734.0,2014-02-21,2014-03-31
Q1 2014,9931,Generation War,Music Box Films,36914.0,2014-01-15,2014-03-31
Q1 2014,9935,Mercedes Sosa: The Voice of Latin America,First Run,2648.0,2014-01-24,2014-03-31
Q1 2014,9936,Refuge,Strand Releasing,2631.0,2014-03-28,2014-03-31
Q1 2014,9937,Indigo Children,Striped Entertainment,2621.0,2014-01-17,2014-03-31
Q1 2014,9940,McCanick,Well Go USA Entertainment,2572.0,2014-03-21,2014-03-31
Q1 2014,9949,The Right Kind of Wrong,Magnolia Pictures,2098.0,2014-03-14,2014-03-31
Q1 2014,9956,The Retrieval,Variance Films,50257.0,2014-03-14,2014-03-31
Q1 2014,9966,Summer in February,Tribeca Film,1624.0,2014-01-17,2014-03-31
Q1 2014,9967,Afternoon of a Faun: Tanaquil Le Clercq,Kino Lorber,172450.0,2014-02-05,2014-03-31
Q1 2014,9969,Souldier,Parade Deck Films,1500.0,2014-02-21,2014-03-31
Q1 2014,9982,Demi-soeur,Rialto Pictures,943.0,2014-02-07,2014-03-31
Q1 2014,9989,Southern Baptist Sissies,The Film Collaborative,27410.0,2014-02-21,2014-03-31
Q1 2014,9992,Peter Brook: The Tightrope,First Run,18105.0,2014-01-31,2014-03-31
Q1 2014,10000,Skinless,Phantom Pain Films,400.0,2014-03-08,2014-03-31
Q1 2014,10013,The Jewish Cardinal,Film Movement,129685.0,2014-01-10,2014-03-31
Q2 2014,9269,Captain America: The Winter Soldier,Walt Disney Studios Motion Pictures,255447104.0,2014-04-04,2014-06-30
Q2 2014,9270,Transformers: Age of Extinction,Paramount Pictures,245439076.0,2014-06-27,2014-06-30
Q2 2014,9271,Maleficent,Walt Disney Studios Motion Pictures,241410378.0,2014-05-30,2014-06-30
Q2 2014,9272,X-Men: Days of Future Past,Twentieth Century Fox,233904517.0,2014-05-23,2014-06-30
Q2 2014,9275,The Amazing Spider-Man 2,Sony Pictures Releasing,202853933.0,2014-05-02,2014-06-30
Q2 2014,9276,Godzilla,Warner Bros.,200676069.0,2014-05-16,2014-06-30
Q2 2014,9277,22 Jump Street,Sony Pictures Releasing,191719337.0,2014-06-13,2014-06-30
Q2 2014,9281,How to Train Your Dragon 2,Twentieth Century Fox,176983845.0,2014-06-13,2014-06-30
Q2 2014,9284,Neighbors,Universal Pictures,150157400.0,2014-05-09,2014-06-30
Q2 2014,9287,Rio 2,Twentieth Century Fox,131492458.0,2014-04-11,2014-06-30
Q2 2014,9290,The Fault in Our Stars,Twentieth Century Fox,124872350.0,2014-06-06,2014-06-30
Q2 2014,9296,Edge of Tomorrow,Warner Bros.,100206256.0,2014-06-06,2014-06-30
Q2 2014,9303,The Other Woman,Twentieth Century Fox,83882172.0,2014-04-25,2014-06-30
Q2 2014,9312,Think Like a Man Too,Screen Gems,65182182.0,2014-06-20,2014-06-30
Q2 2014,9337,Jersey Boys,Warner Bros.,47047013.0,2014-06-20,2014-06-30
Q2 2014,9339,Blended,Warner Bros.,46294610.0,2014-05-23,2014-06-30
Q2 2014,9342,A Million Ways to Die in the West,Universal Pictures,43139300.0,2014-05-30,2014-06-30
Q2 2014,9353,Million Dollar Arm,Walt Disney Studios Motion Pictures,33864148.0,2014-05-16,2014-06-30
Q2 2014,9356,Chef,Open Road Films (II),31424003.0,2014-05-09,2014-06-30
Q2 2014,9362,Draft Day,Lionsgate,28842237.0,2014-04-11,2014-06-30
Q2 2014,9363,Oculus,Relativity Media,27695246.0,2014-04-11,2014-06-30
Q2 2014,9374,Transcendence,Warner Bros.,23022309.0,2014-04-18,2014-06-30
Q2 2014,9378,Brick Mansions,Relativity Media,20396829.0,2014-04-25,2014-06-30
Q2 2014,9387,A Haunted House 2,Open Road Films (II),17329486.0,2014-04-18,2014-06-30
Q2 2014,9389,Bears,Walt Disney Studios Motion Pictures,17047651.0,2014-04-18,2014-06-30
Q2 2014,9390,Begin Again,The Weinstein Company,16170632.0,2014-06-27,2014-06-30
Q2 2014,9397,America: Imagine the World Without Her,Lionsgate,14444502.0,2014-06-27,2014-06-30
Q2 2014,9407,Belle,Fox Searchlight Pictures,10614444.0,2014-05-02,2014-06-30
Q2 2014,9412,The Quiet Ones,Lionsgate,8509867.0,2014-04-25,2014-06-30
Q2 2014,9413,Legends of Oz: Dorothy's Return,Clarius Entertainment,8462347.0,2014-05-09,2014-06-30
Q2 2014,9414,Island of Lemurs: Madagascar,Warner Bros.,11269209.0,2014-04-04,2014-06-30
Q2 2014,9429,Snowpiercer,RADiUS-TWC,4563650.0,2014-06-27,2014-06-30
Q2 2014,9431,The Railway Man,The Weinstein Company,4438438.0,2014-04-11,2014-06-30
Q2 2014,9435,Fading Gigolo,Millennium Entertainment,3769873.0,2014-04-18,2014-06-30
Q2 2014,9441,The Grand Seduction,Entertainment One,3430018.0,2014-05-23,2014-06-30
Q2 2014,9447,Obvious Child,A24,3123963.0,2014-06-06,2014-06-30
Q2 2014,9452,Space Station 3D,IMAX,93379882.0,2014-04-19,2014-06-30
Q2 2014,9456,Under the Skin,A24,2614251.0,2014-04-04,2014-06-30
Q2 2014,9462,2 States,UTV Motion Pictures,2238174.0,2014-04-18,2014-06-30
Q2 2014,9468,Words and Pictures,Roadside Attractions,2171257.0,2014-05-23,2014-06-30
Q2 2014,9472,The Immigrant,The Weinstein Company,2025328.0,2014-05-16,2014-06-30
Q2 2014,9473,Only Lovers Left Alive,Sony Pictures Classics,1879534.0,2014-04-11,2014-06-30
Q2 2014,9480,Fed Up,RADiUS-TWC,1538899.0,2014-05-09,2014-06-30
Q2 2014,9482,Locke,A24,1375769.0,2014-04-25,2014-06-30
Q2 2014,9497,The Rover,A24,1114423.0,2014-06-13,2014-06-30
Q2 2014,9502,Third Person,Sony Pictures Classics,1021398.0,2014-06-20,2014-06-30
Q2 2014,9509,Born to Be Wild,Warner Bros.,25921547.0,2014-04-08,2014-06-30
Q2 2014,9519,Ek Villain,Eros International,730530.0,2014-06-27,2014-06-30
Q2 2014,9521,Yves Saint Laurent,The Weinstein Company,723593.0,2014-06-25,2014-06-30
Q2 2014,9523,Holiday,Reliance Big Pictures,706893.0,2014-06-06,2014-06-30
Q2 2014,9525,Frankie & Alice2014 Re-release,Lionsgate,695876.0,2014-04-04,2014-06-30
Q2 2014,9534,The Signal,Focus Features,600896.0,2014-06-13,2014-06-30
Q2 2014,9547,Dom Hemingway,Fox Searchlight Pictures,509530.0,2014-04-02,2014-06-30
Q2 2014,9549,To the Arctic 3D,Warner Bros.,14553890.0,2014-04-20,2014-06-30
Q2 2014,9557,The German Doctor,The Samuel Goldwyn Company,418392.0,2014-04-25,2014-06-30
Q2 2014,9561,Joe,Roadside Attractions,373375.0,2014-04-11,2014-06-30
Q2 2014,9565,Le Chef,Cohen Media Group,342667.0,2014-06-20,2014-06-30
Q2 2014,9567,Chinese Puzzle,Cohen Media Group,338523.0,2014-05-16,2014-06-30
Q2 2014,9569,Nymphomaniac: Vol. II,Magnolia Pictures,327167.0,2014-04-04,2014-06-30
Q2 2014,9573,The Hornet's Nest,Freestyle Releasing,312706.0,2014-05-09,2014-06-30
Q2 2014,9577,The Dance of Reality,ABKCO Films,293680.0,2014-05-23,2014-06-30
Q2 2014,9583,I'm Your Hero,Eros International,274579.0,2014-04-04,2014-06-30
Q2 2014,9595,Blue Ruin,RADiUS-TWC,258384.0,2014-04-25,2014-06-30
Q2 2014,9601,Supermensch: The Legend of Shep Gordon,RADiUS-TWC,213064.0,2014-06-06,2014-06-30
Q2 2014,9602,The Unknown Known,RADiUS-TWC,276497.0,2014-04-04,2014-06-30
Q2 2014,9604,The Breakup Guru,China Lion Film Distribution,208959.0,2014-06-27,2014-06-30
Q2 2014,9608,Jinn,Freestyle Releasing,202348.0,2014-04-04,2014-06-30
Q2 2014,9610,The Double,Magnolia Pictures,200406.0,2014-05-09,2014-06-30
Q2 2014,9614,Code Black,Long Shot Factory,190229.0,2014-06-20,2014-06-30
Q2 2014,9618,We Are the Best!,Magnolia Pictures,180590.0,2014-05-30,2014-06-30
Q2 2014,9621,That Demon Within,China Lion Film Distribution,172343.0,2014-04-18,2014-06-30
Q2 2014,9627,Citizen Koch,Variance Films,153908.0,2014-06-06,2014-06-30
Q2 2014,9628,A Coffee in Berlin,Music Box Films,150275.0,2014-06-13,2014-06-30
Q2 2014,9630,Alan Partridge,Magnolia Pictures,153426.0,2014-04-04,2014-06-30
Q2 2014,9631,Godzilla2014 Re-release,Rialto Pictures,147782.0,2014-04-18,2014-06-30
Q2 2014,9636,20 Feet from Stardom,RADiUS-TWC,4946445.0,2014-06-14,2014-06-30
Q2 2014,9639,Make Your Move,High Top Releasing,125106.0,2014-04-18,2014-06-30
Q2 2014,9641,Afflicted,CBS Films,121179.0,2014-04-04,2014-06-30
Q2 2014,9644,Penton: The John Penton Story,GathrFilms,111213.0,2014-06-23,2014-06-30
Q2 2014,9647,Korengal,Saboteur Media,101310.0,2014-05-30,2014-06-30
Q2 2014,9652,Cuban Fury2014 Re-release,Entertainment One,92384.0,2014-04-11,2014-06-30
Q2 2014,9659,Watermark,Entertainment One,84464.0,2014-04-04,2014-06-30
Q2 2014,9665,Whitey: United States of America v. James J. Bulger,Magnolia Pictures,75881.0,2014-06-27,2014-06-30
Q2 2014,9667,Kochadaiiyaan,Eros International,657727.0,2014-05-23,2014-06-30
Q2 2014,9673,For No Good Reason,Sony Pictures Classics,67421.0,2014-04-25,2014-06-30
Q2 2014,9676,Heropanti,UTV Motion Pictures,63649.0,2014-05-23,2014-06-30
Q2 2014,9677,No Tears for the Dead,CJ Entertainment,63063.0,2014-06-13,2014-06-30
Q2 2014,9678,The Last Sentence,Music Box Films,62506.0,2014-06-20,2014-06-30
Q2 2014,9681,Walk of Shame,Focus World,59209.0,2014-05-02,2014-06-30
Q2 2014,9686,Borgman,Drafthouse Films,57474.0,2014-06-06,2014-06-30
Q2 2014,9694,Ping Pong Summer,Gravitas Ventures,52909.0,2014-06-06,2014-06-30
Q2 2014,9700,NOW: In the Wings on a World Stage,Spacey,49591.0,2014-05-02,2014-06-30
Q2 2014,9701,Lucky Them,IFC Films,48995.0,2014-05-30,2014-06-30
Q2 2014,9704,Decoding Annie Parker,Entertainment One,48390.0,2014-05-02,2014-06-30
Q2 2014,9707,Filmistaan,UTV Motion Pictures,45406.0,2014-06-06,2014-06-30
Q2 2014,9709,Ai Weiwei: The Fake Case,International Film Circuit,45255.0,2014-05-16,2014-06-30
Q2 2014,9714,Next Goal Wins,Ketchup Entertainment,43089.0,2014-04-25,2014-06-30
Q2 2014,9723,Under the Electric Sky,Focus Features,37116.0,2014-05-29,2014-06-30
Q2 2014,9727,Beneath the Harvest Sky,Tribeca Film,34768.0,2014-04-25,2014-06-30
Q2 2014,9730,Filth,Magnolia Pictures,34411.0,2014-05-30,2014-06-30
Q2 2014,9742,The Love Punch,Ketchup Entertainment,266588.0,2014-05-23,2014-06-30
Q2 2014,9756,Elena,Variance Films,25788.0,2014-05-30,2014-06-30
Q2 2014,9758,Emoticon ;),Indican Pictures,23881.0,2014-05-30,2014-06-30
Q2 2014,9766,Bright Days Ahead2013 Re-release,Tribeca Film,21770.0,2014-04-25,2014-06-30
Q2 2014,9770,The Past is a Grotesque Animal,Oscilloscope,20056.0,2014-06-16,2014-06-30
Q2 2014,9778,Tasting Menu,Magnolia Pictures,18686.0,2014-04-18,2014-06-30
Q2 2014,9782,Tosca's Kiss,Icarus Films,18236.0,2014-06-06,2014-06-30
Q2 2014,9784,Accident2014 Re-release,Rialto Pictures,17161.0,2014-05-23,2014-06-30
Q2 2014,9789,Last Passenger,Cohen Media Group,14806.0,2014-04-25,2014-06-30
Q2 2014,9791,On Tour with Pina Bausch,Icarus Films,18016.0,2014-04-04,2014-06-30
Q2 2014,9792,13 Sins,RADiUS-TWC,13809.0,2014-04-18,2014-06-30
Q2 2014,9799,Sol LeWitt,Icarus Films,13146.0,2014-05-07,2014-06-30
Q2 2014,9804,Museum Hours,The Cinema Guild,558593.0,2014-06-28,2014-06-30
Q2 2014,9809,Queen Margot2014 Re-release,Cohen Media Group,12005.0,2014-05-09,2014-06-30
Q2 2014,9811,Living Is Easy with Eyes Closed,Outsider Pictures,11600.0,2014-06-27,2014-06-30
Q2 2014,9814,The Final Member,Drafthouse Films,11428.0,2014-04-18,2014-06-30
Q2 2014,9815,The Amazing Catfish,Strand Releasing,11342.0,2014-06-13,2014-06-30
Q2 2014,9818,Policeman,Corinth Films,11263.0,2014-06-13,2014-06-30
Q2 2014,9821,The Players,The Weinstein Company,10854.0,2014-04-04,2014-06-30
Q2 2014,9828,On the Other Side of the Tracks,The Weinstein Company,9572.0,2014-04-04,2014-06-30
Q2 2014,9829,In the House of Flies,Parade Deck Films,9480.0,2014-05-09,2014-06-30
Q2 2014,9830,The Pleasures of Being Out of Step,First Run,12735.0,2014-05-16,2014-06-30
Q2 2014,9831,Radio Free Albemuth,Freestyle Releasing,9365.0,2014-06-27,2014-06-30
Q2 2014,9835,The Sacrament,Magnolia Pictures,9221.0,2014-06-06,2014-06-30
Q2 2014,9843,Free the Mind,International Film Circuit,155748.0,2014-05-03,2014-06-30
Q2 2014,9844,Next Year Jerusalem,First Run,8093.0,2014-05-16,2014-06-30
Q2 2014,9846,Rigor Mortis,Well Go USA Entertainment,7865.0,2014-06-06,2014-06-30
Q2 2014,9854,Stage Fright,Magnolia Pictures,7078.0,2014-05-09,2014-06-30
Q2 2014,9856,Gringo Trails,Icarus Films,8349.0,2014-04-19,2014-06-30
Q2 2014,9863,More Than Honey,Kino Lorber,79402.0,2014-06-12,2014-06-30
Q2 2014,9875,"2 Autumns, 3 Winters",Film Movement,5819.0,2014-06-06,2014-06-30
Q2 2014,9877,Burning Bush,Kino Lorber,16731.0,2014-06-11,2014-06-30
Q2 2014,9880,Kid Cannabis,Well Go USA Entertainment,5565.0,2014-04-18,2014-06-30
Q2 2014,9881,Gabrielle,Entertainment One,5534.0,2014-04-18,2014-06-30
Q2 2014,9886,Manakamana,The Cinema Guild,27738.0,2014-04-18,2014-06-30
Q2 2014,9887,"Norte, the End of History",The Cinema Guild,10332.0,2014-06-20,2014-06-30
Q2 2014,9890,Nothing Bad Can Happen,Drafthouse Films,4870.0,2014-06-27,2014-06-30
Q2 2014,9893,Anna,Vertical Entertainment,4288.0,2014-06-06,2014-06-30
Q2 2014,9901,Stand Clear of the Closing Doors,Oscilloscope,15884.0,2014-05-23,2014-06-30
Q2 2014,9910,God's Pocket,IFC Films,169976.0,2014-05-09,2014-06-30
Q2 2014,9915,Walking with the Enemy,Liberty Studios,1091118.0,2014-04-25,2014-06-30
Q2 2014,9917,A Long Way Off,Moving Visions Entertainment,30104.0,2014-05-16,2014-06-30
Q2 2014,9920,Age of Uprising: The Legend of Michael Kohlhaas,Music Box Films,3313.0,2014-05-30,2014-06-30
Q2 2014,9921,Who Is Dayani Cristal?,Kino Lorber,17128.0,2014-04-25,2014-06-30
Q2 2014,9928,Before You Know It,The Film Collaborative,2817.0,2014-05-30,2014-06-30
Q2 2014,9938,Horses of God2014 Re-release,Kino Lorber,13570.0,2014-05-14,2014-06-30
Q2 2014,9943,Warrior King 2,Magnolia Pictures,2463.0,2014-05-02,2014-06-30
Q2 2014,9948,A Grin Without A Cat,Icarus Films,43616.0,2014-05-01,2014-06-30
Q2 2014,9958,Redwood Highway,Monterey Media,134049.0,2014-04-11,2014-06-30
Q2 2014,9962,You Ain't Seen Nothin' Yet,Kino Lorber,18527.0,2014-06-07,2014-06-30
Q2 2014,9968,Postman Pat,Shout! Factory,1519.0,2014-06-27,2014-06-30
Q2 2014,9972,Le Amiche,The Film Desk,68167.0,2014-06-18,2014-06-30
Q2 2014,9973,Summer2011 Re-release,The Film Desk,43323.0,2014-06-09,2014-06-30
Q2 2014,9976,La Camioneta: The Journey of One American School Bus,Follow Your Nose Films,17616.0,2014-05-31,2014-06-30
Q2 2014,9977,Exhibition,Kino Lorber,14214.0,2014-06-20,2014-06-30
Q2 2014,9983,A People Uncounted,First Run,930.0,2014-05-16,2014-06-30
Q2 2014,9988,Jackpot2014 Re-release,Doppelganger Releasing,806.0,2014-06-27,2014-06-30
Q2 2014,9990,Evergreen: The Road to Legalization,First Run,2299.0,2014-06-13,2014-06-30
Q2 2014,9991,Grand départ,Rialto Pictures,677.0,2014-05-23,2014-06-30
Q2 2014,10002,Ilo Ilo,Film Movement,41512.0,2014-04-04,2014-06-30
Q2 2014,10005,The Galapagos Affair: Satan Came to Eden,Zeitgeist Films,244792.0,2014-04-04,2014-06-30
Q2 2014,10009,For a Woman,Film Movement,25556.0,2014-05-02,2014-06-30
Q3 2014,9266,Guardians of the Galaxy,Walt Disney Studios Motion Pictures,333176600.0,2014-08-01,2014-09-30
Q3 2014,9273,Dawn of the Planet of the Apes,Twentieth Century Fox,208490841.0,2014-07-11,2014-09-30
Q3 2014,9278,Teenage Mutant Ninja Turtles,Paramount Pictures,191204754.0,2014-08-08,2014-09-30
Q3 2014,9288,Lucy,Universal Pictures,126663600.0,2014-07-25,2014-09-30
Q3 2014,9293,The Maze Runner,Twentieth Century Fox,102395496.0,2014-09-19,2014-09-30
Q3 2014,9295,The Equalizer,Sony Pictures Releasing,101530738.0,2014-09-26,2014-09-30
Q3 2014,9301,Tammy,Warner Bros.,84525432.0,2014-07-02,2014-09-30
Q3 2014,9305,Let's Be Cops,Twentieth Century Fox,82386141.0,2014-08-13,2014-09-30
Q3 2014,9309,Hercules,Paramount Pictures,72688614.0,2014-07-25,2014-09-30
Q3 2014,9310,The Purge: Anarchy,Universal Pictures,71962800.0,2014-07-18,2014-09-30
Q3 2014,9323,Planes: Fire & Rescue,Walt Disney Studios Motion Pictures,59165787.0,2014-07-18,2014-09-30
Q3 2014,9326,The Hundred-Foot Journey,Walt Disney Studios Motion Pictures,54240821.0,2014-08-08,2014-09-30
Q3 2014,9327,No Good Deed,Screen Gems,52543632.0,2014-09-12,2014-09-30
Q3 2014,9331,The Boxtrolls,Focus Features,50837305.0,2014-09-26,2014-09-30
Q3 2014,9332,If I Stay,Warner Bros.,50474843.0,2014-08-22,2014-09-30
Q3 2014,9336,Into the Storm,Warner Bros.,47602194.0,2014-08-08,2014-09-30
Q3 2014,9340,The Giver,The Weinstein Company,45090374.0,2014-08-15,2014-09-30
Q3 2014,9345,Dolphin Tale 2,Warner Bros.,42024533.0,2014-09-12,2014-09-30
Q3 2014,9346,The Expendables 3,Lionsgate,39322544.0,2014-08-15,2014-09-30
Q3 2014,9347,Earth to Echo,Relativity Media,38934842.0,2014-07-02,2014-09-30
Q3 2014,9348,Sex Tape,Sony Pictures Releasing,38543473.0,2014-07-18,2014-09-30
Q3 2014,9352,This Is Where I Leave You,Warner Bros.,34296320.0,2014-09-19,2014-09-30
Q3 2014,9357,Get on Up,Universal Pictures,30703100.0,2014-08-01,2014-09-30
Q3 2014,9359,Deliver Us from Evil,Screen Gems,30577122.0,2014-07-02,2014-09-30
Q3 2014,9366,A Walk Among the Tombstones,Universal Pictures,26307600.0,2014-09-19,2014-09-30
Q3 2014,9368,The November Man,Relativity Media,25018119.0,2014-08-27,2014-09-30
Q3 2014,9375,"As Above, So Below",Universal Pictures,21321100.0,2014-08-29,2014-09-30
Q3 2014,9388,A Most Wanted Man,Roadside Attractions,17237855.0,2014-07-25,2014-09-30
Q3 2014,9393,And So It Goes,Clarius Entertainment,15160801.0,2014-07-25,2014-09-30
Q3 2014,9394,Step Up All In,Lionsgate,14904384.0,2014-08-08,2014-09-30
Q3 2014,9406,The Drop,Fox Searchlight Pictures,10724389.0,2014-09-12,2014-09-30
Q3 2014,9408,Magic in the Moonlight,Sony Pictures Classics,10539326.0,2014-07-25,2014-09-30
Q3 2014,9419,Boyhood,IFC Films,25351617.0,2014-07-11,2014-09-30
Q3 2014,9421,Cantinflas,Lionsgate,6382924.0,2014-08-29,2014-09-30
Q3 2014,9426,The Skeleton Twins,Roadside Attractions,5284309.0,2014-09-12,2014-09-30
Q3 2014,9430,Jerusalem,National Geographic Entertainment,7186815.0,2014-09-13,2014-09-30
Q3 2014,9436,Wish I Was Here,Focus Features,3591299.0,2014-07-18,2014-09-30
Q3 2014,9437,Calvary,Fox Searchlight Pictures,3586375.0,2014-08-01,2014-09-30
Q3 2014,9438,Ghostbusters30th Anniversary Release,Sony Pictures Releasing,3580343.0,2014-08-29,2014-09-30
Q3 2014,9440,What If,CBS Films,3493000.0,2014-08-08,2014-09-30
Q3 2014,9443,Mommy,Roadside Attractions,3494070.0,2014-09-19,2014-09-30
Q3 2014,9449,Cloudy with a Chance of Meatballs 2,Sony Pictures Releasing,119793567.0,2014-09-27,2014-09-30
Q3 2014,9450,The Identical,Freestyle Releasing,2827666.0,2014-09-05,2014-09-30
Q3 2014,9451,The Fluffy Movie: Unity Through Laughter,Open Road Films (II),2827393.0,2014-07-25,2014-09-30
Q3 2014,9457,Dragon Ball Z: Battle of Gods,Screenvision,2553002.0,2014-08-05,2014-09-30
Q3 2014,9458,Kick,UTV Motion Pictures,2472695.0,2014-07-25,2014-09-30
Q3 2014,9461,Love Is Strange2014 Re-release,Sony Pictures Classics,2262223.0,2014-08-22,2014-09-30
Q3 2014,9474,My Old Lady,Cohen Media Group,4002803.0,2014-09-10,2014-09-30
Q3 2014,9475,Tusk,A24,1826705.0,2014-09-19,2014-09-30
Q3 2014,9478,Persecuted,Millennium Entertainment,1558836.0,2014-07-18,2014-09-30
Q3 2014,9479,Pride,CBS Films,1446634.0,2014-09-26,2014-09-30
Q3 2014,9488,Singham Returns,Eros International,1232018.0,2014-08-15,2014-09-30
Q3 2014,9493,Hector and the Search for Happiness,Relativity Media,1124445.0,2014-09-19,2014-09-30
Q3 2014,9498,The Captive,A24,1075178.0,2014-09-05,2014-09-30
Q3 2014,9501,The Remaining,Triumph Releasing Corporation,1169603.0,2014-09-05,2014-09-30
Q3 2014,9505,The Song,The Samuel Goldwyn Company,1009620.0,2014-09-26,2014-09-30
Q3 2014,9510,Darker Than Night,Lionsgate,870063.0,2014-09-26,2014-09-30
Q3 2014,9514,Life Itself,Magnolia Pictures,810454.0,2014-07-04,2014-09-30
Q3 2014,9520,Land Ho!,Sony Pictures Classics,727594.0,2014-07-11,2014-09-30
Q3 2014,9522,Khoobsurat,UTV Motion Pictures,710508.0,2014-09-19,2014-09-30
Q3 2014,9531,Frank,Magnolia Pictures,645186.0,2014-08-15,2014-09-30
Q3 2014,9533,Mary Kom,Eros International,621300.0,2014-09-05,2014-09-30
Q3 2014,9535,The Disappearance of Eleanor Rigby: Them,The Weinstein Company,587774.0,2014-09-12,2014-09-30
Q3 2014,9537,Forrest Gump2014 IMAX Release,Paramount Pictures,557683.0,2014-09-05,2014-09-30
Q3 2014,9543,Finding Fanny,FIP,515393.0,2014-09-12,2014-09-30
Q3 2014,9544,A Hard Day's Night2014 Re-release,Janus Films,515005.0,2014-07-04,2014-09-30
Q3 2014,9545,The One I Love,RADiUS-TWC,513447.0,2014-08-22,2014-09-30
Q3 2014,9546,Tracks,The Weinstein Company,510007.0,2014-09-19,2014-09-30
Q3 2014,9548,The Two Faces of January,Magnolia Pictures,507463.0,2014-09-26,2014-09-30
Q3 2014,9552,Lee Daniels' The Butler,The Weinstein Company,116632095.0,2014-08-16,2014-09-30
Q3 2014,9554,Last Days in Vietnam,American Experience Films,440031.0,2014-09-05,2014-09-30
Q3 2014,9555,But Always,China Lion Film Distribution,430760.0,2014-09-05,2014-09-30
Q3 2014,9558,Pirates,Well Go USA Entertainment,415775.0,2014-09-05,2014-09-30
Q3 2014,9559,Blue Jasmine,Sony Pictures Classics,33405481.0,2014-07-26,2014-09-30
Q3 2014,9560,The Bride of Humpty Sharma,Reliance Big Pictures,380011.0,2014-07-11,2014-09-30
Q3 2014,9566,Jimi: All Is by My Side,XLrator Media,340911.0,2014-09-26,2014-09-30
Q3 2014,9568,I Origins,Fox Searchlight Pictures,336472.0,2014-07-18,2014-09-30
Q3 2014,9574,A Five Star Life2014 Re-release,Music Box Films,306917.0,2014-07-18,2014-09-30
Q3 2014,9575,Mood Indigo,Drafthouse Films,303187.0,2014-07-18,2014-09-30
Q3 2014,9576,Innocence,JSC Entertainment,294039.0,2014-09-05,2014-09-30
Q3 2014,9579,The Last of Robin Hood,The Samuel Goldwyn Company,288545.0,2014-08-29,2014-09-30
Q3 2014,9581,Kundo: Age of the Rampant,Well Go USA Entertainment,280958.0,2014-08-29,2014-09-30
Q3 2014,9582,"20,000 Days on Earth",Drafthouse Films,279558.0,2014-09-17,2014-09-30
Q3 2014,9584,Despicable Me 2,Universal Pictures,368065385.0,2014-07-03,2014-09-30
Q3 2014,9585,Life of Crime,Roadside Attractions,265452.0,2014-08-29,2014-09-30
Q3 2014,9587,The Green Prince,Music Box Films,258237.0,2014-09-12,2014-09-30
Q3 2014,9588,The Zero Theorem,Amplify,257706.0,2014-09-19,2014-09-30
Q3 2014,9590,Alive Inside,Bond/360,256682.0,2014-07-18,2014-09-30
Q3 2014,9591,Tazza: The Hidden Card,CJ Entertainment,251555.0,2014-09-19,2014-09-30
Q3 2014,9594,Art and Craft,Oscilloscope,226584.0,2014-09-19,2014-09-30
Q3 2014,9607,I Am Eleven2014 Re-release,Proud Mother Pictures,310116.0,2014-09-12,2014-09-30
Q3 2014,9623,Keep on Keepin' On,RADiUS-TWC,163745.0,2014-09-19,2014-09-30
Q3 2014,9629,Atlas Shrugged: Who Is John Galt?,Atlas Distribution Company,611197.0,2014-09-12,2014-09-30
Q3 2014,9633,The Congress2013 Re-release,Drafthouse Films,137815.0,2014-08-29,2014-09-30
Q3 2014,9634,The Divine Move,CJ Entertainment,136707.0,2014-07-25,2014-09-30
Q3 2014,9635,When Comedy Went to School,International Film Circuit,367371.0,2014-07-31,2014-09-30
Q3 2014,9637,Raja Natwarlal,UTV Motion Pictures,131105.0,2014-08-29,2014-09-30
Q3 2014,9638,Björk: Biophilia Live,Cinema Purgatorio,127754.0,2014-09-26,2014-09-30
Q3 2014,9646,God Help the Girl,Amplify,102757.0,2014-09-05,2014-09-30
Q3 2014,9654,Pump,Submarine Deluxe,89787.0,2014-09-19,2014-09-30
Q3 2014,9657,Life After Beth,A24,88273.0,2014-08-15,2014-09-30
Q3 2014,9660,Rich Hill,The Orchard,110757.0,2014-08-01,2014-09-30
Q3 2014,9662,Fort McCoy,Monterey Media,78948.0,2014-08-15,2014-09-30
Q3 2014,9671,A Letter to Momo,GKIDS,70837.0,2014-07-23,2014-09-30
Q3 2014,9672,Take Me to the River,Abramorama,68598.0,2014-09-12,2014-09-30
Q3 2014,9674,The Notebook2013 Re-release,Sony Pictures Classics,66559.0,2014-08-29,2014-09-30
Q3 2014,9680,Frontera,Magnolia Pictures,59696.0,2014-09-05,2014-09-30
Q3 2014,9682,Flamenco Flamenco2014 Re-release,Dada Films,71732.0,2014-07-18,2014-09-30
Q3 2014,9683,Percy Jackson: Sea of Monsters,Twentieth Century Fox,68540619.0,2014-08-07,2014-09-30
Q3 2014,9688,Starred Up,Tribeca Film,54915.0,2014-08-27,2014-09-30
Q3 2014,9689,Cutie and the Boxer,RADiUS-TWC,189377.0,2014-08-16,2014-09-30
Q3 2014,9695,To Be Takei,Starz Digital Media,52823.0,2014-08-22,2014-09-30
Q3 2014,9696,Enough Said,Fox Searchlight Pictures,17517110.0,2014-09-18,2014-09-30
Q3 2014,9710,There's No Place Like Utopia,Rocky Mountain Pictures,45254.0,2014-07-18,2014-09-30
Q3 2014,9720,Child of God,Well Go USA Entertainment,39324.0,2014-08-01,2014-09-30
Q3 2014,9721,The Expedition to the End of the World,Argot Pictures,39115.0,2014-08-20,2014-09-30
Q3 2014,9724,Not Cool,Starz Digital Media,36026.0,2014-09-19,2014-09-30
Q3 2014,9726,That Man from Rio,Cohen Media Group,35144.0,2014-08-22,2014-09-30
Q3 2014,9728,This Ain't No Mouse Music,Argot Pictures,34754.0,2014-09-19,2014-09-30
Q3 2014,9744,Happy Christmas,Magnolia Pictures,30312.0,2014-07-25,2014-09-30
Q3 2014,9745,Yellow Day,Providence Film Partners,29656.0,2014-09-19,2014-09-30
Q3 2014,9746,Muscle Shoals,Magnolia Pictures,696241.0,2014-09-27,2014-09-30
Q3 2014,9749,Wadjda,Sony Pictures Classics,1347747.0,2014-09-13,2014-09-30
Q3 2014,9750,Closed Curtain,Variance Films,28098.0,2014-07-09,2014-09-30
Q3 2014,9752,The Act of Killing,Drafthouse Films,486919.0,2014-07-19,2014-09-30
Q3 2014,9754,Lilting,Strand Releasing,27054.0,2014-09-26,2014-09-30
Q3 2014,9760,Level Five,Icarus Films,27000.0,2014-08-15,2014-09-30
Q3 2014,9761,Video Games: The Movie,Variance Films,23043.0,2014-07-18,2014-09-30
Q3 2014,9765,May in the Summer,Cohen Media Group,22004.0,2014-08-22,2014-09-30
Q3 2014,9768,Lekar Hum Deewana Dil,Eros International,20874.0,2014-07-04,2014-09-30
Q3 2014,9774,Born to Fly: Elizabeth Streb vs. Gravity,The Film Collaborative,19377.0,2014-09-10,2014-09-30
Q3 2014,9779,Two Night Stand,Entertainment One,18612.0,2014-09-26,2014-09-30
Q3 2014,9783,The Homestretch,Kartemquin Films,17306.0,2014-09-12,2014-09-30
Q3 2014,9795,A Long Way Down,Magnolia Pictures,13347.0,2014-07-11,2014-09-30
Q3 2014,9796,Inequality for All,RADiUS-TWC,1205273.0,2014-09-27,2014-09-30
Q3 2014,9798,NightLights,Indican Pictures,20960.0,2014-08-29,2014-09-30
Q3 2014,9803,Boy Meets Girl,Carlotta Films,12589.0,2014-08-08,2014-09-30
Q3 2014,9810,Falcon Rising,Freestyle Releasing,11774.0,2014-09-05,2014-09-30
Q3 2014,9823,The Endless Summer,Monterey Media,10233.0,2014-07-23,2014-09-30
Q3 2014,9824,Kabbalah Me,First Run,9816.0,2014-08-22,2014-09-30
Q3 2014,9825,Fire in the Blood,International Film Circuit,28063.0,2014-09-06,2014-09-30
Q3 2014,9826,Through a Lens Darkly: Black Photographers and the Emergence of a People,First Run,64441.0,2014-08-27,2014-09-30
Q3 2014,9827,Contempt2013 Re-release,Rialto Pictures,43763.0,2014-09-06,2014-09-30
Q3 2014,9833,Honeymoon,Magnolia Pictures,9318.0,2014-09-12,2014-09-30
Q3 2014,9840,Red Hollywood,The Cinema Guild,8426.0,2014-08-15,2014-09-30
Q3 2014,9842,Don Jon,Relativity Media,24477704.0,2014-09-27,2014-09-30
Q3 2014,9847,Faith Connections,Kino Lorber,7772.0,2014-09-12,2014-09-30
Q3 2014,9848,Come Back to Me,Freestyle Releasing,7744.0,2014-07-25,2014-09-30
Q3 2014,9849,Iceman,Well Go USA Entertainment,7679.0,2014-09-19,2014-09-30
Q3 2014,9850,The Little Bedroom2014 Re-release,Cinema Libre Studio,7440.0,2014-09-26,2014-09-30
Q3 2014,9857,K2: Siren of the Himalayas,First Run,12959.0,2014-08-22,2014-09-30
Q3 2014,9858,Levitated Mass,First Run,15980.0,2014-09-05,2014-09-30
Q3 2014,9859,Very Good Girls,Well Go USA Entertainment,6940.0,2014-07-25,2014-09-30
Q3 2014,9874,The Family,Relativity Media,36918811.0,2014-09-13,2014-09-30
Q3 2014,9884,Justice Is Mind,The Ashton Times,14360.0,2014-08-18,2014-09-30
Q3 2014,9888,The Worst Movie Ever!,Driving With Our Eyes Shut,23696.0,2014-08-19,2014-09-30
Q3 2014,9895,Marius,Kino Lorber,8246.0,2014-07-04,2014-09-30
Q3 2014,9896,Thunder and the House of Magic,Shout! Factory,4091.0,2014-09-05,2014-09-30
Q3 2014,9900,Hollidaysburg,Starz Digital Media,3861.0,2014-09-19,2014-09-30
Q3 2014,9902,The Strange Color of Your Body's Tears,Strand Releasing,6888.0,2014-08-29,2014-09-30
Q3 2014,9903,Austenland,Sony Pictures Classics,2159041.0,2014-08-16,2014-09-30
Q3 2014,9905,Stop the Pounding Heart,Big World Pictures,3642.0,2014-09-19,2014-09-30
Q3 2014,9906,Dast-neveshtehaa nemisoosand,Kino Lorber,5267.0,2014-07-25,2014-09-30
Q3 2014,9914,Life's a Breeze2014 Re-release,Magnolia Pictures,3450.0,2014-09-19,2014-09-30
Q3 2014,9925,What Now? Remind Me,The Cinema Guild,3089.0,2014-08-08,2014-09-30
Q3 2014,9933,Le joli mai,Icarus Films,55038.0,2014-09-13,2014-09-30
Q3 2014,9934,The Mystery of Happiness,Strand Releasing,4904.0,2014-09-12,2014-09-30
Q3 2014,9939,Jake Squared,Freestyle Releasing,2592.0,2014-08-15,2014-09-30
Q3 2014,9944,Advanced Style,Bond/360,87879.0,2014-09-26,2014-09-30
Q3 2014,9945,Moebius,Film Movement,2340.0,2014-08-01,2014-09-30
Q3 2014,9950,Viola,The Cinema Guild,20776.0,2014-07-12,2014-09-30
Q3 2014,9952,Far from Vietnam,Icarus Films,8132.0,2014-08-28,2014-09-30
Q3 2014,9955,Stray Dogs,The Cinema Guild,9602.0,2014-09-12,2014-09-30
Q3 2014,9957,The Girl on the Train,Monterey Media,2186.0,2014-07-04,2014-09-30
Q3 2014,9960,Harry Dean Stanton: Partly Fiction,Adopt Films,23609.0,2014-09-13,2014-09-30
Q3 2014,9965,The Wicker Man2013 Re-release,Rialto Pictures,60891.0,2014-09-27,2014-09-30
Q3 2014,9970,Magnificent Desolation: Walking on the Moon 3D,IMAX,34136978.0,2014-09-23,2014-09-30
Q3 2014,9971,Ragnarok,Magnolia Pictures,1369.0,2014-08-22,2014-09-30
Q3 2014,9974,Mississippi Mermaid,The Film Desk,31413.0,2014-07-10,2014-09-30
Q3 2014,9975,Finding Fela!,Kino Lorber,120980.0,2014-08-01,2014-09-30
Q3 2014,9987,The Trials of Muhammad Ali,Kino Lorber,58470.0,2014-08-23,2014-09-30
Q3 2014,9993,Smiling Through the Apocalypse,First Run,4560.0,2014-09-12,2014-09-30
Q3 2014,9996,The Last Time I Saw Macao,The Cinema Guild,5641.0,2014-09-13,2014-09-30
Q3 2014,9997,Short Term 12,Cinedigm Entertainment Group,1008984.0,2014-08-23,2014-09-30
Q3 2014,9998,Four Adventures of Reinette and Mirabelle,The Film Desk,21632.0,2014-07-20,2014-09-30
Q3 2014,9999,Fanny,Kino Lorber,7964.0,2014-07-25,2014-09-30
Q3 2014,10004,Computer Chess,Kino Lorber,101718.0,2014-07-17,2014-09-30
Q3 2014,10006,Memphis,Kino Lorber,21232.0,2014-09-05,2014-09-30
Q3 2014,10007,K: Missing Kings,Eleven Arts,33201.0,2014-07-18,2014-09-30
Q3 2014,10011,The Conformist2014 Re-release,Kino Lorber,52879.0,2014-08-29,2014-09-30
Q4 2014,9267,The Hunger Games: Mockingjay - Part 1,Lionsgate,337135885.0,2014-11-21,2014-12-31
Q4 2014,9274,Big Hero 6,Walt Disney Studios Motion Pictures,222520426.0,2014-11-07,2014-12-31
Q4 2014,9279,The Hobbit: The Battle of the Five Armies,Warner Bros.,255119788.0,2014-12-17,2014-12-31
Q4 2014,9280,Interstellar,Paramount Pictures,188020017.0,2014-11-05,2014-12-31
Q4 2014,9282,Gone Girl,Twentieth Century Fox,167762331.0,2014-10-03,2014-12-31
Q4 2014,9285,Frozen,Walt Disney Studios Motion Pictures,400227936.0,2014-11-22,2014-12-31
Q4 2014,9289,Lone Survivor,Universal Pictures,125095601.0,2014-12-25,2014-12-31
Q4 2014,9299,Fury,Sony Pictures Releasing,85817906.0,2014-10-17,2014-12-31
Q4 2014,9300,Dumb and Dumber To,Universal Pictures,86208010.0,2014-11-14,2014-12-31
Q4 2014,9302,Annabelle,Warner Bros.,84273813.0,2014-10-03,2014-12-31
Q4 2014,9304,American Hustle,Sony Pictures Releasing,150117807.0,2014-12-13,2014-12-31
Q4 2014,9307,The Wolf of Wall Street,Paramount Pictures,116900694.0,2014-12-25,2014-12-31
Q4 2014,9308,Penguins of Madagascar,Twentieth Century Fox,83301343.0,2014-11-26,2014-12-31
Q4 2014,9311,Night at the Museum: Secret of the Tomb,Twentieth Century Fox,113663514.0,2014-12-19,2014-12-31
Q4 2014,9314,Into the Woods,Walt Disney Studios Motion Pictures,126735659.0,2014-12-25,2014-12-31
Q4 2014,9315,"Alexander and the Terrible, Horrible, No Good, Very Bad Day",Walt Disney Studios Motion Pictures,66954149.0,2014-10-10,2014-12-31
Q4 2014,9316,Unbroken,Universal Pictures,115637895.0,2014-12-25,2014-12-31
Q4 2014,9321,Annie,Sony Pictures Releasing,85911262.0,2014-12-19,2014-12-31
Q4 2014,9322,The Hobbit: The Desolation of Smaug,Warner Bros.,258366855.0,2014-12-13,2014-12-31
Q4 2014,9324,Dracula Untold,Universal Pictures,56280355.0,2014-10-10,2014-12-31
Q4 2014,9325,Exodus: Gods and Kings,Twentieth Century Fox,64988138.0,2014-12-12,2014-12-31
Q4 2014,9328,Horrible Bosses 2,Warner Bros.,54445357.0,2014-11-26,2014-12-31
Q4 2014,9329,Ouija,Universal Pictures,50856010.0,2014-10-24,2014-12-31
Q4 2014,9333,The Book of Life,Twentieth Century Fox,50086112.0,2014-10-17,2014-12-31
Q4 2014,9338,The Judge,Warner Bros.,47119388.0,2014-10-10,2014-12-31
Q4 2014,9341,St. Vincent,The Weinstein Company,44137712.0,2014-10-10,2014-12-31
Q4 2014,9343,John Wick,Lionsgate,43037835.0,2014-10-24,2014-12-31
Q4 2014,9349,August: Osage County,The Weinstein Company,37738810.0,2014-12-27,2014-12-31
Q4 2014,9350,Saving Mr. Banks,Walt Disney Studios Motion Pictures,81454218.0,2014-12-13,2014-12-31
Q4 2014,9351,Anchorman 2: The Legend Continues,Paramount Pictures,125168368.0,2014-12-18,2014-12-31
Q4 2014,9355,Nightcrawler,Open Road Films (II),32381217.0,2014-10-31,2014-12-31
Q4 2014,9361,The Hunger Games: Catching Fire,Lionsgate,424668047.0,2014-11-22,2014-12-31
Q4 2014,9364,The Best of Me,Relativity Media,26766213.0,2014-10-17,2014-12-31
Q4 2014,9365,The Secret Life of Walter Mitty,Twentieth Century Fox,58178353.0,2014-12-25,2014-12-31
Q4 2014,9369,Birdman or (The Unexpected Virtue of Ignorance),Fox Searchlight Pictures,42324225.0,2014-10-17,2014-12-31
Q4 2014,9370,Her,Warner Bros.,25568251.0,2014-12-18,2014-12-31
Q4 2014,9372,The Theory of Everything,Focus Features,35753877.0,2014-11-07,2014-12-31
Q4 2014,9376,Top Five,Paramount Pictures,25317471.0,2014-12-12,2014-12-31
Q4 2014,9377,Philomena,The Weinstein Company,37709979.0,2014-11-22,2014-12-31
Q4 2014,9379,The Imitation Game,The Weinstein Company,91125683.0,2014-11-28,2014-12-31
Q4 2014,9380,Wild,Fox Searchlight Pictures,37772871.0,2014-12-03,2014-12-31
Q4 2014,9381,Gravity,Warner Bros.,274092705.0,2014-10-04,2014-12-31
Q4 2014,9383,The Gambler,Paramount Pictures,33680992.0,2014-12-25,2014-12-31
Q4 2014,9385,12 Years a Slave,Fox Searchlight Pictures,56634802.0,2014-10-18,2014-12-31
Q4 2014,9386,Addicted,Lionsgate,17390770.0,2014-10-10,2014-12-31
Q4 2014,9395,Beyond the Lights,Relativity Media,14618727.0,2014-11-14,2014-12-31
Q4 2014,9396,47 Ronin,Universal Pictures,38362475.0,2014-12-25,2014-12-31
Q4 2014,9398,Left Behind,Freestyle Releasing,14019924.0,2014-10-03,2014-12-31
Q4 2014,9400,Grudge Match,Warner Bros.,29807260.0,2014-12-25,2014-12-31
Q4 2014,9403,Walking with Dinosaurs 3D,Twentieth Century Fox,36059762.0,2014-12-20,2014-12-31
Q4 2014,9404,Nebraska,Paramount Pictures,17654912.0,2014-11-15,2014-12-31
Q4 2014,9405,Dallas Buyers Club,Focus Features,27298285.0,2014-11-01,2014-12-31
Q4 2014,9411,PK,UTV Motion Pictures,10616104.0,2014-12-19,2014-12-31
Q4 2014,9415,Inside Llewyn Davis,CBS Films,13235319.0,2014-12-06,2014-12-31
Q4 2014,9418,A Madea Christmas,Lionsgate,52543354.0,2014-12-13,2014-12-31
Q4 2014,9420,Foxcatcher,Sony Pictures Classics,12096300.0,2014-11-14,2014-12-31
Q4 2014,9422,Big Eyes,The Weinstein Company,14482031.0,2014-12-25,2014-12-31
Q4 2014,9423,Meet the Mormons,Purdie Distribution,6047363.0,2014-10-10,2014-12-31
Q4 2014,9424,Whiplash,Sony Pictures Classics,13092000.0,2014-10-10,2014-12-31
Q4 2014,9427,Journey to the South Pacific,IMAX,7642450.0,2014-11-27,2014-12-31
Q4 2014,9432,Dear White People,Roadside Attractions,4404154.0,2014-10-17,2014-12-31
Q4 2014,9439,The Interview,Sony Pictures Releasing,6105175.0,2014-12-25,2014-12-31
Q4 2014,9444,Before I Go to Sleep,Clarius Entertainment,3242457.0,2014-10-31,2014-12-31
Q4 2014,9445,The Book Thief,Twentieth Century Fox,21415417.0,2014-11-08,2014-12-31
Q4 2014,9446,Rosewater,Open Road Films (II),3128941.0,2014-11-14,2014-12-31
Q4 2014,9448,Mandela: Long Walk to Freedom,The Weinstein Company,8323085.0,2014-11-29,2014-12-31
Q4 2014,9453,The Good Lie,Warner Bros.,2722209.0,2014-10-03,2014-12-31
Q4 2014,9454,The Pyramid,Twentieth Century Fox,2709280.0,2014-12-05,2014-12-31
Q4 2014,9459,Kill the Messenger,Focus Features,2450846.0,2014-10-10,2014-12-31
Q4 2014,9460,Captain Phillips,Sony Pictures Releasing,107100855.0,2014-10-11,2014-12-31
Q4 2014,9464,The Homesman,Saban Films,2429989.0,2014-11-14,2014-12-31
Q4 2014,9466,Citizenfour,RADiUS-TWC,2800870.0,2014-10-24,2014-12-31
Q4 2014,9470,Bang Bang,FIP,2546172.0,2014-10-02,2014-12-31
Q4 2014,9471,The Great Beauty,Janus Films,2852400.0,2014-11-15,2014-12-31
Q4 2014,9481,Thor: The Dark World,Walt Disney Studios Motion Pictures,204041762.0,2014-11-08,2014-12-31
Q4 2014,9484,American Sniper,Warner Bros.,350126372.0,2014-12-25,2014-12-31
Q4 2014,9485,Justin Bieber's Believe,Open Road Films (II),6206566.0,2014-12-25,2014-12-31
Q4 2014,9487,The Past,Sony Pictures Classics,1331747.0,2014-12-20,2014-12-31
Q4 2014,9489,Free Birds,Relativity Media,55750480.0,2014-11-01,2014-12-31
Q4 2014,9490,Selma,Paramount Pictures,52076908.0,2014-12-25,2014-12-31
Q4 2014,9492,The Invisible Woman,Sony Pictures Classics,1234254.0,2014-12-25,2014-12-31
Q4 2014,9494,Last Vegas,CBS Films,63914167.0,2014-11-01,2014-12-31
Q4 2014,9495,Force Majeure,Magnolia Pictures,1359497.0,2014-10-24,2014-12-31
Q4 2014,9496,Inherent Vice,Warner Bros.,8110975.0,2014-12-12,2014-12-31
Q4 2014,9499,Laggies,A24,1066981.0,2014-10-24,2014-12-31
Q4 2014,9500,Haider,UTV Motion Pictures,1048143.0,2014-10-02,2014-12-31
Q4 2014,9511,Saving Christmas,The Samuel Goldwyn Company,2771509.0,2014-11-14,2014-12-31
Q4 2014,9513,Saw10th Anniversary Release,Lionsgate,815324.0,2014-10-31,2014-12-31
Q4 2014,9516,Breakup Buddies,China Lion Film Distribution,777896.0,2014-10-03,2014-12-31
Q4 2014,9518,Mr. Turner,Sony Pictures Classics,3958500.0,2014-12-19,2014-12-31
Q4 2014,9524,"Men, Women & Children",Paramount Pictures,705908.0,2014-10-01,2014-12-31
Q4 2014,9527,Bad Grandpa,Paramount Pictures,102003019.0,2014-10-25,2014-12-31
Q4 2014,9528,The Babadook,IFC Films,964413.0,2014-11-28,2014-12-31
Q4 2014,9532,The Saratov Approach,Purdie Distribution,2146999.0,2014-10-09,2014-12-31
Q4 2014,9536,The Tale of The Princess Kaguya,GKIDS,703232.0,2014-10-17,2014-12-31
Q4 2014,9539,Cong cong na nian,China Lion Film Distribution,569280.0,2014-12-12,2014-12-31
Q4 2014,9540,23 Blast,Ocean Avenue Entertainment,549185.0,2014-10-24,2014-12-31
Q4 2014,9541,On Any Sunday: The Next Chapter,Hannover House,543044.0,2014-11-07,2014-12-31
Q4 2014,9551,Ender's Game,Lionsgate,61737191.0,2014-11-01,2014-12-31
Q4 2014,9562,Women Who Flirt,China Lion Film Distribution,375495.0,2014-11-26,2014-12-31
Q4 2014,9563,Glen Campbell: I'll Be Me,Area 23a,365422.0,2014-10-24,2014-12-31
Q4 2014,9571,Horns,RADiUS-TWC,173948.0,2014-10-31,2014-12-31
Q4 2014,9572,Happy Ending,Eros International,313770.0,2014-11-21,2014-12-31
Q4 2014,9578,All Is Lost,Roadside Attractions,6263670.0,2014-10-18,2014-12-31
Q4 2014,9580,Elsa & Fred,Millennium Entertainment,285863.0,2014-11-07,2014-12-31
Q4 2014,9589,Action Jackson,Eros International,256872.0,2014-12-05,2014-12-31
Q4 2014,9592,A Matter of Faith,Five & Two Pictures,678753.0,2014-10-17,2014-12-31
Q4 2014,9596,Dr. Cabbie,Eros International,225490.0,2014-11-26,2014-12-31
Q4 2014,9597,Diplomacy,Zeitgeist Films,230880.0,2014-10-15,2014-12-31
Q4 2014,9599,Wei ai zhi jian ru jia jing,China Lion Film Distribution,271734.0,2014-12-24,2014-12-31
Q4 2014,9600,Antarctica: A Year on Ice,Music Box Films,271744.0,2014-11-28,2014-12-31
Q4 2014,9603,The Best Man Holiday,Universal Pictures,70525195.0,2014-11-15,2014-12-31
Q4 2014,9611,Delivery Man,Walt Disney Studios Motion Pictures,29904680.0,2014-11-22,2014-12-31
Q4 2014,9612,Goodbye to Language,Kino Lorber,401889.0,2014-10-24,2014-12-31
Q4 2014,9613,Out of the Furnace,Relativity Media,11330849.0,2014-12-04,2014-12-31
Q4 2014,9615,National Gallery,Zipporah Films,253941.0,2014-11-05,2014-12-31
Q4 2014,9616,Listen Up Philip,Tribeca Film,188486.0,2014-10-17,2014-12-31
Q4 2014,9617,Blue Is the Warmest Color,IFC Films,2199787.0,2014-10-25,2014-12-31
Q4 2014,9622,Nas: Time Is Illmatic,Tribeca Film,164540.0,2014-10-01,2014-12-31
Q4 2014,9625,A Girl Walks Home Alone at Night,Kino Lorber,491910.0,2014-11-21,2014-12-31
Q4 2014,9626,Escape Plan,Lionsgate,25135965.0,2014-10-18,2014-12-31
Q4 2014,9642,Personal Tailor,China Lion Film Distribution,375892.0,2014-12-20,2014-12-31
Q4 2014,9643,A Most Violent Year,A24,5749134.0,2014-12-31,2014-12-31
Q4 2014,9648,One Chance,The Weinstein Company,101196.0,2014-10-10,2014-12-31
Q4 2014,9649,The Overnighters,Drafthouse Films,110763.0,2014-10-10,2014-12-31
Q4 2014,9651,The Way He Looks,Strand Releasing,99612.0,2014-11-07,2014-12-31
Q4 2014,9658,Hiroshima Mon Amour2014 Re-release,Rialto Pictures,96439.0,2014-10-17,2014-12-31
Q4 2014,9661,Kill Your Darlings,Sony Pictures Classics,1030064.0,2014-10-16,2014-12-31
Q4 2014,9664,I Am Divine,The Film Collaborative,79307.0,2014-10-11,2014-12-31
Q4 2014,9669,Zero Motivation,Zeitgeist Films,110957.0,2014-12-03,2014-12-31
Q4 2014,9670,The Better Angels,Amplify,70918.0,2014-11-07,2014-12-31
Q4 2014,9684,The One I Wrote for You,Abramorama,58872.0,2014-12-05,2014-12-31
Q4 2014,9685,Rudderless,The Samuel Goldwyn Company,58293.0,2014-10-17,2014-12-31
Q4 2014,9690,Sweet Dreams,International Film Circuit,58836.0,2014-11-01,2014-12-31
Q4 2014,9691,Low Down,Oscilloscope,54051.0,2014-10-24,2014-12-31
Q4 2014,9692,"1,000 Times Good Night",Film Movement,53895.0,2014-10-24,2014-12-31
Q4 2014,9697,Song of the Sea,GKIDS,857522.0,2014-12-19,2014-12-31
Q4 2014,9699,The Armstrong Lie,Sony Pictures Classics,383294.0,2014-11-08,2014-12-31
Q4 2014,9705,Leviathan,Sony Pictures Classics,1092800.0,2014-12-25,2014-12-31
Q4 2014,9712,T-Rex: Back to the Cretaceous,IMAX,53354743.0,2014-10-23,2014-12-31
Q4 2014,9716,She's Beautiful When She's Angry,International Film Circuit,421573.0,2014-12-05,2014-12-31
Q4 2014,9717,Galapagos,IMAX,18627957.0,2014-10-29,2014-12-31
Q4 2014,9722,Dead Snow 2: Red vs. Dead,Well Go USA Entertainment,37473.0,2014-10-10,2014-12-31
Q4 2014,9725,Homefront,Open Road Films (II),20158898.0,2014-11-27,2014-12-31
Q4 2014,9731,White Bird in a Blizzard,Magnolia Pictures,33821.0,2014-10-24,2014-12-31
Q4 2014,9733,Rakuen Tsuiho: Expelled from Paradise,Eleven Arts,33760.0,2014-12-13,2014-12-31
Q4 2014,9737,Six Dance Lessons in Six Weeks,Dada Films,54144.0,2014-12-12,2014-12-31
Q4 2014,9738,Le Jour Se Leve,Rialto Pictures,35321.0,2014-11-14,2014-12-31
Q4 2014,9739,The Hero of Color City,Magnolia Pictures,32188.0,2014-10-03,2014-12-31
Q4 2014,9741,Go for Sisters,Variance Films,67949.0,2014-11-08,2014-12-31
Q4 2014,9753,Monk with a Camera,Kino Lorber,45938.0,2014-11-21,2014-12-31
Q4 2014,9757,Christian Mingle,Rocky Mountain Pictures,25480.0,2014-10-10,2014-12-31
Q4 2014,9759,Happy Valley,Music Box Films,23868.0,2014-11-21,2014-12-31
Q4 2014,9762,A Touch of Sin,Kino Lorber,154005.0,2014-10-04,2014-12-31
Q4 2014,9764,The King and the Mockingbird2014 Re-release,Rialto Pictures,27513.0,2014-11-21,2014-12-31
Q4 2014,9767,The Liberator,Cohen Media Group,90988.0,2014-10-03,2014-12-31
Q4 2014,9773,Uzumasa Limelight,Eleven Arts,19453.0,2014-12-05,2014-12-31
Q4 2014,9776,Ode to My Father,CJ Entertainment,2300121.0,2014-12-25,2014-12-31
Q4 2014,9777,Why Don't You Play in Hell?,Drafthouse Films,18862.0,2014-11-07,2014-12-31
Q4 2014,9780,The Passionate Thief,Rialto Pictures,31539.0,2014-12-05,2014-12-31
Q4 2014,9786,The Sacrifice2014 Re-release,Kino Lorber,16503.0,2014-11-12,2014-12-31
Q4 2014,9790,The Punk Singer,IFC Films,122742.0,2014-11-29,2014-12-31
Q4 2014,9797,A Tale of Winter,Big World Pictures,20848.0,2014-12-19,2014-12-31
Q4 2014,9802,Bhopal: A Prayer for Rain,Revolver Entertainment,12628.0,2014-11-07,2014-12-31
Q4 2014,9806,Wolves,Ketchup Entertainment,12139.0,2014-11-14,2014-12-31
Q4 2014,9812,You're Not You,Entertainment One,11486.0,2014-10-10,2014-12-31
Q4 2014,9813,The Great Invisible,RADiUS-TWC,11428.0,2014-10-29,2014-12-31
Q4 2014,9816,History of Jazz: Oxygen for the Ears,Indican Pictures,23048.0,2014-10-24,2014-12-31
Q4 2014,9822,The Christmas Candle,EchoLight Studios,2258620.0,2014-11-15,2014-12-31
Q4 2014,9832,Black Nativity,Fox Searchlight Pictures,7013679.0,2014-11-27,2014-12-31
Q4 2014,9834,Faust,Leisure Time Features,53329.0,2014-11-15,2014-12-31
Q4 2014,9836,Camille Claudel 1915,Kino Lorber,31742.0,2014-10-16,2014-12-31
Q4 2014,9837,The Cabinet of Dr. Caligari2014 Re-release,Kino Lorber,8811.0,2014-10-31,2014-12-31
Q4 2014,9851,Concerning Violence,Kino Lorber,12034.0,2014-12-05,2014-12-31
Q4 2014,9852,I Am Ali,Focus World,7205.0,2014-10-10,2014-12-31
Q4 2014,9853,ABCs of Death 2,Magnolia Pictures,7171.0,2014-10-31,2014-12-31
Q4 2014,9860,Pioneer,Magnolia Pictures,6871.0,2014-12-05,2014-12-31
Q4 2014,9866,Revenge of the Mekons,Music Box Films,8895.0,2014-10-29,2014-12-31
Q4 2014,9867,The Immortalists,GathrFilms,9331.0,2014-11-26,2014-12-31
Q4 2014,9868,Life Partners,Magnolia Pictures,8265.0,2014-12-05,2014-12-31
Q4 2014,9876,The Devil's Hand,Roadside Attractions,5746.0,2014-10-10,2014-12-31
Q4 2014,9883,Inside the Mind of Leonardo,Submarine Deluxe,10600.0,2014-12-19,2014-12-31
Q4 2014,9889,Magician: The Astonishing Life and Work of Orson Welles,Cohen Media Group,16400.0,2014-12-10,2014-12-31
Q4 2014,9894,The Bride Wore Black,The Film Desk,42324.0,2014-11-04,2014-12-31
Q4 2014,9897,Maidan,The Cinema Guild,3909.0,2014-12-12,2014-12-31
Q4 2014,9908,Evolution of a Criminal,The Film Collaborative,3568.0,2014-10-10,2014-12-31
Q4 2014,9912,The Hacker Wars,Vitagraph Films,3470.0,2014-10-17,2014-12-31
Q4 2014,9913,Aftermath,Freestyle Releasing,3451.0,2014-11-28,2014-12-31
Q4 2014,9916,The Counsellor,Twentieth Century Fox,16956136.0,2014-10-25,2014-12-31
Q4 2014,9919,Puella Magi Madoka Magica the Movie Part III: Rebellion,Eleven Arts,375627.0,2014-12-03,2014-12-31
Q4 2014,9922,Linsanity,Ketchup Entertainment,302645.0,2014-10-04,2014-12-31
Q4 2014,9923,Oldboy,FilmDistrict,2193658.0,2014-11-27,2014-12-31
Q4 2014,9924,Showrunners: The Art of Running a TV Show,Submarine Deluxe,3100.0,2014-10-31,2014-12-31
Q4 2014,9927,At Berkeley,Zipporah Films,29394.0,2014-11-08,2014-12-31
Q4 2014,9929,V/H/S Viral,Magnolia Pictures,2756.0,2014-11-21,2014-12-31
Q4 2014,9932,Tip Top,Kino Lorber,4611.0,2014-12-12,2014-12-31
Q4 2014,9941,"If You Don't, I Will",Film Movement,9209.0,2014-12-17,2014-12-31
Q4 2014,9942,The Wild Child,The Film Desk,64048.0,2014-11-07,2014-12-31
Q4 2014,9946,To Die Is Hard,Driving With Our Eyes Shut,4549.0,2014-12-17,2014-12-31
Q4 2014,9947,Missionary,Freestyle Releasing,2120.0,2014-10-31,2014-12-31
Q4 2014,9951,Mauvais Sang2013 Re-release,Carlotta Films,29728.0,2014-11-29,2014-12-31
Q4 2014,9953,Algorithms,First Run,2021.0,2014-10-17,2014-12-31
Q4 2014,9954,Cousin Jules,The Cinema Guild,19188.0,2014-11-29,2014-12-31
Q4 2014,9959,People of a Feather,First Run,5559.0,2014-11-08,2014-12-31
Q4 2014,9961,Here Comes the Devil,Magnolia Pictures,4534.0,2014-12-13,2014-12-31
Q4 2014,9963,The Last Days on Mars,Magnolia Pictures,24084.0,2014-12-06,2014-12-31
Q4 2014,9964,Mr. Pip,Freestyle Releasing,1714.0,2014-11-07,2014-12-31
Q4 2014,9978,The Tower,Music Box Films,1117.0,2014-11-07,2014-12-31
Q4 2014,9979,Anything for Alice,Rialto Pictures,1092.0,2014-12-17,2014-12-31
Q4 2014,9980,We Are the Giant,Music Box Films,1088.0,2014-12-12,2014-12-31
Q4 2014,9986,Trouble Every Day2013 Re-release,The Film Desk,7191.0,2014-10-11,2014-12-31
Q4 2014,9994,The End of Time,First Run,3284.0,2014-11-29,2014-12-31
Q4 2014,10003,Big Sur,Ketchup Entertainment,37466.0,2014-11-01,2014-12-31
Q4 2014,10008,Der Anständige,Kino Lorber,20240.0,2014-10-01,2014-12-31
Q4 2014,10010,Bettie Page Reveals All,Music Box Films,103365.0,2014-11-22,2014-12-31
Q4 2014,10012,What's in a Name?,Under The Milky Way,7785.0,2014-12-13,2014-12-31
