season,Unnamed: 0,movie,studio,gross,release,time
Q1 1999,1022,The Matrix,Warner Bros.,171479930.0,1999-03-31,1999-03-31
Q1 1999,1044,Forces of Nature,DreamWorks Distribution,52900680.0,1999-03-19,1999-03-31
Q1 1999,1055,Varsity Blues,Paramount Pictures,52894169.0,1999-01-15,1999-03-31
Q1 1999,1056,8MM,Sony Pictures Releasing,36663315.0,1999-02-26,1999-03-31
Q1 1999,1062,October Sky,Universal Pictures,32570685.0,1999-02-19,1999-03-31
Q1 1999,1083,Everest,MacGillivray Freeman Films,87178599.0,1999-03-06,1999-03-31
Q1 1999,1092,In Dreams,DreamWorks Distribution,12017369.0,1999-01-15,1999-03-31
Q1 1999,1118,Playing by Heart,Miramax,3970078.0,1999-01-01,1999-03-31
Q1 1999,1126,She's All That,Miramax,63366989.0,1999-01-29,1999-03-31
Q1 1999,1133,Tango,Sony Pictures Classics,1897948.0,1999-01-22,1999-03-31
Q1 1999,1140,My Favorite Martian,Walt Disney Studios Motion Pictures,36850101.0,1999-02-12,1999-03-31
Q1 1999,1184,Le dernier souffle,Lionsgate,316043.0,1999-03-26,1999-03-31
Q1 1999,1198,The Harmonists,Miramax,244861.0,1999-03-12,1999-03-31
Q1 1999,1202,Babar: King of the Elephants,Alliance Atlantis Vivafilm,227374.0,1999-02-26,1999-03-31
Q1 1999,1213,Cruel Intentions,Sony Pictures Releasing,38328567.0,1999-03-05,1999-03-31
Q1 1999,1214,Lal Baadshah,Eros International,150657.0,1999-03-05,1999-03-31
Q1 1999,1228,My Name Is Joe,Artisan Entertainment,354952.0,1999-01-22,1999-03-31
Q1 1999,1231,The Last Days,October Films,421432.0,1999-02-05,1999-03-31
Q1 1999,1232,200 Cigarettes,Paramount Pictures,6852450.0,1999-02-26,1999-03-31
Q1 1999,1241,Dancemaker,Artistic License,256780.0,1999-03-03,1999-03-31
Q1 1999,1249,Such a Long Journey,Sony Pictures Releasing,44364.0,1999-03-24,1999-03-31
Q1 1999,1251,International Khiladi,Eros International,47238.0,1999-03-26,1999-03-31
Q1 1999,1262,Beyond Beautiful,Cowboy Pictures,29480.0,1999-01-08,1999-03-31
Q1 1999,1273,The Apple,New Yorker Films,15207.0,1999-02-19,1999-03-31
Q1 1999,1274,Dry Cleaning,Strand Releasing,14919.0,1999-02-05,1999-03-31
Q1 1999,1275,The 24 Hour Woman,Artisan Entertainment,109535.0,1999-01-29,1999-03-31
Q1 1999,1288,I Stand Alone,Strand Releasing,6955.0,1999-03-19,1999-03-31
Q1 1999,1297,"A Cool, Dry Place",Twentieth Century Fox,4390.0,1999-01-29,1999-03-31
Q1 1999,1310,The Sticky Fingers of Time,Strand Releasing,1610.0,1999-01-08,1999-03-31
Q1 1999,1312,Port Djema,Shadow Distribution,783.0,1999-01-01,1999-03-31
Q2 1999,1019,Star Wars: Episode I - The Phantom Menace,Twentieth Century Fox,431088295.0,1999-05-19,1999-06-30
Q2 1999,1023,Big Daddy,Sony Pictures Releasing,163479795.0,1999-06-25,1999-06-30
Q2 1999,1024,The Mummy,Universal Pictures,155385488.0,1999-05-07,1999-06-30
Q2 1999,1026,Notting Hill,Universal Pictures,116089678.0,1999-05-28,1999-06-30
Q2 1999,1027,Wild Wild West,Warner Bros.,113764509.0,1999-06-30,1999-06-30
Q2 1999,1040,Life,Universal Pictures,64016268.0,1999-04-16,1999-06-30
Q2 1999,1046,"South Park: Bigger, Longer & Uncut",Paramount Pictures,52037603.0,1999-06-30,1999-06-30
Q2 1999,1077,Austin Powers: The Spy Who Shagged Me,New Line Cinema,206040086.0,1999-06-11,1999-06-30
Q2 1999,1094,The Thirteenth Floor,Sony Pictures Releasing,11916661.0,1999-05-28,1999-06-30
Q2 1999,1101,The Love Letter,DreamWorks Distribution,8302478.0,1999-05-21,1999-06-30
Q2 1999,1106,Wings of Courage,Sony Pictures Classics,15053344.0,1999-04-21,1999-06-30
Q2 1999,1107,Extreme,IMAX,12475172.0,1999-04-02,1999-06-30
Q2 1999,1108,Africa's Elephant Kingdom,IMAX,13485455.0,1999-05-01,1999-06-30
Q2 1999,1121,Island of the Sharks,IMAX,10658505.0,1999-04-23,1999-06-30
Q2 1999,1129,Run Lola Run,Sony Pictures Classics,7267585.0,1999-06-18,1999-06-30
Q2 1999,1153,The Castle,Miramax,877621.0,1999-05-07,1999-06-30
Q2 1999,1154,Edge of Seventeen,Strand Releasing,871759.0,1999-04-30,1999-06-30
Q2 1999,1155,The King of Masks,The Samuel Goldwyn Company,1113103.0,1999-05-14,1999-06-30
Q2 1999,1164,After Life,Artistic License,801985.0,1999-05-14,1999-06-30
Q2 1999,1167,The Twin Dragons,Miramax,8359717.0,1999-04-09,1999-06-30
Q2 1999,1168,The Third Man,Rialto Pictures,618173.0,1999-05-07,1999-06-30
Q2 1999,1171,Black Mask,Artisan Entertainment,12504289.0,1999-05-14,1999-06-30
Q2 1999,1173,Idle Hands,Sony Pictures Releasing,4152230.0,1999-04-30,1999-06-30
Q2 1999,1177,eXistenZ,Miramax,2856712.0,1999-04-23,1999-06-30
Q2 1999,1181,Go,Sony Pictures Releasing,16943454.0,1999-04-09,1999-06-30
Q2 1999,1190,Open Your Eyes,Artisan Entertainment,370720.0,1999-04-16,1999-06-30
Q2 1999,1193,Sarfarosh,Eros International,288733.0,1999-04-30,1999-06-30
Q2 1999,1201,Wolves,IMAX,4811282.0,1999-06-18,1999-06-30
Q2 1999,1207,Trippin',October Films,9017070.0,1999-05-14,1999-06-30
Q2 1999,1212,Buena Vista Social Club,Artisan Entertainment,7002182.0,1999-06-04,1999-06-30
Q2 1999,1216,Silsila Hai Pyar Ka,Eros International,141528.0,1999-04-16,1999-06-30
Q2 1999,1225,Haseena Maan Jaayegi,Eros International,123719.0,1999-06-25,1999-06-30
Q2 1999,1226,Cookie's Fortune,October Films,10920544.0,1999-04-02,1999-06-30
Q2 1999,1237,Tea with Mussolini,Metro-Goldwyn-Mayer (MGM),14401563.0,1999-05-14,1999-06-30
Q2 1999,1238,Stop Making Sense1999 Re-release,Palm Pictures,146154.0,1999-05-28,1999-06-30
Q2 1999,1239,The Dreamlife of Angels,Sony Pictures Classics,1726567.0,1999-04-02,1999-06-30
Q2 1999,1250,Only You,Eros International,50785.0,1999-06-11,1999-06-30
Q2 1999,1252,Goodbye Lover,Warner Bros.,1940299.0,1999-04-16,1999-06-30
Q2 1999,1254,Desert Blue,The Samuel Goldwyn Company,100590.0,1999-06-04,1999-06-30
Q2 1999,1256,Three Seasons,October Films,2021698.0,1999-04-30,1999-06-30
Q2 1999,1257,Friends & Lovers,Lionsgate,33543.0,1999-04-16,1999-06-30
Q2 1999,1263,The Joyriders,Providence Entertainment,26999.0,1999-04-16,1999-06-30
Q2 1999,1264,Metroland,Lionsgate,26682.0,1999-04-09,1999-06-30
Q2 1999,1271,Following,Zeitgeist Films,48482.0,1999-04-02,1999-06-30
Q2 1999,1278,Dial M for Murder1999 Re-release,Warner Bros.,12562.0,1999-04-09,1999-06-30
Q2 1999,1280,Regret to Inform,Artistic License,44204.0,1999-06-25,1999-06-30
Q2 1999,1281,The Mighty Peking Man,Cowboy Pictures,17368.0,1999-04-23,1999-06-30
Q2 1999,1284,Tout TruffautFilm Festival,WinStar Cinema,11206.0,1999-04-23,1999-06-30
Q2 1999,1290,Let It Come Down: The Life of Paul Bowles,Zeitgeist Films,5869.0,1999-04-30,1999-06-30
Q2 1999,1292,Leila,First Run,5294.0,1999-05-14,1999-06-30
Q2 1999,1293,My Dinner with Andre,WinStar Cinema,5073.0,1999-05-14,1999-06-30
Q2 1999,1294,Nô,New Yorker Films,4868.0,1999-04-23,1999-06-30
Q2 1999,1295,The Empty Mirror,Lionsgate,4688.0,1999-05-07,1999-06-30
Q2 1999,1296,Jeanne and the Perfect Guy,Strand Releasing,4417.0,1999-04-16,1999-06-30
Q2 1999,1298,Het ondergronds orkest,First Look International,4315.0,1999-04-02,1999-06-30
Q2 1999,1301,Finding North,Cowboy Pictures,27466.0,1999-06-04,1999-06-30
Q2 1999,1303,Strawberry Fields,Phaedra Cinema,3347.0,1999-06-04,1999-06-30
Q2 1999,1304,I'm Crazy About Iris Blond,Miramax,3303.0,1999-05-14,1999-06-30
Q2 1999,1308,I Want You,Gramercy Pictures (I),1672.0,1999-06-04,1999-06-30
Q2 1999,1309,The Pusher,First Run,1656.0,1999-05-07,1999-06-30
Q2 1999,1311,The Underground Comedy Movie,Phaedra Cinema,856.0,1999-05-14,1999-06-30
Q2 1999,1313,Nobody,Phaedra Cinema,488.0,1999-06-04,1999-06-30
Q3 1999,1020,The Sixth Sense,Walt Disney Studios Motion Pictures,293506292.0,1999-08-06,1999-09-30
Q3 1999,1025,Runaway Bride,Paramount Pictures,152257509.0,1999-07-30,1999-09-30
Q3 1999,1028,Double Jeopardy,Paramount Pictures,116741558.0,1999-09-24,1999-09-30
Q3 1999,1029,American Pie,Universal Pictures,102561004.0,1999-07-09,1999-09-30
Q3 1999,1030,Inspector Gadget,Walt Disney Studios Motion Pictures,97403112.0,1999-07-23,1999-09-30
Q3 1999,1031,The Haunting,DreamWorks Distribution,91411151.0,1999-07-23,1999-09-30
Q3 1999,1035,American Beauty,DreamWorks Distribution,130096601.0,1999-09-15,1999-09-30
Q3 1999,1036,Deep Blue Sea,Warner Bros.,73648142.0,1999-07-30,1999-09-30
Q3 1999,1037,The Thomas Crown Affair,Metro-Goldwyn-Mayer (MGM),69305181.0,1999-08-06,1999-09-30
Q3 1999,1038,Bowfinger,Universal Pictures,66384775.0,1999-08-13,1999-09-30
Q3 1999,1047,Stigmata,Metro-Goldwyn-Mayer (MGM),50046268.0,1999-09-10,1999-09-30
Q3 1999,1060,Mickey Blue Eyes,Warner Bros.,33864342.0,1999-08-20,1999-09-30
Q3 1999,1063,Summer of Sam,Walt Disney Studios Motion Pictures,19288130.0,1999-07-02,1999-09-30
Q3 1999,1064,The 13th Warrior,Walt Disney Studios Motion Pictures,32698899.0,1999-08-27,1999-09-30
Q3 1999,1066,Lake Placid,Twentieth Century Fox,31770414.0,1999-07-16,1999-09-30
Q3 1999,1068,Mystery Men,Universal Pictures,29694550.0,1999-08-06,1999-09-30
Q3 1999,1070,Saving Private Ryan,DreamWorks Distribution,216540909.0,1999-07-24,1999-09-30
Q3 1999,1074,The Iron Giant,Warner Bros.,23159305.0,1999-08-03,1999-09-30
Q3 1999,1076,Stir of Echoes,Artisan Entertainment,21142914.0,1999-09-10,1999-09-30
Q3 1999,1088,Muppets from Space,Sony Pictures Releasing,16625807.0,1999-07-14,1999-09-30
Q3 1999,1093,Mysteries of Egypt,IMAX,40548464.0,1999-08-21,1999-09-30
Q3 1999,1095,The Muse,USA Films,11614954.0,1999-08-27,1999-09-30
Q3 1999,1105,Outside Providence,Miramax,7302522.0,1999-09-01,1999-09-30
Q3 1999,1110,Chill Factor,Warner Bros.,11263966.0,1999-09-03,1999-09-30
Q3 1999,1113,Rush Hour,New Line Cinema,141186864.0,1999-09-18,1999-09-30
Q3 1999,1116,In Too Deep,Miramax,14011454.0,1999-08-27,1999-09-30
Q3 1999,1122,Thrill Ride: The Science of Fun,Sony Pictures Classics,18798590.0,1999-07-11,1999-09-30
Q3 1999,1125,The Astronaut's Wife,New Line Cinema,10672566.0,1999-08-27,1999-09-30
Q3 1999,1127,Blue Streak,Sony Pictures Releasing,68518533.0,1999-09-17,1999-09-30
Q3 1999,1131,There's Something About Mary,Twentieth Century Fox,176484651.0,1999-07-15,1999-09-30
Q3 1999,1139,For Love of the Game,Universal Pictures,35188640.0,1999-09-17,1999-09-30
Q3 1999,1144,The Blair Witch Project,Artisan Entertainment,140539099.0,1999-07-16,1999-09-30
Q3 1999,1162,Guinevere,Miramax,632283.0,1999-09-24,1999-09-30
Q3 1999,1166,Urban Legend,Sony Pictures Releasing,38072438.0,1999-09-25,1999-09-30
Q3 1999,1174,The Mask of Zorro,Sony Pictures Releasing,94095523.0,1999-07-17,1999-09-30
Q3 1999,1175,Genghis Blues,Roxie Releasing,374550.0,1999-07-01,1999-09-30
Q3 1999,1182,Taal,Eros International,2020532.0,1999-08-13,1999-09-30
Q3 1999,1186,Hindustan Ki Kasam,Eros International,310330.0,1999-07-23,1999-09-30
Q3 1999,1188,Head On,Strand Releasing,379384.0,1999-08-13,1999-09-30
Q3 1999,1189,Lucie Aubrac,USA Films,394079.0,1999-09-17,1999-09-30
Q3 1999,1192,Simon Sez,Independent Artists,292152.0,1999-09-24,1999-09-30
Q3 1999,1194,Dil Kya Kare,Eros International,284856.0,1999-09-24,1999-09-30
Q3 1999,1195,The Wood,Paramount Pictures,25059640.0,1999-07-16,1999-09-30
Q3 1999,1204,Hote Hote Pyar Hogaya,Eros International,214574.0,1999-07-02,1999-09-30
Q3 1999,1224,The Minus Man,Artisan Entertainment,370668.0,1999-09-10,1999-09-30
Q3 1999,1227,Mumford,Walt Disney Studios Motion Pictures,4555459.0,1999-09-24,1999-09-30
Q3 1999,1229,Le Dîner de Cons,Lionsgate,4071548.0,1999-07-09,1999-09-30
Q3 1999,1242,Detroit Rock City,New Line Cinema,4217115.0,1999-08-13,1999-09-30
Q3 1999,1243,Bedrooms and Hallways,First Run,136049.0,1999-09-03,1999-09-30
Q3 1999,1253,Breakfast of Champions,Walt Disney Studios Motion Pictures,178278.0,1999-09-17,1999-09-30
Q3 1999,1261,The Lovers on the Bridge,Miramax,29679.0,1999-07-02,1999-09-30
Q3 1999,1265,Sugar Town,USA Films,178095.0,1999-09-17,1999-09-30
Q3 1999,1267,Ever After: A Cinderella Story,Twentieth Century Fox,65705771.0,1999-07-31,1999-09-30
Q3 1999,1279,On the Ropes,Wellspring Media,46737.0,1999-08-18,1999-09-30
Q3 1999,1289,Speaking in Strings,Seventh Art Releasing,6859.0,1999-09-10,1999-09-30
Q3 1999,1306,Knockin' on Heaven's Door,Phaedra Cinema,5710.0,1999-08-20,1999-09-30
Q4 1999,1021,Toy Story 2,Walt Disney Studios Motion Pictures,242947795.0,1999-11-19,1999-12-31
Q4 1999,1032,Patch Adams,Universal Pictures,135026902.0,1999-12-25,1999-12-31
Q4 1999,1033,Sleepy Hollow,Paramount Pictures,101071502.0,1999-11-19,1999-12-31
Q4 1999,1034,Pokémon: The First Movie - Mewtwo Strikes Back,Warner Bros.,85744662.0,1999-11-10,1999-12-31
Q4 1999,1039,Stuart Little,Sony Pictures Releasing,140035367.0,1999-12-17,1999-12-31
Q4 1999,1041,The Green Mile,Warner Bros.,136801374.0,1999-12-10,1999-12-31
Q4 1999,1042,End of Days,Universal Pictures,66889043.0,1999-11-24,1999-12-31
Q4 1999,1043,Stepmom,Sony Pictures Releasing,91137662.0,1999-12-25,1999-12-31
Q4 1999,1045,You've Got Mail,Warner Bros.,115821495.0,1999-12-18,1999-12-31
Q4 1999,1048,Mighty Joe Young,Walt Disney Studios Motion Pictures,50632037.0,1999-12-25,1999-12-31
Q4 1999,1049,Life Is Beautiful,Miramax,57247384.0,1999-10-23,1999-12-31
Q4 1999,1050,The Bone Collector,Universal Pictures,66518655.0,1999-11-05,1999-12-31
Q4 1999,1051,The Prince of Egypt,DreamWorks Distribution,101413188.0,1999-12-18,1999-12-31
Q4 1999,1052,The World is Not Enough,Metro-Goldwyn-Mayer (MGM),126943684.0,1999-11-19,1999-12-31
Q4 1999,1053,Deuce Bigalow: Male Gigolo,Walt Disney Studios Motion Pictures,65538755.0,1999-12-10,1999-12-31
Q4 1999,1054,House on Haunted Hill,Warner Bros.,40846082.0,1999-10-29,1999-12-31
Q4 1999,1057,The Faculty,Miramax,40283321.0,1999-12-25,1999-12-31
Q4 1999,1058,Any Given Sunday,Warner Bros.,74111130.0,1999-12-22,1999-12-31
Q4 1999,1059,Fight Club,Twentieth Century Fox,37030102.0,1999-10-15,1999-12-31
Q4 1999,1061,Bicentennial Man,Walt Disney Studios Motion Pictures,57553966.0,1999-12-17,1999-12-31
Q4 1999,1065,Random Hearts,Sony Pictures Releasing,31502583.0,1999-10-08,1999-12-31
Q4 1999,1067,A Bug's Life,Walt Disney Studios Motion Pictures,157505918.0,1999-11-20,1999-12-31
Q4 1999,1069,The Story of Us,Universal Pictures,27100031.0,1999-10-15,1999-12-31
Q4 1999,1071,Superstar,Paramount Pictures,30636478.0,1999-10-08,1999-12-31
Q4 1999,1072,T-Rex: Back to the Cretaceous,IMAX,53354743.0,1999-10-23,1999-12-31
Q4 1999,1073,The Talented Mr. Ripley,Paramount Pictures,81298265.0,1999-12-25,1999-12-31
Q4 1999,1075,Waking Ned Devine,Fox Searchlight Pictures,24792251.0,1999-11-20,1999-12-31
Q4 1999,1078,Anna and the King,Twentieth Century Fox,39263420.0,1999-12-17,1999-12-31
Q4 1999,1079,The Best Man,Universal Pictures,34102780.0,1999-10-22,1999-12-31
Q4 1999,1080,Man on the Moon,Universal Pictures,34607430.0,1999-12-22,1999-12-31
Q4 1999,1081,Galaxy Quest,DreamWorks Distribution,71583916.0,1999-12-25,1999-12-31
Q4 1999,1082,The Insider,Walt Disney Studios Motion Pictures,29089912.0,1999-11-05,1999-12-31
Q4 1999,1084,The Bachelor,New Line Cinema,21760240.0,1999-11-05,1999-12-31
Q4 1999,1085,Anywhere But Here,Twentieth Century Fox,18670401.0,1999-11-12,1999-12-31
Q4 1999,1086,Rushmore,Walt Disney Studios Motion Pictures,17105219.0,1999-12-11,1999-12-31
Q4 1999,1087,Dogma,Lionsgate,30652890.0,1999-11-12,1999-12-31
Q4 1999,1089,Elizabeth,Gramercy Pictures (I),30082699.0,1999-11-06,1999-12-31
Q4 1999,1090,A Simple Plan,Paramount Pictures,16316273.0,1999-12-11,1999-12-31
Q4 1999,1091,The Messenger: The Story of Joan of Arc,Sony Pictures Releasing,14276317.0,1999-11-12,1999-12-31
Q4 1999,1096,Three to Tango,Warner Bros.,10570375.0,1999-10-22,1999-12-31
Q4 1999,1097,Music of the Heart,Miramax,14859394.0,1999-10-29,1999-12-31
Q4 1999,1098,Bringing Out the Dead,Paramount Pictures,16797191.0,1999-10-22,1999-12-31
Q4 1999,1099,Three Kings,Warner Bros.,60652036.0,1999-10-01,1999-12-31
Q4 1999,1100,The Red Violin,Lionsgate,10019109.0,1999-11-06,1999-12-31
Q4 1999,1102,"Mystery, Alaska",Walt Disney Studios Motion Pictures,8891623.0,1999-10-01,1999-12-31
Q4 1999,1103,The Omega Code,Providence Entertainment,12614346.0,1999-10-15,1999-12-31
Q4 1999,1104,Being John Malkovich,USA Films,22863596.0,1999-10-29,1999-12-31
Q4 1999,1109,Light It Up,Twentieth Century Fox,5985690.0,1999-11-10,1999-12-31
Q4 1999,1111,Central Station,Sony Pictures Classics,5969553.0,1999-11-20,1999-12-31
Q4 1999,1112,Bats,Destination Films,10155690.0,1999-10-22,1999-12-31
Q4 1999,1114,Gods and Monsters,Lionsgate,6451628.0,1999-11-06,1999-12-31
Q4 1999,1115,Hilary and Jackie,October Films,4912892.0,1999-12-30,1999-12-31
Q4 1999,1117,Little Voice,Miramax,4611784.0,1999-12-04,1999-12-31
Q4 1999,1119,The Adventures of Elmo in Grouchland,Sony Pictures Releasing,11683047.0,1999-10-01,1999-12-31
Q4 1999,1120,Fifty,IMAX,3328240.0,1999-10-29,1999-12-31
Q4 1999,1123,The Cider House Rules,Miramax,57545092.0,1999-12-10,1999-12-31
Q4 1999,1124,Babe: Pig in the City,Universal Pictures,18319860.0,1999-11-25,1999-12-31
Q4 1999,1128,Siegfried & Roy: The Magic Box,IMAX,5231283.0,1999-10-01,1999-12-31
Q4 1999,1130,Antz,DreamWorks Distribution,90757863.0,1999-10-02,1999-12-31
Q4 1999,1132,Mansfield Park,Miramax,4775847.0,1999-11-19,1999-12-31
Q4 1999,1134,Liberty Heights,Warner Bros.,3736868.0,1999-11-19,1999-12-31
Q4 1999,1135,Pleasantville,New Line Cinema,40584421.0,1999-10-23,1999-12-31
Q4 1999,1136,Princess Mononoke,Miramax,2375308.0,1999-10-29,1999-12-31
Q4 1999,1137,Les Boys II,Lionsgate,4162236.0,1999-12-11,1999-12-31
Q4 1999,1138,Drive Me Crazy,Twentieth Century Fox,17845337.0,1999-10-01,1999-12-31
Q4 1999,1141,Meet Joe Black,Universal Pictures,44619100.0,1999-11-13,1999-12-31
Q4 1999,1142,Dancing at Lughnasa,Sony Pictures Classics,2287818.0,1999-11-13,1999-12-31
Q4 1999,1145,"Happy, Texas",Miramax,1955933.0,1999-10-01,1999-12-31
Q4 1999,1146,The End of the Affair,Sony Pictures Releasing,10827816.0,1999-12-03,1999-12-31
Q4 1999,1147,Psycho,Universal Pictures,21485655.0,1999-12-04,1999-12-31
Q4 1999,1148,I Still Know What You Did Last Summer,Sony Pictures Releasing,40002112.0,1999-11-13,1999-12-31
Q4 1999,1149,The Siege,Twentieth Century Fox,40981289.0,1999-11-06,1999-12-31
Q4 1999,1150,Another Day in Paradise,Trimark Pictures,1036818.0,1999-12-30,1999-12-31
Q4 1999,1151,Crazy in Alabama,Sony Pictures Releasing,2005840.0,1999-10-22,1999-12-31
Q4 1999,1156,Galapagos,IMAX,18627957.0,1999-10-29,1999-12-31
Q4 1999,1157,Sweet and Lowdown,Sony Pictures Classics,4197015.0,1999-12-03,1999-12-31
Q4 1999,1158,Tumbleweeds,Fine Line Features,1350248.0,1999-11-26,1999-12-31
Q4 1999,1159,A Civil Action,Walt Disney Studios Motion Pictures,56709981.0,1999-12-25,1999-12-31
Q4 1999,1160,American History X,New Line Cinema,6719864.0,1999-10-30,1999-12-31
Q4 1999,1161,Ringmaster,Artisan Entertainment,9257103.0,1999-11-27,1999-12-31
Q4 1999,1163,Magnolia,New Line Cinema,22455976.0,1999-12-17,1999-12-31
Q4 1999,1165,Cradle Will Rock,Walt Disney Studios Motion Pictures,2903404.0,1999-12-10,1999-12-31
Q4 1999,1169,The Celebration,October Films,1656223.0,1999-10-09,1999-12-31
Q4 1999,1172,Dillagi,Eros International,401245.0,1999-11-19,1999-12-31
Q4 1999,1176,Happiness,Good Machine,2960687.0,1999-10-16,1999-12-31
Q4 1999,1178,American Movie,Sony Pictures Classics,1165795.0,1999-11-05,1999-12-31
Q4 1999,1179,The General,Sony Pictures Classics,1214198.0,1999-12-18,1999-12-31
Q4 1999,1180,Practical Magic,Warner Bros.,46732881.0,1999-10-16,1999-12-31
Q4 1999,1183,The Straight Story,Walt Disney Studios Motion Pictures,6203044.0,1999-10-15,1999-12-31
Q4 1999,1185,"Girl, Interrupted",Sony Pictures Releasing,28912646.0,1999-12-21,1999-12-31
Q4 1999,1187,Vampires,Sony Pictures Releasing,20308772.0,1999-10-30,1999-12-31
Q4 1999,1191,The Limey,Artisan Entertainment,3204663.0,1999-10-08,1999-12-31
Q4 1999,1196,Body Shots,New Line Cinema,752122.0,1999-10-22,1999-12-31
Q4 1999,1199,Living Out Loud,New Line Cinema,12905901.0,1999-10-30,1999-12-31
Q4 1999,1200,The War Zone,Lot 47 Films,254441.0,1999-12-10,1999-12-31
Q4 1999,1203,Bicycle Thieves1998 Re-release,Kino International,334293.0,1999-10-02,1999-12-31
Q4 1999,1205,Belly,Artisan Entertainment,9639390.0,1999-11-06,1999-12-31
Q4 1999,1206,I'll Be Home for Christmas,Walt Disney Studios Motion Pictures,12214338.0,1999-11-13,1999-12-31
Q4 1999,1208,Boys Don't Cry,Fox Searchlight Pictures,11540607.0,1999-10-08,1999-12-31
Q4 1999,1209,Very Bad Things,PolyGram,9898412.0,1999-11-27,1999-12-31
Q4 1999,1210,Mast,Eros International,158928.0,1999-10-15,1999-12-31
Q4 1999,1211,The Hurricane,Universal Pictures,50699241.0,1999-12-29,1999-12-31
Q4 1999,1215,The Wizard of Oz1998 Re-release,Warner Bros.,14836984.0,1999-11-06,1999-12-31
Q4 1999,1218,The Emperor and the Assassin,Sony Pictures Classics,1267239.0,1999-12-15,1999-12-31
Q4 1999,1219,Topsy-Turvy,USA Films,6208548.0,1999-12-15,1999-12-31
Q4 1999,1220,Matroni et moi,Alliance Atlantis Vivafilm,130572.0,1999-10-08,1999-12-31
Q4 1999,1221,Beefcake,Strand Releasing,276259.0,1999-10-15,1999-12-31
Q4 1999,1222,The Hi-Lo Country,Gramercy Pictures (I),166082.0,1999-12-30,1999-12-31
Q4 1999,1223,Angela's Ashes,Paramount Pictures,13042112.0,1999-12-25,1999-12-31
Q4 1999,1230,Beloved,Walt Disney Studios Motion Pictures,22852487.0,1999-10-16,1999-12-31
Q4 1999,1233,Snow Falling on Cedars,Universal Pictures,14417593.0,1999-12-22,1999-12-31
Q4 1999,1234,Train of Life,Paramount Classics,98687.0,1999-11-05,1999-12-31
Q4 1999,1235,Bride of Chucky,Universal Pictures,32400658.0,1999-10-16,1999-12-31
Q4 1999,1236,Rosetta,USA Films,266665.0,1999-11-05,1999-12-31
Q4 1999,1240,Vaastav: The Reality,Eros International,81367.0,1999-10-15,1999-12-31
Q4 1999,1244,Home Fries,Warner Bros.,10123717.0,1999-11-27,1999-12-31
Q4 1999,1247,Titus,Fox Searchlight Pictures,2007290.0,1999-12-25,1999-12-31
Q4 1999,1248,The Swindle,New Yorker Films,250899.0,1999-12-23,1999-12-31
Q4 1999,1255,Dahek: A Burning Passion,Eros International,41284.0,1999-12-17,1999-12-31
Q4 1999,1258,Holy Smoke,Miramax,1765545.0,1999-12-03,1999-12-31
Q4 1999,1259,Beyond the Clouds,Sceneries Distribution,31738.0,1999-12-01,1999-12-31
Q4 1999,1260,Love Is the Devil: Study for a Portrait of Francis Bacon,Strand Releasing,354004.0,1999-10-07,1999-12-31
Q4 1999,1266,42 Up,First Run,300880.0,1999-11-17,1999-12-31
Q4 1999,1268,Onegin,The Samuel Goldwyn Company,206128.0,1999-12-17,1999-12-31
Q4 1999,1270,Beyond the Mat,Lionsgate,2053648.0,1999-10-22,1999-12-31
Q4 1999,1272,A Map of the World,First Look International,544965.0,1999-12-03,1999-12-31
Q4 1999,1277,Diamonds,Miramax,88428.0,1999-12-10,1999-12-31
Q4 1999,1282,The Third Miracle,Sony Pictures Classics,495880.0,1999-12-31,1999-12-31
Q4 1999,1283,Dreaming of Joseph Lees,Fox Searchlight Pictures,12044.0,1999-10-29,1999-12-31
Q4 1999,1285,Agnes Browne,USA Films,148853.0,1999-12-03,1999-12-31
Q4 1999,1286,"Mr. Death: The Rise and Fall of Fred A. Leuchter, Jr.",Lionsgate,507941.0,1999-12-29,1999-12-31
Q4 1999,1299,The Theory of Flight,Fine Line Features,73233.0,1999-12-23,1999-12-31
Q4 1999,1300,Fever Pitch,Phaedra Cinema,3736.0,1999-10-15,1999-12-31
Q4 1999,1302,Play It to the Bone,Walt Disney Studios Motion Pictures,8434146.0,1999-12-25,1999-12-31
