season,Unnamed: 0,movie,studio,gross,release,time
Q1 2009,6060,Monsters vs. Aliens,DreamWorks,198351526.0,2009-03-27,2009-03-31
Q1 2009,6069,Paul Blart: Mall Cop,Sony Pictures Releasing,146336178.0,2009-01-16,2009-03-31
Q1 2009,6070,Taken,Twentieth Century Fox,144966929.0,2009-01-30,2009-03-31
Q1 2009,6083,Watchmen,Warner Bros.,107509799.0,2009-03-06,2009-03-31
Q1 2009,6086,He's Just Not That Into You,Warner Bros.,93953653.0,2009-02-06,2009-03-31
Q1 2009,6088,Madea Goes to Jail,Lionsgate,90508336.0,2009-02-20,2009-03-31
Q1 2009,6090,Knowing2009 Re-release,Summit Entertainment,79957634.0,2009-03-20,2009-03-31
Q1 2009,6095,Coraline,Focus Features,75286229.0,2009-02-06,2009-03-31
Q1 2009,6097,Hotel for Dogs,DreamWorks,73034460.0,2009-01-16,2009-03-31
Q1 2009,6100,"I Love You, Man",DreamWorks,71440011.0,2009-03-20,2009-03-31
Q1 2009,6104,Friday the 13th,Warner Bros.,65002019.0,2009-02-13,2009-03-31
Q1 2009,6107,Race to Witch Mountain,Walt Disney Studios Motion Pictures,65402038.0,2009-03-13,2009-03-31
Q1 2009,6110,Bride Wars,Twentieth Century Fox,58707170.0,2009-01-09,2009-03-31
Q1 2009,6111,The Haunting in Connecticut2009 Re-release,Lionsgate,55389516.0,2009-03-27,2009-03-31
Q1 2009,6116,My Bloody Valentine,Lionsgate,51545952.0,2009-01-16,2009-03-31
Q1 2009,6120,Underworld: Rise of the Lycans,Screen Gems,45802315.0,2009-01-23,2009-03-31
Q1 2009,6121,Confessions of a Shopaholic,Walt Disney Studios Motion Pictures,43207333.0,2009-02-13,2009-03-31
Q1 2009,6123,The Unborn,Universal Pictures,42670410.0,2009-01-09,2009-03-31
Q1 2009,6128,Duplicity,Universal Pictures,40572825.0,2009-03-20,2009-03-31
Q1 2009,6135,Notorious,Fox Searchlight Pictures,36822061.0,2009-01-16,2009-03-31
Q1 2009,6136,The Pink Panther 2,Sony Pictures Releasing,35922978.0,2009-02-06,2009-03-31
Q1 2009,6141,The Last House on the Left,Universal Pictures,32752215.0,2009-03-13,2009-03-31
Q1 2009,6146,Push,Summit Entertainment,31792909.0,2009-02-06,2009-03-31
Q1 2009,6152,The Uninvited,DreamWorks,28596818.0,2009-01-30,2009-03-31
Q1 2009,6157,The International,Sony Pictures Releasing,25450527.0,2009-02-13,2009-03-31
Q1 2009,6173,Under the Sea 3D,Warner Bros.,36223935.0,2009-02-13,2009-03-31
Q1 2009,6174,Jonas Brothers: The 3D Concert Experience,Walt Disney Studios Motion Pictures,18662132.0,2009-02-27,2009-03-31
Q1 2009,6177,Inkheart,Warner Bros.,17303424.0,2009-01-23,2009-03-31
Q1 2009,6179,Fired Up!,Screen Gems,17231291.0,2009-02-20,2009-03-31
Q1 2009,6181,New in Town,Lionsgate,16734283.0,2009-01-30,2009-03-31
Q1 2009,6199,12 Rounds,Twentieth Century Fox,12092888.0,2009-03-27,2009-03-31
Q1 2009,6200,Sunshine Cleaning,Overture Films,12062558.0,2009-03-13,2009-03-31
Q1 2009,6204,Not Easily Broken,Screen Gems,10572742.0,2009-01-09,2009-03-31
Q1 2009,6214,Street Fighter: The Legend of Chun-Li,Twentieth Century Fox,8702482.0,2009-02-27,2009-03-31
Q1 2009,6224,Deep Sea,Warner Bros.,46403478.0,2009-03-03,2009-03-31
Q1 2009,6228,Miss March,Fox Searchlight Pictures,4536908.0,2009-03-13,2009-03-31
Q1 2009,6239,Two Lovers,Magnolia Pictures,3149034.0,2009-02-13,2009-03-31
Q1 2009,6243,Sin Nombre,Focus Features,2536665.0,2009-03-20,2009-03-31
Q1 2009,6250,Dolphins and Whales 3D: Tribes of the Ocean,3D Entertainment,7714996.0,2009-02-15,2009-03-31
Q1 2009,6253,Valentino: The Last Emperor,Truly Indie,1744770.0,2009-03-18,2009-03-31
Q1 2009,6275,Chandni Chowk to China,Warner Bros.,921738.0,2009-01-16,2009-03-31
Q1 2009,6280,Delhi-6,UTV Motion Pictures,879913.0,2009-02-20,2009-03-31
Q1 2009,6281,Goodbye Solo,Roadside Attractions,870781.0,2009-03-27,2009-03-31
Q1 2009,6287,Billu,Eros International,754928.0,2009-02-13,2009-03-31
Q1 2009,6288,The Great Buck Howard,Magnolia Pictures,750587.0,2009-03-20,2009-03-31
Q1 2009,6290,The Cross,8x Entertainment,741557.0,2009-03-27,2009-03-31
Q1 2009,6294,Fanboys,The Weinstein Company,688529.0,2009-02-06,2009-03-31
Q1 2009,6296,The Oscar Nominated Short Films 2009: Live Action,Shorts International,644635.0,2009-02-06,2009-03-31
Q1 2009,6301,Everlasting Moments,IFC Films,610825.0,2009-03-06,2009-03-31
Q1 2009,6304,Roving Mars,Walt Disney Studios Motion Pictures,10407978.0,2009-01-27,2009-03-31
Q1 2009,6305,U2 3D,National Geographic Entertainment,10335294.0,2009-01-23,2009-03-31
Q1 2009,6314,Crossing Over,The Weinstein Company,455654.0,2009-02-27,2009-03-31
Q1 2009,6323,Luck by Chance,Adlabs Films,356019.0,2009-01-30,2009-03-31
Q1 2009,6325,Tokyo!,Liberation Entertainment,351059.0,2009-03-06,2009-03-31
Q1 2009,6363,Outlander,Third Rail Releasing,166003.0,2009-01-23,2009-03-31
Q1 2009,6372,Fados,Zeitgeist Films,129150.0,2009-03-06,2009-03-31
Q1 2009,6373,12,Sony Pictures Classics,125120.0,2009-03-04,2009-03-31
Q1 2009,6380,Medicine for Melancholy,IFC Films,111551.0,2009-01-30,2009-03-31
Q1 2009,6393,Cherry Blossoms,Strand Releasing,104433.0,2009-01-16,2009-03-31
Q1 2009,6394,Made in U.S.A,Rialto Pictures,95209.0,2009-01-09,2009-03-31
Q1 2009,6397,Throw Down Your Heart,Argot Pictures,89521.0,2009-03-13,2009-03-31
Q1 2009,6400,Z,Rialto Pictures,83305.0,2009-03-13,2009-03-31
Q1 2009,6404,Crips and Bloods: Made in America,Argot Pictures,70219.0,2009-01-23,2009-03-31
Q1 2009,6411,Silent Light,Palisades Tartan,60200.0,2009-01-07,2009-03-31
Q1 2009,6444,13B: Fear Has a New Address,Adlabs Films,36594.0,2009-03-06,2009-03-31
Q1 2009,6449,Absurdistan,First Run,39683.0,2009-02-06,2009-03-31
Q1 2009,6450,Three Monkeys2008 Re-release,Zeitgeist Films,37689.0,2009-03-27,2009-03-31
Q1 2009,6454,Super Capers: The Origins of Ed and the Missing Bullion,Roadside Attractions,30955.0,2009-03-20,2009-03-31
Q1 2009,6456,American Swing,Magnolia Pictures,30156.0,2009-03-27,2009-03-31
Q1 2009,6460,An American Affair,Screen Media Films,28044.0,2009-02-27,2009-03-31
Q1 2009,6465,Guest of Cindy Sherman,Trela Media,27052.0,2009-03-27,2009-03-31
Q1 2009,6471,Coyote County Loser,Roebuck Media,24375.0,2009-03-20,2009-03-31
Q1 2009,6485,Donkey Punch,Magnolia Pictures,19367.0,2009-01-23,2009-03-31
Q1 2009,6487,Severed Ways: The Norse Discovery of America,Magnolia Pictures,18728.0,2009-03-13,2009-03-31
Q1 2009,6488,Blessed Is the Match: The Life and Death of Hannah Senesh,Balcony Releasing,18654.0,2009-01-28,2009-03-31
Q1 2009,6489,Killshot,The Weinstein Company,18643.0,2009-01-23,2009-03-31
Q1 2009,6490,Dev.D,UTV Motion Pictures,18613.0,2009-02-06,2009-03-31
Q1 2009,6491,Between Love & Goodbye,Embrem Entertainment,18480.0,2009-01-30,2009-03-31
Q1 2009,6494,The New Twenty,Argot Pictures,17625.0,2009-03-20,2009-03-31
Q1 2009,6505,Tokyo Sonata,Regent Releasing,277387.0,2009-03-13,2009-03-31
Q1 2009,6506,The Education of Charlie Banks,Anchor Bay Films,15078.0,2009-03-27,2009-03-31
Q1 2009,6509,Chocolate,Magnolia Pictures,14845.0,2009-02-06,2009-03-31
Q1 2009,6515,Sherman's Way,International Film Circuit,13282.0,2009-03-06,2009-03-31
Q1 2009,6537,Monsieur Verdoux,The Film Desk,63643.0,2009-03-14,2009-03-31
Q1 2009,6542,Yonkers Joe,Magnolia Pictures,8286.0,2009-01-09,2009-03-31
Q1 2009,6544,Spinning Into Butter,Screen Media Films,8064.0,2009-03-27,2009-03-31
Q1 2009,6546,Reunion,Abramorama,8030.0,2009-03-06,2009-03-31
Q1 2009,6547,Eleven Minutes,Regent Releasing,7986.0,2009-02-20,2009-03-31
Q1 2009,6550,Of Time and the City,Strand Releasing,30788.0,2009-01-21,2009-03-31
Q1 2009,6555,Our City Dreams,First Run,32732.0,2009-02-06,2009-03-31
Q1 2009,6564,Waiting for Dublin,Cinema Libre Studio,5925.0,2009-03-13,2009-03-31
Q1 2009,6567,Katyn,Koch Lorber Films,116320.0,2009-02-18,2009-03-31
Q1 2009,6570,Dhoondte Reh Jaoge,UTV Motion Pictures,5127.0,2009-03-06,2009-03-31
Q1 2009,6581,Alexandra,The Cinema Guild,128222.0,2009-03-26,2009-03-31
Q1 2009,6586,Shall We Kiss?,Music Box Films,534684.0,2009-03-27,2009-03-31
Q1 2009,6598,Service,Regent Releasing,64190.0,2009-01-30,2009-03-31
Q1 2009,6600,Shuttle,Truly Indie,1925.0,2009-03-06,2009-03-31
Q1 2009,6602,The Village Barbershop,Monterey Media,1870.0,2009-01-16,2009-03-31
Q1 2009,6604,America Betrayed,First Run,1311.0,2009-03-27,2009-03-31
Q1 2009,6613,Teeth,Roadside Attractions,347578.0,2009-01-18,2009-03-31
Q1 2009,6624,J'entends plus la guitare,The Film Desk,12616.0,2009-02-25,2009-03-31
Q1 2009,6625,The Objective,IFC Films,95.0,2009-02-04,2009-03-31
Q1 2009,6627,Dog Eat Dog,IFC Films,80.0,2009-01-23,2009-03-31
Q2 2009,6053,Transformers: Revenge of the Fallen,DreamWorks,402111870.0,2009-06-24,2009-06-30
Q2 2009,6055,Up,Walt Disney Studios Motion Pictures,293004164.0,2009-05-29,2009-06-30
Q2 2009,6058,The Hangover,Warner Bros.,277322503.0,2009-06-05,2009-06-30
Q2 2009,6059,Star Trek,Paramount Pictures,257730019.0,2009-05-08,2009-06-30
Q2 2009,6063,X-Men Origins: Wolverine,Twentieth Century Fox,179869145.0,2009-05-01,2009-06-30
Q2 2009,6064,Night at the Museum: Battle of the Smithsonian,Twentieth Century Fox,177211996.0,2009-05-22,2009-06-30
Q2 2009,6066,The Proposal,Walt Disney Studios Motion Pictures,163958031.0,2009-06-19,2009-06-30
Q2 2009,6067,Fast & Furious,Universal Pictures,155064265.0,2009-04-03,2009-06-30
Q2 2009,6073,Angels & Demons,Sony Pictures Releasing,133375846.0,2009-05-15,2009-06-30
Q2 2009,6074,Terminator Salvation,Warner Bros.,125322469.0,2009-05-21,2009-06-30
Q2 2009,6091,Hannah Montana: The Movie,Walt Disney Studios Motion Pictures,77127521.0,2009-04-10,2009-06-30
Q2 2009,6102,Obsessed,Screen Gems,68261644.0,2009-04-24,2009-06-30
Q2 2009,6105,The Taking of Pelham 123,Sony Pictures Releasing,65452312.0,2009-06-12,2009-06-30
Q2 2009,6106,17 Again,Warner Bros.,64167069.0,2009-04-17,2009-06-30
Q2 2009,6112,Ghosts of Girlfriends Past,Warner Bros.,55250026.0,2009-05-01,2009-06-30
Q2 2009,6117,Land of the Lost,Universal Pictures,49438370.0,2009-06-05,2009-06-30
Q2 2009,6118,My Sister's Keeper,Warner Bros.,49200230.0,2009-06-26,2009-06-30
Q2 2009,6122,Year One,Sony Pictures Releasing,43337279.0,2009-06-19,2009-06-30
Q2 2009,6126,Drag Me to Hell,Universal Pictures,42100625.0,2009-05-29,2009-06-30
Q2 2009,6134,State of Play,Universal Pictures,37017955.0,2009-04-17,2009-06-30
Q2 2009,6144,Earth,Walt Disney Studios Motion Pictures,32006603.0,2009-04-22,2009-06-30
Q2 2009,6148,The Soloist,DreamWorks,31720158.0,2009-04-24,2009-06-30
Q2 2009,6156,Dance Flick,Paramount Pictures,25662155.0,2009-05-22,2009-06-30
Q2 2009,6162,Observe and Report,Warner Bros.,24007324.0,2009-04-10,2009-06-30
Q2 2009,6163,Fighting,Universal Pictures,23091010.0,2009-04-24,2009-06-30
Q2 2009,6183,Imagine That,Paramount Pictures,16123323.0,2009-06-12,2009-06-30
Q2 2009,6184,Adventureland,Miramax,16044025.0,2009-04-03,2009-06-30
Q2 2009,6196,Crank: High Voltage,Lionsgate,13684249.0,2009-04-17,2009-06-30
Q2 2009,6198,The Hurt Locker,Summit Entertainment,17017811.0,2009-06-26,2009-06-30
Q2 2009,6207,Next Day Air,Summit Entertainment,10027047.0,2009-05-08,2009-06-30
Q2 2009,6210,Away We Go,Focus Features,9451946.0,2009-06-05,2009-06-30
Q2 2009,6211,Dragonball Evolution,Twentieth Century Fox,9326925.0,2009-04-10,2009-06-30
Q2 2009,6215,My Life in Ruins,Fox Searchlight Pictures,8595389.0,2009-06-05,2009-06-30
Q2 2009,6225,Whatever Works,Sony Pictures Classics,5306706.0,2009-06-19,2009-06-30
Q2 2009,6227,Moon,Sony Pictures Classics,5010163.0,2009-06-12,2009-06-30
Q2 2009,6231,"Food, Inc.",Magnolia Pictures,4417674.0,2009-06-12,2009-06-30
Q2 2009,6236,The Brothers Bloom,Summit Entertainment,3531756.0,2009-05-15,2009-06-30
Q2 2009,6237,Space Station 3D,IMAX,93379882.0,2009-04-19,2009-06-30
Q2 2009,6241,Chéri,Miramax,2715657.0,2009-06-26,2009-06-30
Q2 2009,6242,Easy Virtue,Sony Pictures Classics,2656784.0,2009-05-22,2009-06-30
Q2 2009,6252,Rudo y Cursi,Sony Pictures Classics,1827660.0,2009-05-08,2009-06-30
Q2 2009,6254,Every Little Step,Sony Pictures Classics,1725141.0,2009-04-17,2009-06-30
Q2 2009,6255,Summer Hours,IFC Films,1657001.0,2009-05-15,2009-06-30
Q2 2009,6256,Battle for Terra,Lionsgate,1647083.0,2009-05-01,2009-06-30
Q2 2009,6258,Departures,Regent Releasing,1496341.0,2009-05-29,2009-06-30
Q2 2009,6268,Sugar,Sony Pictures Classics,1082124.0,2009-04-03,2009-06-30
Q2 2009,6279,Tyson,Sony Pictures Classics,887918.0,2009-04-24,2009-06-30
Q2 2009,6282,Séraphine,Music Box Films,884613.0,2009-06-05,2009-06-30
Q2 2009,6293,The Girlfriend Experience,Magnolia Pictures,695840.0,2009-05-22,2009-06-30
Q2 2009,6298,The Stoning of Soraya M.,Roadside Attractions,637421.0,2009-06-26,2009-06-30
Q2 2009,6302,Paris 36,Sony Pictures Classics,851540.0,2009-04-03,2009-06-30
Q2 2009,6303,Lemon Tree,IFC Films,569672.0,2009-04-17,2009-06-30
Q2 2009,6306,American Violet,The Samuel Goldwyn Company,554434.0,2009-04-17,2009-06-30
Q2 2009,6316,The Limits of Control,Focus Features,426688.0,2009-05-01,2009-06-30
Q2 2009,6327,The Merry Gentleman,The Samuel Goldwyn Company,347977.0,2009-05-01,2009-06-30
Q2 2009,6332,O'Horten,Sony Pictures Classics,302232.0,2009-05-22,2009-06-30
Q2 2009,6333,Tetro,American Zoetrope,416591.0,2009-06-11,2009-06-30
Q2 2009,6335,Adoration,Sony Pictures Classics,294244.0,2009-05-08,2009-06-30
Q2 2009,6338,Outrage,Magnolia Pictures,287198.0,2009-05-08,2009-06-30
Q2 2009,6340,Tera Mera Ki Rishta,Eros International,271942.0,2009-04-10,2009-06-30
Q2 2009,6359,Herb & Dorothy,Arthouse Films,194721.0,2009-06-05,2009-06-30
Q2 2009,6374,"War Eagle, Arkansas",Hannover House,123670.0,2009-06-12,2009-06-30
Q2 2009,6378,Monster Beach Party,Indican Pictures,112791.0,2009-04-10,2009-06-30
Q2 2009,6385,Alien Trespass,Roadside Attractions,104526.0,2009-04-03,2009-06-30
Q2 2009,6387,Gigantic,First Independent Pictures,102704.0,2009-04-03,2009-06-30
Q2 2009,6396,Under Our Skin,Shadow Distribution,97798.0,2009-06-19,2009-06-30
Q2 2009,6414,Bart Got a Room,Anchor Bay Films,53760.0,2009-04-03,2009-06-30
Q2 2009,6415,Not Forgotten,Anchor Bay Films,53744.0,2009-05-01,2009-06-30
Q2 2009,6420,Royal Kill,21st Century Film Production,50090.0,2009-04-10,2009-06-30
Q2 2009,6423,Brighton Rock,Rialto Pictures,49466.0,2009-06-19,2009-06-30
Q2 2009,6427,Dead Snow,IFC Films,46742.0,2009-06-19,2009-06-30
Q2 2009,6433,The Golden Boys,Roadside Attractions,43600.0,2009-04-17,2009-06-30
Q2 2009,6434,Big Man Japan2008 Re-release,Magnolia Pictures,40796.0,2009-05-15,2009-06-30
Q2 2009,6435,The Boys: The Sherman Brothers' Story,Walt Disney Studios Motion Pictures,54852.0,2009-05-22,2009-06-30
Q2 2009,6445,Jerichow,The Cinema Guild,59726.0,2009-05-15,2009-06-30
Q2 2009,6458,Call of the Wild,Vivendi Entertainment,28682.0,2009-06-12,2009-06-30
Q2 2009,6461,"Léon Morin, Priest",Rialto Pictures,27567.0,2009-04-17,2009-06-30
Q2 2009,6462,Louise Bourgeois,Zeitgeist Films,93478.0,2009-06-25,2009-06-30
Q2 2009,6464,Surveillance,Magnolia Pictures,27349.0,2009-06-26,2009-06-30
Q2 2009,6466,The Garden,Oscilloscope,26931.0,2009-04-24,2009-06-30
Q2 2009,6470,Kal Kissne Dekha,Adlabs Films,24625.0,2009-06-12,2009-06-30
Q2 2009,6497,April Showers,Cinedigm Entertainment Group,16880.0,2009-04-24,2009-06-30
Q2 2009,6501,Tennessee,Vivendi Entertainment,16100.0,2009-06-05,2009-06-30
Q2 2009,6514,The Escapist,IFC Films,13439.0,2009-04-03,2009-06-30
Q2 2009,6517,The Art of Being Straight,Regent Releasing,12831.0,2009-06-05,2009-06-30
Q2 2009,6518,The Song of Sparrows,Regent Releasing,116305.0,2009-04-03,2009-06-30
Q2 2009,6519,Le combat dans l'île,The Film Desk,49545.0,2009-06-12,2009-06-30
Q2 2009,6525,Quiet Chaos,IFC Films,11434.0,2009-06-26,2009-06-30
Q2 2009,6526,Laila's Birthday,Kino International,13027.0,2009-05-29,2009-06-30
Q2 2009,6532,The River Within,Inspired Life,9811.0,2009-04-03,2009-06-30
Q2 2009,6533,Treeless Mountain,Oscilloscope,59657.0,2009-04-22,2009-06-30
Q2 2009,6536,Youssou Ndour: I Bring What I Love,Shadow Distribution,170825.0,2009-06-12,2009-06-30
Q2 2009,6538,Little Ashes,Regent Releasing,481258.0,2009-05-08,2009-06-30
Q2 2009,6540,Winter of Frozen Dreams,Monterey Media,8321.0,2009-04-10,2009-06-30
Q2 2009,6548,Jazz in the Diamond District,Truly Indie,7634.0,2009-04-24,2009-06-30
Q2 2009,6552,24 City,The Cinema Guild,30358.0,2009-06-05,2009-06-30
Q2 2009,6553,Burma VJ: Reporting from a Closed Country,Oscilloscope,43629.0,2009-05-20,2009-06-30
Q2 2009,6554,Mutant Chronicles,Magnolia Pictures,6820.0,2009-04-24,2009-06-30
Q2 2009,6556,The Skeptic,IFC Films,6671.0,2009-05-01,2009-06-30
Q2 2009,6558,Unmistaken Child,Oscilloscope,306140.0,2009-06-03,2009-06-30
Q2 2009,6561,Betty Blue2009 Director's Cut,Cinema Libre Studio,10369.0,2009-06-12,2009-06-30
Q2 2009,6562,The Bride & The Grooms,Sumbadhat Productions,5995.0,2009-04-24,2009-06-30
Q2 2009,6563,Il Divo,Music Box Films,239294.0,2009-04-24,2009-06-30
Q2 2009,6573,Home,Monterey Media,9478.0,2009-04-23,2009-06-30
Q2 2009,6574,The Death Factory Bloodletting,Nocturnal Features,4638.0,2009-05-15,2009-06-30
Q2 2009,6577,The Fall,Roadside Attractions,2266905.0,2009-05-09,2009-06-30
Q2 2009,6580,Corked,28 Entertainment,4254.0,2009-06-05,2009-06-30
Q2 2009,6584,Pontypool,IFC Films,3865.0,2009-05-29,2009-06-30
Q2 2009,6585,Daytime Drinking,Eleven Arts,4746.0,2009-06-05,2009-06-30
Q2 2009,6588,Love Comes Lately,Kino International,76872.0,2009-06-13,2009-06-30
Q2 2009,6589,Death of a Ghost Hunter,Nocturnal Features,3490.0,2009-06-12,2009-06-30
Q2 2009,6592,Sleep Dealer,Maya Entertainment,60904.0,2009-04-17,2009-06-30
Q2 2009,6593,A Wink and a Smile,First Run,16763.0,2009-05-01,2009-06-30
Q2 2009,6594,WALL·E,Walt Disney Studios Motion Pictures,223799741.0,2009-06-27,2009-06-30
Q2 2009,6603,Kabei: Our Mother,Strand Releasing,12216.0,2009-05-08,2009-06-30
Q2 2009,6615,Downloading Nancy,Strand Releasing,21899.0,2009-06-05,2009-06-30
Q3 2009,6054,Harry Potter and the Half-Blood Prince,Warner Bros.,301959197.0,2009-07-15,2009-09-30
Q3 2009,6062,Ice Age: Dawn of the Dinosaurs,Twentieth Century Fox,196472300.0,2009-07-01,2009-09-30
Q3 2009,6068,G.I. Joe: The Rise of Cobra,Paramount Pictures,150201498.0,2009-08-07,2009-09-30
Q3 2009,6075,Cloudy with a Chance of Meatballs,Sony Pictures Releasing,124870275.0,2009-09-18,2009-09-30
Q3 2009,6077,Inglourious Basterds,The Weinstein Company,120540719.0,2009-08-21,2009-09-30
Q3 2009,6078,G-Force,Walt Disney Studios Motion Pictures,119276703.0,2009-07-24,2009-09-30
Q3 2009,6082,Paranormal Activity,Paramount Pictures,107918810.0,2009-09-25,2009-09-30
Q3 2009,6085,Public Enemies,Universal Pictures,97104620.0,2009-07-01,2009-09-30
Q3 2009,6087,Julie & Julia,Sony Pictures Releasing,94125426.0,2009-08-07,2009-09-30
Q3 2009,6089,The Ugly Truth,Sony Pictures Releasing,88915214.0,2009-07-24,2009-09-30
Q3 2009,6103,The Final Destination,Warner Bros.,66477700.0,2009-08-28,2009-09-30
Q3 2009,6108,The Time Traveler's Wife,Warner Bros.,63414846.0,2009-08-14,2009-09-30
Q3 2009,6109,Brüno,Universal Pictures,60054530.0,2009-07-10,2009-09-30
Q3 2009,6114,Funny People,Universal Pictures,51855045.0,2009-07-31,2009-09-30
Q3 2009,6115,I Can Do Bad All by Myself,Lionsgate,51733921.0,2009-09-11,2009-09-30
Q3 2009,6127,Orphan,Warner Bros.,41596251.0,2009-07-24,2009-09-30
Q3 2009,6131,Surrogates,Walt Disney Studios Motion Pictures,38416641.0,2009-09-25,2009-09-30
Q3 2009,6137,All About Steve,Twentieth Century Fox,33853938.0,2009-09-04,2009-09-30
Q3 2009,6140,The Informant!,Warner Bros.,33316821.0,2009-09-18,2009-09-30
Q3 2009,6143,500 Days of Summer,Fox Searchlight Pictures,32391374.0,2009-07-17,2009-09-30
Q3 2009,6147,9,Focus Features,31749894.0,2009-09-09,2009-09-30
Q3 2009,6159,Aliens in the Attic,Twentieth Century Fox,25168704.0,2009-07-31,2009-09-30
Q3 2009,6164,Love Happens,Universal Pictures,22965110.0,2009-09-18,2009-09-30
Q3 2009,6166,Fame,Metro-Goldwyn-Mayer (MGM),22455510.0,2009-09-25,2009-09-30
Q3 2009,6169,Shorts,Warner Bros.,20919166.0,2009-08-21,2009-09-30
Q3 2009,6170,Gamer,Lionsgate,20534907.0,2009-09-04,2009-09-30
Q3 2009,6182,Jennifer's Body,Twentieth Century Fox,16186947.0,2009-09-18,2009-09-30
Q3 2009,6185,A Perfect Getaway,Universal Pictures,15515460.0,2009-08-07,2009-09-30
Q3 2009,6187,"The Goods: Live Hard, Sell Hard",Paramount Vantage,15122676.0,2009-08-14,2009-09-30
Q3 2009,6189,"I Love You, Beth Cooper",Twentieth Century Fox,14752368.0,2009-07-10,2009-09-30
Q3 2009,6191,Ponyo,Walt Disney Studios Motion Pictures,15090399.0,2009-08-14,2009-09-30
Q3 2009,6192,Capitalism: A Love Story,Overture Films,14363397.0,2009-09-23,2009-09-30
Q3 2009,6202,Sorority Row,Summit Entertainment,11965282.0,2009-09-11,2009-09-30
Q3 2009,6203,Extract,Miramax,10823158.0,2009-09-04,2009-09-30
Q3 2009,6205,Pandorum,Overture Films,10330853.0,2009-09-25,2009-09-30
Q3 2009,6206,Whiteout,Warner Bros.,10275638.0,2009-09-11,2009-09-30
Q3 2009,6217,The Collector,Freestyle Releasing,7712114.0,2009-07-31,2009-09-30
Q3 2009,6218,Taking Woodstock,Focus Features,7460204.0,2009-08-26,2009-09-30
Q3 2009,6221,Post Grad,Twentieth Century Fox,6362617.0,2009-08-21,2009-09-30
Q3 2009,6226,Bandslam,Summit Entertainment,5210988.0,2009-08-14,2009-09-30
Q3 2009,6229,Bright Star,Apparition,4444637.0,2009-09-16,2009-09-30
Q3 2009,6230,Magnificent Desolation: Walking on the Moon 3D,IMAX,34136978.0,2009-09-23,2009-09-30
Q3 2009,6235,The September Issue,Roadside Attractions,3820067.0,2009-08-28,2009-09-30
Q3 2009,6244,My One and Only,Freestyle Releasing,2479538.0,2009-08-21,2009-09-30
Q3 2009,6245,Love Aaj Kal,Eros International,2430083.0,2009-07-31,2009-09-30
Q3 2009,6246,The Dark Knight,Warner Bros.,533345358.0,2009-07-18,2009-09-30
Q3 2009,6248,Adam,Fox Searchlight Pictures,2277396.0,2009-07-29,2009-09-30
Q3 2009,6259,Incredible Love,Eros International,1445739.0,2009-07-03,2009-09-30
Q3 2009,6260,I Hope They Serve Beer in Hell,Freestyle Releasing,1429299.0,2009-09-25,2009-09-30
Q3 2009,6262,X Games 3D: The Movie,Walt Disney Studios Motion Pictures,1381748.0,2009-08-21,2009-09-30
Q3 2009,6263,Kaminey,UTV Motion Pictures,1291827.0,2009-08-14,2009-09-30
Q3 2009,6264,Paper Heart,Overture Films,1274062.0,2009-08-07,2009-09-30
Q3 2009,6266,"Yoo-Hoo, Mrs. Goldberg",International Film Circuit,1134623.0,2009-07-10,2009-09-30
Q3 2009,6269,Paris,IFC Films,1010194.0,2009-09-18,2009-09-30
Q3 2009,6273,It Might Get Loud,Sony Pictures Classics,1587830.0,2009-08-14,2009-09-30
Q3 2009,6276,The Wizard of Oz2009 NCM Fathom Event,Warner Bros.,910000.0,2009-09-23,2009-09-30
Q3 2009,6277,Cold Souls,The Samuel Goldwyn Company,905209.0,2009-08-07,2009-09-30
Q3 2009,6284,The Cove,Roadside Attractions,857005.0,2009-07-31,2009-09-30
Q3 2009,6285,The Boys Are Back,Miramax,809752.0,2009-09-25,2009-09-30
Q3 2009,6300,Amreeka,National Geographic Entertainment,626933.0,2009-09-04,2009-09-30
Q3 2009,6313,The Baader Meinhof Complex,Vitagraph Films,476270.0,2009-08-21,2009-09-30
Q3 2009,6318,Humpday,Magnolia Pictures,407377.0,2009-07-10,2009-09-30
Q3 2009,6326,Wanted,Eros International,349637.0,2009-09-18,2009-09-30
Q3 2009,6330,Thirst,Focus Features,318574.0,2009-07-31,2009-09-30
Q3 2009,6336,A Woman in Berlin,Strand Releasing,294014.0,2009-07-17,2009-09-30
Q3 2009,6341,What's Your Raashee?,UTV Motion Pictures,257868.0,2009-09-25,2009-09-30
Q3 2009,6342,Blood: The Last Vampire,The Samuel Goldwyn Company,257412.0,2009-07-10,2009-09-30
Q3 2009,6343,Fireproof,The Samuel Goldwyn Company,33456317.0,2009-09-26,2009-09-30
Q3 2009,6345,Spread,Anchor Bay Films,250618.0,2009-08-14,2009-09-30
Q3 2009,6350,Eagle Eye,DreamWorks,101440743.0,2009-09-26,2009-09-30
Q3 2009,6352,Big Fan,First Independent Pictures,234422.0,2009-08-28,2009-09-30
Q3 2009,6353,World's Greatest Dad,Magnolia Pictures,221805.0,2009-08-21,2009-09-30
Q3 2009,6355,Soul Power,Sony Pictures Classics,207121.0,2009-07-10,2009-09-30
Q3 2009,6356,The Burning Plain,Magnolia Pictures,200730.0,2009-09-18,2009-09-30
Q3 2009,6361,Shrink,Roadside Attractions,189621.0,2009-07-24,2009-09-30
Q3 2009,6364,Crude,First Run,169796.0,2009-09-09,2009-09-30
Q3 2009,6366,The Other Man,Image Entertainment,149528.0,2009-09-11,2009-09-30
Q3 2009,6367,Luck,Studio 18,149333.0,2009-07-24,2009-09-30
Q3 2009,6370,Appaloosa,Warner Bros.,20211394.0,2009-09-19,2009-09-30
Q3 2009,6371,The Horse Boy,Zeitgeist Films,138291.0,2009-09-30,2009-09-30
Q3 2009,6375,The Legend of God's Gun,Indican Pictures,243079.0,2009-07-18,2009-09-30
Q3 2009,6377,Enlighten Up!,Balcony Releasing,146215.0,2009-09-12,2009-09-30
Q3 2009,6384,Nights in Rodanthe,Warner Bros.,41850659.0,2009-09-26,2009-09-30
Q3 2009,6386,Carriers,Paramount Vantage,104352.0,2009-09-04,2009-09-30
Q3 2009,6391,Shortkut - The Con Is On,Studio 18,100304.0,2009-07-10,2009-09-30
Q3 2009,6392,No Impact Man: The Documentary,Oscilloscope,100028.0,2009-09-11,2009-09-30
Q3 2009,6399,Igor,Metro-Goldwyn-Mayer (MGM),19528602.0,2009-09-19,2009-09-30
Q3 2009,6403,Life Partner,Studio 18,76197.0,2009-08-14,2009-09-30
Q3 2009,6405,Disgrace2009 Re-release,Paladin,69705.0,2009-09-18,2009-09-30
Q3 2009,6409,The Providence Effect,Slowhand Cinema Releasing,62500.0,2009-09-25,2009-09-30
Q3 2009,6412,La Bohème,Emerging Pictures,54464.0,2009-09-23,2009-09-30
Q3 2009,6416,Mystery Team,Roadside Attractions,89442.0,2009-08-28,2009-09-30
Q3 2009,6419,American Casino,Argot Pictures,50437.0,2009-08-14,2009-09-30
Q3 2009,6422,The Beaches of Agnès,The Cinema Guild,238978.0,2009-07-02,2009-09-30
Q3 2009,6428,Casi divas2009 Re-release,Maya Entertainment,46612.0,2009-08-21,2009-09-30
Q3 2009,6447,Brief Interviews with Hideous Men,IFC Films,33745.0,2009-09-25,2009-09-30
Q3 2009,6448,Beyond a Reasonable Doubt,Anchor Bay Films,32917.0,2009-09-11,2009-09-30
Q3 2009,6452,Tell No One,Music Box Films,6177192.0,2009-07-02,2009-09-30
Q3 2009,6457,Teza,Mypheduh Films,30070.0,2009-09-18,2009-09-30
Q3 2009,6467,The Answer Man,Magnolia Pictures,26676.0,2009-07-24,2009-09-30
Q3 2009,6469,Gotta Dance,Mitropoulos Films,25108.0,2009-07-31,2009-09-30
Q3 2009,6473,The Girl from Monaco2008 Re-release,Magnolia Pictures,595022.0,2009-07-03,2009-09-30
Q3 2009,6476,Death in Love,Screen Media Films,23412.0,2009-07-17,2009-09-30
Q3 2009,6478,"You, the Living",Palisades Tartan,21438.0,2009-07-29,2009-09-30
Q3 2009,6479,We Live in Public,Abramorama,40552.0,2009-08-28,2009-09-30
Q3 2009,6480,"Not Quite Hollywood: The Wild, Untold Story of Ozploitation!",Magnolia Pictures,21152.0,2009-07-31,2009-09-30
Q3 2009,6483,Beeswax,The Cinema Guild,41439.0,2009-08-07,2009-09-30
Q3 2009,6484,The Open Road,Anchor Bay Films,19716.0,2009-08-28,2009-09-30
Q3 2009,6486,Tony Manero,Lorber Films,18774.0,2009-07-03,2009-09-30
Q3 2009,6496,Earth Days,Zeitgeist Films,25842.0,2009-08-14,2009-09-30
Q3 2009,6498,The Way We Get By,International Film Circuit,106542.0,2009-07-17,2009-09-30
Q3 2009,6503,Walt & El Grupo,Walt Disney Studios Motion Pictures,15843.0,2009-09-09,2009-09-30
Q3 2009,6511,Daddy Cool: Join the Fun,Adlabs Films,14319.0,2009-08-28,2009-09-30
Q3 2009,6516,Antarctica,Regent Releasing,21151.0,2009-08-29,2009-09-30
Q3 2009,6528,I Hate Valentine's Day,IFC Films,11004.0,2009-07-03,2009-09-30
Q3 2009,6529,I.O.U.S.A.,Roadside Attractions,821046.0,2009-08-22,2009-09-30
Q3 2009,6530,Evangelion: 1.0 You Are (Not) Alone,Eleven Arts,107797.0,2009-07-03,2009-09-30
Q3 2009,6541,Grace,Anchor Bay Films,8297.0,2009-08-14,2009-09-30
Q3 2009,6545,I Sell the Dead,IFC Films,8050.0,2009-08-07,2009-09-30
Q3 2009,6551,Save Me,First Run,82651.0,2009-09-05,2009-09-30
Q3 2009,6557,August Evening,Maya Entertainment,73760.0,2009-09-05,2009-09-30
Q3 2009,6559,Mississippi Mermaid,The Film Desk,31413.0,2009-07-10,2009-09-30
Q3 2009,6560,Streetballers,MSK Productions,27523.0,2009-08-21,2009-09-30
Q3 2009,6565,Bliss2009 Re-release,First Run,37493.0,2009-08-07,2009-09-30
Q3 2009,6568,Gogol Bordello Non-Stop,Lorber Films,5532.0,2009-09-11,2009-09-30
Q3 2009,6572,Momma's Man,Kino International,99873.0,2009-08-22,2009-09-30
Q3 2009,6575,Fly Me to the Moon 3D,Summit Entertainment,13804259.0,2009-08-15,2009-09-30
Q3 2009,6578,Cloud 9,Music Box Films,90884.0,2009-08-14,2009-09-30
Q3 2009,6579,Sixty Six2008 Re-release,First Independent Pictures,224313.0,2009-08-01,2009-09-30
Q3 2009,6582,The Marc Pease Experience,Paramount Vantage,4033.0,2009-08-21,2009-09-30
Q3 2009,6587,Give Me Your Hand,Strand Releasing,3601.0,2009-09-11,2009-09-30
Q3 2009,6591,Devil Girl,Nocturnal Features,3244.0,2009-09-18,2009-09-30
Q3 2009,6595,The Wonder of It All,Indican Pictures,781016.0,2009-07-17,2009-09-30
Q3 2009,6597,The Headless Woman,Strand Releasing,98969.0,2009-08-19,2009-09-30
Q3 2009,6599,Sikandar,Adlabs Films,1954.0,2009-08-21,2009-09-30
Q3 2009,6611,Loren Cass,Kino International,8125.0,2009-07-24,2009-09-30
Q3 2009,6612,How to Be a Serial Killer,Monterey Media,899.0,2009-07-24,2009-09-30
Q3 2009,6614,Taxidermia2009 Re-release,Regent Releasing,11408.0,2009-08-14,2009-09-30
Q3 2009,6618,Vanished Empire2009 Re-release,Kino International,8043.0,2009-07-10,2009-09-30
Q3 2009,6619,Lion's Den,Strand Releasing,12140.0,2009-07-03,2009-09-30
Q3 2009,6622,"Patrik, Age 1.5",Regent Releasing,52878.0,2009-08-14,2009-09-30
Q3 2009,6623,A Man Named Pearl,Tentmakers Entertainment,201603.0,2009-08-31,2009-09-30
Q3 2009,6626,The Amazing Truth About Queen Raquela,Regent Releasing,5384.0,2009-09-26,2009-09-30
Q4 2009,6056,The Twilight Saga: New Moon,Summit Entertainment,296623634.0,2009-11-20,2009-12-31
Q4 2009,6057,Avatar,Twentieth Century Fox,749766139.0,2009-12-18,2009-12-31
Q4 2009,6061,The Blind Side,Warner Bros.,255951749.0,2009-11-20,2009-12-31
Q4 2009,6065,2012,Sony Pictures Releasing,166112167.0,2009-11-13,2009-12-31
Q4 2009,6071,Gran Torino,Warner Bros.,148095302.0,2009-12-12,2009-12-31
Q4 2009,6072,A Christmas Carol,Walt Disney Studios Motion Pictures,137562562.0,2009-11-06,2009-12-31
Q4 2009,6076,Alvin and the Chipmunks: The Squeakquel,Twentieth Century Fox,219553378.0,2009-12-23,2009-12-31
Q4 2009,6079,Slumdog Millionaire,Fox Searchlight Pictures,141313054.0,2009-11-12,2009-12-31
Q4 2009,6081,Couples Retreat,Universal Pictures,109204945.0,2009-10-09,2009-12-31
Q4 2009,6084,Sherlock Holmes,Warner Bros.,209028679.0,2009-12-25,2009-12-31
Q4 2009,6092,Where the Wild Things Are,Warner Bros.,77233467.0,2009-10-16,2009-12-31
Q4 2009,6093,The Princess and the Frog,Walt Disney Studios Motion Pictures,97955233.0,2009-11-25,2009-12-31
Q4 2009,6094,Zombieland,Sony Pictures Releasing,75590286.0,2009-10-02,2009-12-31
Q4 2009,6096,The Curious Case of Benjamin Button,Paramount Pictures,127509326.0,2009-12-25,2009-12-31
Q4 2009,6098,Law Abiding Citizen,Overture Films,73357727.0,2009-10-16,2009-12-31
Q4 2009,6099,This Is It,Sony Pictures Releasing,72091016.0,2009-10-28,2009-12-31
Q4 2009,6101,Marley & Me,Twentieth Century Fox,143146360.0,2009-12-25,2009-12-31
Q4 2009,6113,Bedtime Stories,Walt Disney Studios Motion Pictures,110101975.0,2009-12-25,2009-12-31
Q4 2009,6119,Old Dogs,Walt Disney Studios Motion Pictures,47397427.0,2009-11-25,2009-12-31
Q4 2009,6124,Precious,Lionsgate,47566524.0,2009-11-06,2009-12-31
Q4 2009,6125,Valkyrie,United Artists,83077833.0,2009-12-25,2009-12-31
Q4 2009,6129,It's Complicated,Universal Pictures,112735375.0,2009-12-25,2009-12-31
Q4 2009,6130,Planet 51,Sony Pictures Releasing,42194060.0,2009-11-20,2009-12-31
Q4 2009,6132,Yes Man,Warner Bros.,97690976.0,2009-12-19,2009-12-31
Q4 2009,6133,Ninja Assassin,Warner Bros.,38122883.0,2009-11-25,2009-12-31
Q4 2009,6138,Up in the Air,Paramount Pictures,83823381.0,2009-12-04,2009-12-31
Q4 2009,6142,The Reader,The Weinstein Company,34194407.0,2009-12-10,2009-12-31
Q4 2009,6145,The Men Who Stare at Goats,Overture Films,32428195.0,2009-11-06,2009-12-31
Q4 2009,6149,Toy Story2009 Re-release,Walt Disney Studios Motion Pictures,30330805.0,2009-10-02,2009-12-31
Q4 2009,6150,The Stepfather,Screen Gems,29062561.0,2009-10-16,2009-12-31
Q4 2009,6151,Defiance,Paramount Vantage,28644813.0,2009-12-31,2009-12-31
Q4 2009,6153,Saw VI,Lionsgate,27693292.0,2009-10-23,2009-12-31
Q4 2009,6154,Invictus,Warner Bros.,37491364.0,2009-12-11,2009-12-31
Q4 2009,6155,Brothers,Lionsgate,28544157.0,2009-12-04,2009-12-31
Q4 2009,6158,The Fourth Kind,Universal Pictures,25486040.0,2009-11-06,2009-12-31
Q4 2009,6160,The Wrestler,Fox Searchlight Pictures,26232937.0,2009-12-17,2009-12-31
Q4 2009,6161,Seven Pounds,Sony Pictures Releasing,69951824.0,2009-12-19,2009-12-31
Q4 2009,6165,Revolutionary Road,Paramount Vantage,22911480.0,2009-12-26,2009-12-31
Q4 2009,6167,Twilight,Summit Entertainment,192769854.0,2009-11-21,2009-12-31
Q4 2009,6168,Doubt,Miramax,33446470.0,2009-12-12,2009-12-31
Q4 2009,6171,Did You Hear About the Morgans?,Sony Pictures Releasing,29580087.0,2009-12-18,2009-12-31
Q4 2009,6172,Astro Boy,Summit Entertainment,19551067.0,2009-10-23,2009-12-31
Q4 2009,6175,Fantastic Mr. Fox,Twentieth Century Fox,20958741.0,2009-11-13,2009-12-31
Q4 2009,6176,The Invention of Lying,Warner Bros.,18451251.0,2009-10-02,2009-12-31
Q4 2009,6178,Milk,Focus Features,31841299.0,2009-11-26,2009-12-31
Q4 2009,6180,The Tale of Despereaux,Universal Pictures,50877145.0,2009-12-19,2009-12-31
Q4 2009,6186,Armored,Screen Gems,15988876.0,2009-12-04,2009-12-31
Q4 2009,6188,The Box,Warner Bros.,15051977.0,2009-11-06,2009-12-31
Q4 2009,6190,Last Chance Harvey,Overture Films,14889042.0,2009-12-25,2009-12-31
Q4 2009,6193,Frost/Nixon,Universal Pictures,18622031.0,2009-12-05,2009-12-31
Q4 2009,6194,Amelia,Fox Searchlight Pictures,14246488.0,2009-10-23,2009-12-31
Q4 2009,6195,Cirque du Freak: The Vampire's Assistant,Universal Pictures,13869515.0,2009-10-23,2009-12-31
Q4 2009,6197,Whip It,Fox Searchlight Pictures,13025018.0,2009-10-02,2009-12-31
Q4 2009,6201,The Day the Earth Stood Still,Twentieth Century Fox,79308794.0,2009-12-12,2009-12-31
Q4 2009,6208,Nine,The Weinstein Company,19670243.0,2009-12-18,2009-12-31
Q4 2009,6209,The Boondock Saints II: All Saints Day,Apparition,10273188.0,2009-10-30,2009-12-31
Q4 2009,6212,Everybody's Fine,Miramax,9208876.0,2009-12-04,2009-12-31
Q4 2009,6213,A Serious Man,Focus Features,9228768.0,2009-10-02,2009-12-31
Q4 2009,6216,Pirate Radio,Focus Features,8017917.0,2009-11-13,2009-12-31
Q4 2009,6219,The Spirit,Lionsgate,19806188.0,2009-12-25,2009-12-31
Q4 2009,6220,Bolt,Walt Disney Studios Motion Pictures,113643011.0,2009-11-21,2009-12-31
Q4 2009,6223,Four Christmases,Warner Bros.,120146040.0,2009-11-26,2009-12-31
Q4 2009,6232,Australia,Twentieth Century Fox,49534424.0,2009-11-26,2009-12-31
Q4 2009,6233,Madagascar: Escape 2 Africa,DreamWorks,180010950.0,2009-11-07,2009-12-31
Q4 2009,6234,Good Hair,Roadside Attractions,4157223.0,2009-10-09,2009-12-31
Q4 2009,6238,3 Idiots,Reliance Big Pictures,6532874.0,2009-12-23,2009-12-31
Q4 2009,6240,Quantum of Solace,Sony Pictures Releasing,168368427.0,2009-11-14,2009-12-31
Q4 2009,6247,Sea Monsters: A Prehistoric Adventure,National Geographic Entertainment,23744066.0,2009-10-05,2009-12-31
Q4 2009,6249,Waltz with Bashir,Sony Pictures Classics,2283849.0,2009-12-25,2009-12-31
Q4 2009,6257,"New York, I Love You",Vivendi Entertainment,1588015.0,2009-10-16,2009-12-31
Q4 2009,6261,Bad Lieutenant: Port of Call New Orleans,First Look International,1702112.0,2009-11-20,2009-12-31
Q4 2009,6265,A Single Man,The Weinstein Company,9152334.0,2009-12-11,2009-12-31
Q4 2009,6267,The Young Victoria,Apparition,11001272.0,2009-12-18,2009-12-31
Q4 2009,6271,More Than a Game,Lionsgate,950675.0,2009-10-02,2009-12-31
Q4 2009,6272,De Dana Dan,Eros International,944979.0,2009-11-27,2009-12-31
Q4 2009,6274,Role Models,Universal Pictures,67294270.0,2009-11-07,2009-12-31
Q4 2009,6278,I've Loved You So Long,Sony Pictures Classics,3169305.0,2009-10-24,2009-12-31
Q4 2009,6283,Me and Orson Welles,Freestyle Releasing,1190003.0,2009-11-25,2009-12-31
Q4 2009,6286,Wendy and Lucy,Oscilloscope,865695.0,2009-12-10,2009-12-31
Q4 2009,6289,Kurbaan,UTV Motion Pictures,754268.0,2009-11-20,2009-12-31
Q4 2009,6291,Let the Right One In,Magnolia Pictures,2122065.0,2009-10-24,2009-12-31
Q4 2009,6292,Wake Up Sid,UTV Motion Pictures,718766.0,2009-10-02,2009-12-31
Q4 2009,6295,The Imaginarium of Doctor Parnassus,Sony Pictures Classics,7689607.0,2009-12-25,2009-12-31
Q4 2009,6299,The Messenger,Oscilloscope,1109660.0,2009-11-13,2009-12-31
Q4 2009,6307,From Mexico with Love,Roadside Attractions,548787.0,2009-10-09,2009-12-31
Q4 2009,6308,Red Cliff,Magnolia Pictures,627047.0,2009-11-18,2009-12-31
Q4 2009,6309,The Polar Express2009 IMAX Release,Warner Bros.,514354.0,2009-11-06,2009-12-31
Q4 2009,6310,The Maid,Elephant Eye Films,576608.0,2009-10-16,2009-12-31
Q4 2009,6311,Ghajini,Adlabs Films,2192682.0,2009-12-24,2009-12-31
Q4 2009,6312,Crazy Heart,Fox Searchlight Pictures,39458875.0,2009-12-16,2009-12-31
Q4 2009,6317,"Synecdoche, New York",Sony Pictures Classics,3083538.0,2009-10-24,2009-12-31
Q4 2009,6319,The Nightmare Before Christmas2009 3D Release,Walt Disney Studios Motion Pictures,406085.0,2009-10-23,2009-12-31
Q4 2009,6320,Antichrist,IFC Films,404122.0,2009-10-23,2009-12-31
Q4 2009,6321,Transylmania,Full Circle Releasing,397641.0,2009-12-04,2009-12-31
Q4 2009,6322,La Danse: The Paris Opera Ballet,Zipporah Films,500562.0,2009-11-04,2009-12-31
Q4 2009,6324,Cadillac Records,Sony Pictures Releasing,8195551.0,2009-12-05,2009-12-31
Q4 2009,6328,Nothing Like the Holidays,Overture Films,7503736.0,2009-12-12,2009-12-31
Q4 2009,6329,The Boy in the Striped Pajamas,Miramax,9046156.0,2009-11-07,2009-12-31
Q4 2009,6331,The Lovely Bones,DreamWorks,44114232.0,2009-12-11,2009-12-31
Q4 2009,6334,London Dreams,Studio 18,300293.0,2009-10-30,2009-12-31
Q4 2009,6337,Happy-Go-Lucky,Miramax,3512016.0,2009-10-10,2009-12-31
Q4 2009,6339,The Secret Life of Bees,Fox Searchlight Pictures,37728121.0,2009-10-17,2009-12-31
Q4 2009,6344,The Private Lives of Pippa Lee,Screen Media Films,337356.0,2009-11-27,2009-12-31
Q4 2009,6346,Larger Than Life in 3D,Cinedigm Entertainment Group,246042.0,2009-12-11,2009-12-31
Q4 2009,6347,Zack and Miri Make a Porno,The Weinstein Company,31457946.0,2009-10-31,2009-12-31
Q4 2009,6348,Harvard Beats Yale 29-29,Kino International,265651.0,2009-11-19,2009-12-31
Q4 2009,6349,Black Dynamite,Apparition,242578.0,2009-10-16,2009-12-31
Q4 2009,6351,(Untitled),The Samuel Goldwyn Company,230600.0,2009-10-23,2009-12-31
Q4 2009,6354,Do Knot Disturb,Adlabs Films,213525.0,2009-10-02,2009-12-31
Q4 2009,6358,Main Aurr Mrs Khanna,UTV Motion Pictures,197183.0,2009-10-16,2009-12-31
Q4 2009,6360,Body of Lies,Warner Bros.,39394666.0,2009-10-10,2009-12-31
Q4 2009,6362,Passport to Love,Variance Films,173828.0,2009-10-09,2009-12-31
Q4 2009,6365,Beverly Hills Chihuahua,Walt Disney Studios Motion Pictures,94286898.0,2009-10-03,2009-12-31
Q4 2009,6368,Changeling,Universal Pictures,35739802.0,2009-10-24,2009-12-31
Q4 2009,6369,Free Style,The Samuel Goldwyn Company,141108.0,2009-10-09,2009-12-31
Q4 2009,6379,Gentlemen Broncos,Fox Searchlight Pictures,111996.0,2009-10-30,2009-12-31
Q4 2009,6382,A Christmas Tale,IFC Films,1060922.0,2009-11-14,2009-12-31
Q4 2009,6383,Bronson,Magnolia Pictures,104979.0,2009-10-09,2009-12-31
Q4 2009,6388,Ong Bak 2,Magnolia Pictures,102458.0,2009-10-23,2009-12-31
Q4 2009,6389,The House of the Devil,Magnolia Pictures,101215.0,2009-10-30,2009-12-31
Q4 2009,6390,High School Musical 3,Walt Disney Studios Motion Pictures,90499322.0,2009-10-24,2009-12-31
Q4 2009,6395,Motherhood,Freestyle Releasing,93388.0,2009-10-23,2009-12-31
Q4 2009,6398,The Polar Express2008 IMAX Release,Warner Bros.,1705694.0,2009-11-21,2009-12-31
Q4 2009,6402,The Haunting of Molly Hartley,Freestyle Releasing,13559812.0,2009-10-31,2009-12-31
Q4 2009,6407,The Secrets,Monterey Media,122094.0,2009-11-26,2009-12-31
Q4 2009,6410,The Secret of the Grain,IFC Films,86356.0,2009-12-24,2009-12-31
Q4 2009,6417,Lost in Love,Cinedigm Entertainment Group,52453.0,2009-10-16,2009-12-31
Q4 2009,6418,Trucker,Monterey Media,52166.0,2009-10-09,2009-12-31
Q4 2009,6421,$9.99,Regent Releasing,51563.0,2009-12-12,2009-12-31
Q4 2009,6424,That Evening Sun,Freestyle Releasing,281350.0,2009-11-06,2009-12-31
Q4 2009,6425,Killing Kasztner,Sky Island Films,85779.0,2009-10-23,2009-12-31
Q4 2009,6426,Collapse,Vitagraph Films,46964.0,2009-11-06,2009-12-31
Q4 2009,6429,The Sun2009 Re-release,Lorber Films,62602.0,2009-11-18,2009-12-31
Q4 2009,6430,William Kunstler: Disturbing the Universe,Arthouse Films,46078.0,2009-11-13,2009-12-31
Q4 2009,6431,Che: Part One/Che: Part Two,IFC Films,523229.0,2009-12-12,2009-12-31
Q4 2009,6432,Until the Light Takes Us,Variance Films,127013.0,2009-12-04,2009-12-31
Q4 2009,6436,Transporter 3,Lionsgate,31715062.0,2009-11-26,2009-12-31
Q4 2009,6437,The Slammin' Salmon,Anchor Bay Films,41587.0,2009-12-11,2009-12-31
Q4 2009,6438,One Day You'll Understand,Kino International,123598.0,2009-10-31,2009-12-31
Q4 2009,6439,"Police, Adjective",IFC Films,53206.0,2009-12-23,2009-12-31
Q4 2009,6440,Oh My God,Mitropoulos Films,38244.0,2009-11-13,2009-12-31
Q4 2009,6442,Bicycle Thieves2008 Re-release,Corinth Films,36818.0,2009-10-31,2009-12-31
Q4 2009,6443,Uncertainty,IFC Films,36689.0,2009-11-13,2009-12-31
Q4 2009,6446,The Wild Child,The Film Desk,64048.0,2009-11-07,2009-12-31
Q4 2009,6451,Pray the Devil Back to Hell,Balcony Releasing,85222.0,2009-11-07,2009-12-31
Q4 2009,6453,Lola Montès,Rialto Pictures,120306.0,2009-10-10,2009-12-31
Q4 2009,6463,Stranded: I've Come from a Plane That Crashed on the Mountains,Zeitgeist Films,89473.0,2009-10-22,2009-12-31
Q4 2009,6468,Serious Moonlight,Magnolia Pictures,25339.0,2009-12-04,2009-12-31
Q4 2009,6474,Rachel Getting Married,Sony Pictures Classics,10758023.0,2009-10-03,2009-12-31
Q4 2009,6475,Max Payne,Twentieth Century Fox,40689393.0,2009-10-17,2009-12-31
Q4 2009,6477,Good,THINKFilm,27276.0,2009-12-31,2009-12-31
Q4 2009,6481,City of Ember,Twentieth Century Fox,7873007.0,2009-10-10,2009-12-31
Q4 2009,6492,Dare,Image Entertainment,18088.0,2009-11-13,2009-12-31
Q4 2009,6493,Women in Trouble,Screen Media Films,18000.0,2009-11-13,2009-12-31
Q4 2009,6495,Adventures of Power,Variance Films,17419.0,2009-10-09,2009-12-31
Q4 2009,6499,Santa vs. the Snowman 3D2008 Re-release,IMAX,433797.0,2009-10-31,2009-12-31
Q4 2009,6500,Splinterheads,Paladin,16392.0,2009-11-06,2009-12-31
Q4 2009,6502,Storm2009 Re-release,Film Movement,16013.0,2009-10-30,2009-12-31
Q4 2009,6504,Ciao,Regent Releasing,48793.0,2009-12-05,2009-12-31
Q4 2009,6507,Small Change,The Film Desk,37610.0,2009-11-24,2009-12-31
Q4 2009,6508,How About You...,Strand Releasing,75354.0,2009-11-14,2009-12-31
Q4 2009,6510,A Town Called Panic,Zeitgeist Films,161624.0,2009-12-16,2009-12-31
Q4 2009,6512,The Wedding Song,Strand Releasing,30162.0,2009-10-09,2009-12-31
Q4 2009,6513,The Betrayal,The Cinema Guild,20738.0,2009-11-21,2009-12-31
Q4 2009,6520,Galapagos,IMAX,18627957.0,2009-10-29,2009-12-31
Q4 2009,6521,Defamation,First Run,12038.0,2009-11-20,2009-12-31
Q4 2009,6523,Chelsea on the Rocks,Aliquot Films,11799.0,2009-10-02,2009-12-31
Q4 2009,6524,One Peace at a Time,Monterey Media,11698.0,2009-12-04,2009-12-31
Q4 2009,6527,Looking for Palladin,Wildcat Releasing,11268.0,2009-10-30,2009-12-31
Q4 2009,6531,Fix,Mangusta Productions,9890.0,2009-11-20,2009-12-31
Q4 2009,6534,Mammoth,IFC Films,9580.0,2009-11-20,2009-12-31
Q4 2009,6535,Home2008 Re-release,Lorber Films,15677.0,2009-11-27,2009-12-31
Q4 2009,6543,The Beautiful Truth,Cinema Libre Studio,11199.0,2009-11-14,2009-12-31
Q4 2009,6549,Call + Response,Fair Trade Pictures,215185.0,2009-10-10,2009-12-31
Q4 2009,6566,The Janky Promoters,Third Rail Releasing,5702.0,2009-10-16,2009-12-31
Q4 2009,6571,The Strip,Truly Indie,5107.0,2009-12-04,2009-12-31
Q4 2009,6576,The Ministers,Maya Entertainment,4447.0,2009-10-16,2009-12-31
Q4 2009,6583,Afterschool,IFC Films,3911.0,2009-10-02,2009-12-31
Q4 2009,6590,Ricky,IFC Films,3457.0,2009-12-16,2009-12-31
Q4 2009,6596,"Otto; or, Up with Dead People",Strand Releasing,10442.0,2009-11-07,2009-12-31
Q4 2009,6601,The Canyon,Truly Indie,1785.0,2009-10-23,2009-12-31
Q4 2009,6605,Yuri Gagarin Conspiracy: Fallen Idol,Indican Pictures,13179.0,2009-10-02,2009-12-31
Q4 2009,6606,Food Beware: The French Organic Revolution,First Run,1181.0,2009-10-16,2009-12-31
Q4 2009,6607,House of the Sleeping Beauties,First Run,4422.0,2009-11-14,2009-12-31
Q4 2009,6609,Ashes of Time,Sony Pictures Classics,174273.0,2009-10-10,2009-12-31
Q4 2009,6616,Breakfast with Scot,Regent Releasing,45946.0,2009-10-10,2009-12-31
Q4 2009,6617,Tru Loved,Regent Releasing,9192.0,2009-10-17,2009-12-31
Q4 2009,6620,I Can't Think Straight,Regent Releasing,39092.0,2009-11-21,2009-12-31
Q4 2009,6621,T-Rex: Back to the Cretaceous,IMAX,53354743.0,2009-10-23,2009-12-31
Q4 2009,6628,Yiddish Theater: A Love Story,New Love Films,37611.0,2009-11-21,2009-12-31
Q4 2009,6629,Eden,Liberation Entertainment,13900.0,2009-11-14,2009-12-31
