season,Unnamed: 0,movie,studio,gross,release,time
Q1 2005,3538,Hitch,Sony Pictures Releasing,179495555.0,2005-02-11,2005-03-31
Q1 2005,3544,Robots,Twentieth Century Fox,128200012.0,2005-03-11,2005-03-31
Q1 2005,3546,The Pacifier,Walt Disney Studios Motion Pictures,109151000.0,2005-03-04,2005-03-31
Q1 2005,3551,Are We There Yet?,Revolution Studios,82674398.0,2005-01-21,2005-03-31
Q1 2005,3554,The Ring Two,DreamWorks Distribution,76231249.0,2005-03-18,2005-03-31
Q1 2005,3555,Constantine,Warner Bros.,75976178.0,2005-02-18,2005-03-31
Q1 2005,3559,Guess Who,Sony Pictures Releasing,68915888.0,2005-03-25,2005-03-31
Q1 2005,3561,Coach Carter,Paramount Pictures,67264877.0,2005-01-14,2005-03-31
Q1 2005,3569,White Noise,Universal Pictures,56386759.0,2005-01-07,2005-03-31
Q1 2005,3570,Be Cool,Metro-Goldwyn-Mayer (MGM),56046979.0,2005-03-04,2005-03-31
Q1 2005,3575,Hide and Seek,Twentieth Century Fox,51088333.0,2005-01-28,2005-03-31
Q1 2005,3579,Racing Stripes,Warner Bros.,49772522.0,2005-01-14,2005-03-31
Q1 2005,3580,Diary of a Mad Black Woman,Lionsgate,50633099.0,2005-02-25,2005-03-31
Q1 2005,3582,Miss Congeniality 2: Armed & Fabulous,Warner Bros.,48478006.0,2005-03-24,2005-03-31
Q1 2005,3586,Boogeyman,Screen Gems,46752382.0,2005-02-04,2005-03-31
Q1 2005,3596,Beauty Shop,Metro-Goldwyn-Mayer (MGM),36351350.0,2005-03-30,2005-03-31
Q1 2005,3603,Because of Winn-Dixie,Twentieth Century Fox,32617187.0,2005-02-18,2005-03-31
Q1 2005,3606,The Wedding Date,Universal Pictures,31726995.0,2005-02-04,2005-03-31
Q1 2005,3620,Elektra,Twentieth Century Fox,24409722.0,2005-01-14,2005-03-31
Q1 2005,3627,Ice Princess,Walt Disney Studios Motion Pictures,22501599.0,2005-03-18,2005-03-31
Q1 2005,3634,Man of the House,Sony Pictures Releasing,19699706.0,2005-02-25,2005-03-31
Q1 2005,3641,Pooh's Heffalump Movie,Walt Disney Studios Motion Pictures,17229670.0,2005-02-11,2005-03-31
Q1 2005,3666,Bugs!,SK Films,19062359.0,2005-03-12,2005-03-31
Q1 2005,3667,Millions,Fox Searchlight Pictures,6572419.0,2005-03-11,2005-03-31
Q1 2005,3669,The Jacket,Warner Independent Pictures (WIP),6303762.0,2005-03-04,2005-03-31
Q1 2005,3673,Alone in the Dark,Lionsgate,5178569.0,2005-01-28,2005-03-31
Q1 2005,3683,Melinda and Melinda,Fox Searchlight Pictures,3803268.0,2005-03-18,2005-03-31
Q1 2005,3692,Aliens of the Deep,Walt Disney Studios Motion Pictures,8961527.0,2005-01-28,2005-03-31
Q1 2005,3696,Walk on Water,IDP Distribution,2713932.0,2005-03-04,2005-03-31
Q1 2005,3700,Assault on Precinct 13,Rogue Pictures,16643000.0,2005-01-19,2005-03-31
Q1 2005,3715,Son of the Mask,New Line Cinema,9100115.0,2005-02-18,2005-03-31
Q1 2005,3717,The Chorus2005 Re-release,Miramax,1548036.0,2005-01-14,2005-03-31
Q1 2005,3755,The Ballad of Jack and Rose,IFC Films,712275.0,2005-03-25,2005-03-31
Q1 2005,3756,Inside Deep Throat,Universal Pictures,691880.0,2005-02-11,2005-03-31
Q1 2005,3764,Gunner Palace,Palm Pictures,607844.0,2005-03-04,2005-03-31
Q1 2005,3765,Schultze Gets the Blues,Paramount Classics,595071.0,2005-02-18,2005-03-31
Q1 2005,3768,NASCAR: The IMAX Experience,Warner Bros.,21583831.0,2005-03-12,2005-03-31
Q1 2005,3772,Travelers and Magicians,Zeitgeist Films,506793.0,2005-01-07,2005-03-31
Q1 2005,3778,Steamboy,Triumph Releasing Corporation,468867.0,2005-03-18,2005-03-31
Q1 2005,3783,Head-On,Strand Releasing,435395.0,2005-01-21,2005-03-31
Q1 2005,3809,Dot the I,Freestyle Releasing,304211.0,2005-03-11,2005-03-31
Q1 2005,3811,The Upside of Anger,New Line Cinema,18126000.0,2005-03-11,2005-03-31
Q1 2005,3817,The Best of Youth,Miramax,274024.0,2005-03-02,2005-03-31
Q1 2005,3822,Up and Down,Sony Pictures Classics,245127.0,2005-02-25,2005-03-31
Q1 2005,3826,Nina's Tragedies,Wellspring Media,238831.0,2005-03-25,2005-03-31
Q1 2005,3831,Mondovino,THINKFilm,209618.0,2005-03-23,2005-03-31
Q1 2005,3833,Bewafaa,Eros International,670076.0,2005-02-25,2005-03-31
Q1 2005,3842,In My Country,Sony Pictures Classics,163893.0,2005-03-11,2005-03-31
Q1 2005,3848,Kisna: The Warrior Poet,Eros International,147000.0,2005-01-21,2005-03-31
Q1 2005,3852,Ong-Bak: The Thai Warrior,Magnolia Pictures,2814161.0,2005-02-11,2005-03-31
Q1 2005,3864,D.E.B.S.,IDP Distribution,97446.0,2005-03-25,2005-03-31
Q1 2005,3871,Appleseed,Geneon Entertainment,79818.0,2005-01-14,2005-03-31
Q1 2005,3874,The Nomi Song,Palm Pictures,74631.0,2005-02-04,2005-03-31
Q1 2005,3888,Bride & Prejudice,Miramax,882610.0,2005-02-11,2005-03-31
Q1 2005,3892,Swimming Upstream2004 Re-release,Metro-Goldwyn-Mayer (MGM),54965.0,2005-02-04,2005-03-31
Q1 2005,3893,Masculin Féminin,Rialto Pictures,199034.0,2005-02-11,2005-03-31
Q1 2005,3901,Raging Bull25th Anniversary,Metro-Goldwyn-Mayer (MGM),49034.0,2005-01-28,2005-03-31
Q1 2005,3903,Blackball2005 Re-release,First Look International,48000.0,2005-02-11,2005-03-31
Q1 2005,3909,Intimate Stories,New Yorker Films,102214.0,2005-03-04,2005-03-31
Q1 2005,3921,The Other Side of the Street,Strand Releasing,55225.0,2005-02-25,2005-03-31
Q1 2005,3922,Lost Embrace,New Yorker Films,190860.0,2005-01-28,2005-03-31
Q1 2005,3940,Monsieur N.2004 Re-release,Empire Pictures Inc.,36413.0,2005-01-22,2005-03-31
Q1 2005,3942,Machuca,Menemsha Films,26676.0,2005-01-19,2005-03-31
Q1 2005,3950,Bigger Than the Sky,Metro-Goldwyn-Mayer (MGM),21398.0,2005-02-18,2005-03-31
Q1 2005,3954,Beautiful Boxer,Regent Releasing,133721.0,2005-01-21,2005-03-31
Q1 2005,3960,Sunset Story,Vitagraph Films,17508.0,2005-02-25,2005-03-31
Q1 2005,3965,Fascination,Metro-Goldwyn-Mayer (MGM),16670.0,2005-01-28,2005-03-31
Q1 2005,3969,The Passion of the ChristRecut Release,Newmarket Films,382406.0,2005-03-11,2005-03-31
Q1 2005,3972,My Mother's Smile2005 Re-release,New Yorker Films,38937.0,2005-02-11,2005-03-31
Q1 2005,3988,All Babes Want to Kill Me,High Cotton Films,11975.0,2005-02-16,2005-03-31
Q1 2005,3990,Carlos Castaneda: Enigma of a Sorcerer,Indican Pictures,106056.0,2005-03-05,2005-03-31
Q1 2005,3994,One More Round,Silver Plane Films,10629.0,2005-02-25,2005-03-31
Q1 2005,3999,Innocence and Experience: The Making of 'The Age of Innocence',Kino International,9395.0,2005-01-21,2005-03-31
Q1 2005,4005,A Tale of Two Pizzas,Cockeyed Caravan,12340.0,2005-02-11,2005-03-31
Q1 2005,4015,"Lipstick & Dynamite, Piss & Vinegar: The First Ladies of Wrestling",Koch Lorber Films,22037.0,2005-03-25,2005-03-31
Q1 2005,4019,Daybreak,Newmarket Films,6995.0,2005-02-02,2005-03-31
Q1 2005,4022,Santa santita,Unico Entertainment,6470.0,2005-03-11,2005-03-31
Q1 2005,4032,Uzak,New Yorker Films,95299.0,2005-03-12,2005-03-31
Q1 2005,4041,Gory Gory Hallelujah,Indican Pictures,9696.0,2005-01-21,2005-03-31
Q1 2005,4047,The Helix... Loaded,Romar Entertainment,3700.0,2005-03-25,2005-03-31
Q1 2005,4051,The Rider Named Death,Kino International,3375.0,2005-03-18,2005-03-31
Q1 2005,4053,Harry + Max,TLA Releasing,11318.0,2005-02-18,2005-03-31
Q1 2005,4054,Sex Sells: The Making of 'Touché',HB Filmworks,3252.0,2005-02-25,2005-03-31
Q1 2005,4057,16 Years of Alcohol,Tartan,7777.0,2005-03-15,2005-03-31
Q1 2005,4062,Two Men Went to War,Indican Pictures,149104.0,2005-03-26,2005-03-31
Q1 2005,4063,Oldboy,Tartan,707226.0,2005-03-25,2005-03-31
Q1 2005,4065,Mail Order Wife,Tartan,56097.0,2005-03-11,2005-03-31
Q1 2005,4073,With God on Our Side: George W. Bush and the Rise of the Religious Right in America,Lumiere Productions,1884.0,2005-01-19,2005-03-31
Q1 2005,4074,She's One of Us2005 Re-release,Leisure Time Features,1870.0,2005-01-21,2005-03-31
Q1 2005,4076,Das Boot ist voll2005 Re-release,Castle Hill Productions,1718.0,2005-03-11,2005-03-31
Q1 2005,4081,The Letter: An American Town and the 'Somali Invasion',Arab Film Distribution,1479.0,2005-02-09,2005-03-31
Q1 2005,4091,Naked Fame,Regent Releasing,28773.0,2005-02-18,2005-03-31
Q1 2005,4093,Watermarks,Kino International,245309.0,2005-01-21,2005-03-31
Q1 2005,4100,The Tracker2004 Re-release,ArtMattan Productions,52806.0,2005-01-16,2005-03-31
Q2 2005,3530,Star Wars: Episode III - Revenge of the Sith,Twentieth Century Fox,380270577.0,2005-05-19,2005-06-30
Q2 2005,3532,War of the Worlds,Paramount Pictures,234280354.0,2005-06-29,2005-06-30
Q2 2005,3535,Batman Begins,Warner Bros.,205343774.0,2005-06-15,2005-06-30
Q2 2005,3536,Madagascar,DreamWorks Distribution,193595521.0,2005-05-27,2005-06-30
Q2 2005,3537,Mr. & Mrs. Smith,Twentieth Century Fox,186283815.0,2005-06-10,2005-06-30
Q2 2005,3540,The Longest Yard,Paramount Pictures,158119460.0,2005-05-27,2005-06-30
Q2 2005,3553,March of the Penguins,Warner Independent Pictures (WIP),77437223.0,2005-06-24,2005-06-30
Q2 2005,3558,The Interpreter,Universal Pictures,72708161.0,2005-04-22,2005-06-30
Q2 2005,3560,Sahara,Paramount Pictures,68671925.0,2005-04-08,2005-06-30
Q2 2005,3562,The Amityville Horror,Metro-Goldwyn-Mayer (MGM),65233369.0,2005-04-15,2005-06-30
Q2 2005,3563,Bewitched,Sony Pictures Releasing,63313159.0,2005-06-24,2005-06-30
Q2 2005,3564,Herbie Fully Loaded,Walt Disney Studios Motion Pictures,66023816.0,2005-06-22,2005-06-30
Q2 2005,3566,Cinderella Man,Universal Pictures,61649911.0,2005-06-03,2005-06-30
Q2 2005,3572,Crash,Lionsgate,54580300.0,2005-05-06,2005-06-30
Q2 2005,3574,Kicking & Screaming,Universal Pictures,52842724.0,2005-05-13,2005-06-30
Q2 2005,3581,The Hitchhiker's Guide to the Galaxy,Walt Disney Studios Motion Pictures,48985619.0,2005-04-29,2005-06-30
Q2 2005,3585,Kingdom of Heaven,Twentieth Century Fox,47372310.0,2005-05-06,2005-06-30
Q2 2005,3592,Fever Pitch,Twentieth Century Fox,42040190.0,2005-04-08,2005-06-30
Q2 2005,3594,The Sisterhood of the Traveling Pants,Warner Bros.,39053061.0,2005-06-01,2005-06-30
Q2 2005,3605,House of Wax,Warner Bros.,32064800.0,2005-05-06,2005-06-30
Q2 2005,3613,xXx: State of the Union,Revolution Studios,26873932.0,2005-04-29,2005-06-30
Q2 2005,3631,A Lot Like Love,Walt Disney Studios Motion Pictures,21429859.0,2005-04-22,2005-06-30
Q2 2005,3633,Land of the Dead,Universal Pictures,20700082.0,2005-06-24,2005-06-30
Q2 2005,3644,The Perfect Man,Universal Pictures,16535005.0,2005-06-17,2005-06-30
Q2 2005,3650,The Honeymooners,Paramount Pictures,12843849.0,2005-06-10,2005-06-30
Q2 2005,3654,Lords of Dogtown,Sony Pictures Releasing,11273517.0,2005-06-03,2005-06-30
Q2 2005,3663,Mad Hot Ballroom,Paramount Classics,8117961.0,2005-05-13,2005-06-30
Q2 2005,3665,Space Station 3D,IMAX,93379882.0,2005-04-19,2005-06-30
Q2 2005,3671,Monster-in-Law,New Line Cinema,62445081.0,2005-05-13,2005-06-30
Q2 2005,3677,Howl's Moving Castle,Walt Disney Studios Motion Pictures,4711096.0,2005-06-10,2005-06-30
Q2 2005,3687,High Tension,Lionsgate,3681066.0,2005-06-10,2005-06-30
Q2 2005,3691,Rize,Lionsgate,3336391.0,2005-06-24,2005-06-30
Q2 2005,3709,Look at Me,Sony Pictures Classics,1737308.0,2005-04-01,2005-06-30
Q2 2005,3711,State Property: Blood on the Streets,Lionsgate,1691706.0,2005-04-13,2005-06-30
Q2 2005,3722,Paheli,Eros International,1409499.0,2005-06-24,2005-06-30
Q2 2005,3728,Saving Face,Sony Pictures Classics,1187266.0,2005-05-27,2005-06-30
Q2 2005,3729,Heights,Sony Pictures Classics,1160817.0,2005-06-17,2005-06-30
Q2 2005,3734,My Summer of Love,Focus Features,1000915.0,2005-06-17,2005-06-30
Q2 2005,3746,Après Vous,Paramount Classics,830292.0,2005-06-03,2005-06-30
Q2 2005,3747,Waqt: The Race Against Time,Eros International,815064.0,2005-04-22,2005-06-30
Q2 2005,3748,Unleashed,Rogue Pictures,22714006.0,2005-05-13,2005-06-30
Q2 2005,3749,Parineeta,UTV Motion Pictures,802758.0,2005-06-10,2005-06-30
Q2 2005,3752,The Adventures of Sharkboy and Lavagirl 3-D,Dimension Films,39177684.0,2005-06-10,2005-06-30
Q2 2005,3754,Mysterious Skin,Tartan,713240.0,2005-05-06,2005-06-30
Q2 2005,3761,Dust to Glory,IFC Films,640013.0,2005-04-01,2005-06-30
Q2 2005,3767,Palindromes,Wellspring Media,553368.0,2005-04-13,2005-06-30
Q2 2005,3771,Madison,United Artists,517262.0,2005-04-22,2005-06-30
Q2 2005,3775,Kung Fu Hustle,Sony Pictures Classics,14357000.0,2005-04-08,2005-06-30
Q2 2005,3782,Ghosts of the Abyss,Walt Disney Studios Motion Pictures,17040871.0,2005-04-11,2005-06-30
Q2 2005,3786,Yes,Sony Pictures Classics,396760.0,2005-06-24,2005-06-30
Q2 2005,3787,House of D,Lionsgate,388532.0,2005-04-15,2005-06-30
Q2 2005,3795,Sin City,Dimension Films,71960000.0,2005-04-01,2005-06-30
Q2 2005,3797,Kaal,Eros International,345091.0,2005-04-29,2005-06-30
Q2 2005,3805,Winter Solstice,Paramount Classics,319355.0,2005-04-08,2005-06-30
Q2 2005,3810,The Holy Girl,Fine Line Features,304124.0,2005-04-29,2005-06-30
Q2 2005,3816,Enron: The Smartest Guys in the Room,Magnolia Pictures,2650410.0,2005-04-22,2005-06-30
Q2 2005,3818,Ladies in Lavender,IDP Distribution,6765081.0,2005-04-29,2005-06-30
Q2 2005,3819,Duma,Warner Bros.,870067.0,2005-04-22,2005-06-30
Q2 2005,3820,Happily Ever After,Kino International,252379.0,2005-04-08,2005-06-30
Q2 2005,3821,Dominion: Prequel to the Exorcist,Warner Bros.,251495.0,2005-05-20,2005-06-30
Q2 2005,3824,Lucky: No Time for Love,Eros International,453507.0,2005-04-08,2005-06-30
Q2 2005,3825,3-Iron,Sony Pictures Classics,241914.0,2005-04-29,2005-06-30
Q2 2005,3827,Layer Cake,Sony Pictures Classics,1062000.0,2005-05-13,2005-06-30
Q2 2005,3828,Kontroll,THINKFilm,237183.0,2005-04-01,2005-06-30
Q2 2005,3835,Eros,Warner Independent Pictures (WIP),188392.0,2005-04-08,2005-06-30
Q2 2005,3843,Mughal-E-Azam,UTV Motion Pictures,161434.0,2005-04-01,2005-06-30
Q2 2005,3846,China: The Panda Adventure,IMAX,3918213.0,2005-06-09,2005-06-30
Q2 2005,3847,Napoleon Dynamite,Fox Searchlight Pictures,44522135.0,2005-06-11,2005-06-30
Q2 2005,3851,Down and Derby,Freestyle Releasing,227548.0,2005-04-15,2005-06-30
Q2 2005,3855,5x2,THINKFilm,128752.0,2005-06-10,2005-06-30
Q2 2005,3857,Tony Takitani,Strand Releasing,129194.0,2005-06-24,2005-06-30
Q2 2005,3858,Lila Says,IDP Distribution,121365.0,2005-06-24,2005-06-30
Q2 2005,3870,Chrystal,First Look International,80858.0,2005-04-08,2005-06-30
Q2 2005,3877,Come Away Home,Innovation Film Group (IFG),72810.0,2005-05-06,2005-06-30
Q2 2005,3881,Shake Hands with the Devil: The Journey of Roméo Dallaire,California Newsreel,68249.0,2005-05-13,2005-06-30
Q2 2005,3885,The Talent Given Us,Vitagraph Films,65827.0,2005-06-17,2005-06-30
Q2 2005,3894,A Wake in Providence,Indican Pictures,397057.0,2005-04-15,2005-06-30
Q2 2005,3897,The Bridge of San Luis Rey,Fine Line Features,49981.0,2005-06-10,2005-06-30
Q2 2005,3907,Caterina in the Big City,Empire Pictures Inc.,296464.0,2005-06-03,2005-06-30
Q2 2005,3919,Tell Them Who You Are,THINKFilm,39075.0,2005-05-13,2005-06-30
Q2 2005,3923,The Two of Us,Rialto Pictures,56558.0,2005-05-27,2005-06-30
Q2 2005,3925,Jiminy Glick in Lalawood,Metro-Goldwyn-Mayer (MGM),36039.0,2005-05-06,2005-06-30
Q2 2005,3931,Ma Mère,TLA Releasing,65607.0,2005-05-13,2005-06-30
Q2 2005,3948,Music from the Inside Out,Emerging Pictures,141504.0,2005-04-22,2005-06-30
Q2 2005,3951,Major Dundee,Sony Pictures Repertory,20807.0,2005-04-08,2005-06-30
Q2 2005,3961,The Man Who Copied,TLA Releasing,24391.0,2005-04-22,2005-06-30
Q2 2005,3964,Pure,Indican Pictures,93841.0,2005-06-10,2005-06-30
Q2 2005,3966,The Last Mogul,THINKFilm,16469.0,2005-06-24,2005-06-30
Q2 2005,3970,Drivers Wanted,Indican Pictures,24441.0,2005-06-24,2005-06-30
Q2 2005,3971,Bomb the System,Palm Pictures,15520.0,2005-05-27,2005-06-30
Q2 2005,3974,Tropical Malady,Strand Releasing,46608.0,2005-06-24,2005-06-30
Q2 2005,3975,The Tunnel2005 Re-release,Avatar Films,46296.0,2005-04-27,2005-06-30
Q2 2005,3982,Edvard Munch,Shadow Distribution,40739.0,2005-06-17,2005-06-30
Q2 2005,3984,À Tout de Suite,The Cinema Guild,247899.0,2005-04-29,2005-06-30
Q2 2005,3986,Seducing Doctor Lewis2004 Re-release,Wellspring Media,488562.0,2005-06-16,2005-06-30
Q2 2005,3987,Brodeuses - A Common Thread,New Yorker Films,25583.0,2005-05-27,2005-06-30
Q2 2005,3989,Girl Play,Wolfe Releasing,11523.0,2005-04-01,2005-06-30
Q2 2005,3991,A League of Ordinary Gentlemen2005 Re-release,Magnolia Pictures,17172.0,2005-05-27,2005-06-30
Q2 2005,3995,Fighting Tommy Riley,Freestyle Releasing,10514.0,2005-05-06,2005-06-30
Q2 2005,3998,Or (My Treasure),Kino International,28563.0,2005-06-01,2005-06-30
Q2 2005,4000,The Keeper: The Legend of Omar Khayyam,Arrival Pictures,222768.0,2005-06-10,2005-06-30
Q2 2005,4004,Torremolinos 732005 Re-release,First Run,86509.0,2005-04-15,2005-06-30
Q2 2005,4012,The Ninth Day,Kino International,72888.0,2005-05-27,2005-06-30
Q2 2005,4018,A Decent Factory,Icarus Films,7925.0,2005-06-29,2005-06-30
Q2 2005,4026,Howard Zinn: You Can't Be Neutral on a Moving Train,First Run,122011.0,2005-06-18,2005-06-30
Q2 2005,4030,Funny Ha Ha,Goodbye Cruel Releasing,65109.0,2005-04-29,2005-06-30
Q2 2005,4033,"Milwaukee, Minnesota",Tartan,16822.0,2005-06-03,2005-06-30
Q2 2005,4034,Perlasca,Castle Hill Productions,4780.0,2005-04-15,2005-06-30
Q2 2005,4042,McLibel,Cinema Libre Studio,4337.0,2005-06-10,2005-06-30
Q2 2005,4044,First Love2005 Re-release,Strand Releasing,9090.0,2005-04-06,2005-06-30
Q2 2005,4046,A Hole in My Heart,Newmarket Films,3784.0,2005-04-08,2005-06-30
Q2 2005,4049,Genesis,THINKFilm,14620.0,2005-05-27,2005-06-30
Q2 2005,4056,Stolen Childhoods,Balcony Releasing,2996.0,2005-05-20,2005-06-30
Q2 2005,4058,"Broadway: The Golden Age, by the Legends Who Were There",Dada Films,347954.0,2005-06-11,2005-06-30
Q2 2005,4067,Wild Side,Wellspring Media,14855.0,2005-06-10,2005-06-30
Q2 2005,4071,The Great Role,First Run,11419.0,2005-05-06,2005-06-30
Q2 2005,4078,Twin Sisters2004 Re-release,Miramax,1563.0,2005-05-06,2005-06-30
Q2 2005,4089,A Grin Without A Cat,Icarus Films,43616.0,2005-05-01,2005-06-30
Q3 2005,3534,Charlie and the Chocolate Factory,Warner Bros.,206459076.0,2005-07-15,2005-09-30
Q3 2005,3541,Fantastic Four,Twentieth Century Fox,154646136.0,2005-07-08,2005-09-30
Q3 2005,3545,The 40-Year-Old Virgin,Universal Pictures,109449237.0,2005-08-19,2005-09-30
Q3 2005,3549,Flightplan,Walt Disney Studios Motion Pictures,89707299.0,2005-09-23,2005-09-30
Q3 2005,3552,The Dukes of Hazzard,Warner Bros.,80270227.0,2005-08-05,2005-09-30
Q3 2005,3556,The Exorcism of Emily Rose,Screen Gems,75072454.0,2005-09-09,2005-09-30
Q3 2005,3557,Four Brothers,Paramount Pictures,74494381.0,2005-08-12,2005-09-30
Q3 2005,3567,Sky High,Walt Disney Studios Motion Pictures,63946815.0,2005-07-29,2005-09-30
Q3 2005,3568,Red Eye,DreamWorks Distribution,57891803.0,2005-08-19,2005-09-30
Q3 2005,3573,Corpse Bride,Warner Bros.,53359111.0,2005-09-16,2005-09-30
Q3 2005,3583,Just Like Heaven,DreamWorks Distribution,48318130.0,2005-09-16,2005-09-30
Q3 2005,3584,The Skeleton Key,Universal Pictures,47907715.0,2005-08-12,2005-09-30
Q3 2005,3590,Must Love Dogs,Warner Bros.,43894863.0,2005-07-29,2005-09-30
Q3 2005,3591,Transporter 2,Twentieth Century Fox,43022717.0,2005-09-02,2005-09-30
Q3 2005,3598,The Island,DreamWorks Distribution,35818913.0,2005-07-22,2005-09-30
Q3 2005,3601,Bad News Bears,Paramount Pictures,32868349.0,2005-07-22,2005-09-30
Q3 2005,3607,Stealth,Sony Pictures Releasing,32116746.0,2005-07-29,2005-09-30
Q3 2005,3615,Serenity,Universal Pictures,25514517.0,2005-09-30,2005-09-30
Q3 2005,3619,Wedding Crashers,New Line Cinema,209255921.0,2005-07-15,2005-09-30
Q3 2005,3621,Lord of War,Lionsgate,24149632.0,2005-09-16,2005-09-30
Q3 2005,3622,Dark Water2005 Re-release,Walt Disney Studios Motion Pictures,25473352.0,2005-07-08,2005-09-30
Q3 2005,3628,Hustle & Flow,Paramount Classics,22202809.0,2005-07-22,2005-09-30
Q3 2005,3629,Deuce Bigalow: European Gigolo,Sony Pictures Releasing,22400154.0,2005-08-12,2005-09-30
Q3 2005,3635,Into the Blue,Sony Pictures Releasing,18801234.0,2005-09-30,2005-09-30
Q3 2005,3638,Valiant,Walt Disney Studios Motion Pictures,19478106.0,2005-08-19,2005-09-30
Q3 2005,3640,Roll Bounce,Fox Searchlight Pictures,17380866.0,2005-09-23,2005-09-30
Q3 2005,3642,The Devil's Rejects,Lionsgate,17044981.0,2005-07-22,2005-09-30
Q3 2005,3643,Rebound,Twentieth Century Fox,16793486.0,2005-07-01,2005-09-30
Q3 2005,3648,The Cave,Screen Gems,15007991.0,2005-08-26,2005-09-30
Q3 2005,3649,The Greatest Game Ever Played,Walt Disney Studios Motion Pictures,15337393.0,2005-09-30,2005-09-30
Q3 2005,3670,Magnificent Desolation: Walking on the Moon 3D,IMAX,34136978.0,2005-09-23,2005-09-30
Q3 2005,3680,The Constant Gardener,Focus Features,33579797.0,2005-08-31,2005-09-30
Q3 2005,3693,Grizzly Man,Lionsgate,3178403.0,2005-08-12,2005-09-30
Q3 2005,3694,Supercross,Twentieth Century Fox,2941421.0,2005-08-17,2005-09-30
Q3 2005,3697,Broken Flowers,Focus Features,13744960.0,2005-08-05,2005-09-30
Q3 2005,3698,Junebug,Sony Pictures Classics,2678691.0,2005-08-03,2005-09-30
Q3 2005,3702,Oliver Twist,Sony Pictures Releasing,2080321.0,2005-09-23,2005-09-30
Q3 2005,3707,A Sound of Thunder,Warner Bros.,1900451.0,2005-09-02,2005-09-30
Q3 2005,3708,The Brothers Grimm,Dimension Films,37916267.0,2005-08-26,2005-09-30
Q3 2005,3710,Everything Is Illuminated,Warner Independent Pictures (WIP),1712337.0,2005-09-16,2005-09-30
Q3 2005,3718,Murderball,THINKFilm,1531154.0,2005-07-08,2005-09-30
Q3 2005,3719,The Great Raid,Miramax,10167373.0,2005-08-12,2005-09-30
Q3 2005,3720,2046,Sony Pictures Classics,1444588.0,2005-08-05,2005-09-30
Q3 2005,3723,Thumbsucker,Sony Pictures Classics,1328679.0,2005-09-16,2005-09-30
Q3 2005,3725,Happy Endings,Lionsgate,1315701.0,2005-07-15,2005-09-30
Q3 2005,3727,The Motorcycle Diaries,Focus Features,16781387.0,2005-09-24,2005-09-30
Q3 2005,3731,Undiscovered,Lionsgate,1069318.0,2005-08-26,2005-09-30
Q3 2005,3735,The Aristocrats,THINKFilm,6377461.0,2005-07-29,2005-09-30
Q3 2005,3738,Separate Lies,Fox Searchlight Pictures,897206.0,2005-09-16,2005-09-30
Q3 2005,3743,An Unfinished Life,Miramax,8264735.0,2005-09-09,2005-09-30
Q3 2005,3758,No Entry,Eros International,678000.0,2005-08-26,2005-09-30
Q3 2005,3759,Balzac and the Little Chinese Seamstress2005 Re-release,Empire Pictures Inc.,658274.0,2005-07-29,2005-09-30
Q3 2005,3760,Saraband,Sony Pictures Classics,645634.0,2005-07-08,2005-09-30
Q3 2005,3762,"The Prize Winner of Defiance, Ohio",DreamWorks Distribution,627844.0,2005-09-30,2005-09-30
Q3 2005,3763,A History of Violence,New Line Cinema,31504633.0,2005-09-23,2005-09-30
Q3 2005,3766,Underclassman,Miramax,5655459.0,2005-09-02,2005-09-30
Q3 2005,3774,El Crimen Perfecto (The Perfect Crime),Vitagraph Films,415080.0,2005-08-19,2005-09-30
Q3 2005,3776,Saint Ralph,IDP Distribution,489389.0,2005-08-05,2005-09-30
Q3 2005,3781,The Beautiful Country2005 Re-release,Sony Pictures Classics,442813.0,2005-07-08,2005-09-30
Q3 2005,3788,Little Manhattan,Twentieth Century Fox,383557.0,2005-09-30,2005-09-30
Q3 2005,3789,Asylum,Paramount Classics,375403.0,2005-08-12,2005-09-30
Q3 2005,3796,Green Street Hooligans,Freestyle Releasing,346830.0,2005-09-09,2005-09-30
Q3 2005,3799,The Memory of a Killer2005 Re-release,Sony Pictures Classics,333707.0,2005-08-26,2005-09-30
Q3 2005,3802,Viruddh... Family Comes First,UTV Motion Pictures,327615.0,2005-07-22,2005-09-30
Q3 2005,3807,Secuestro express,Miramax,307208.0,2005-08-05,2005-09-30
Q3 2005,3808,Pretty Persuasion,IDP Distribution,305800.0,2005-08-12,2005-09-30
Q3 2005,3812,Cronicas,Palm Pictures,300322.0,2005-07-08,2005-09-30
Q3 2005,3829,Capote,Sony Pictures Classics,28028008.0,2005-09-30,2005-09-30
Q3 2005,3834,November,Sony Pictures Classics,192186.0,2005-07-22,2005-09-30
Q3 2005,3836,The Baxter,IFC Films,181872.0,2005-08-26,2005-09-30
Q3 2005,3837,Hellbent,Regent Releasing,182599.0,2005-09-16,2005-09-30
Q3 2005,3838,My Date with Drew,Slowhand Cinema Releasing,181041.0,2005-08-05,2005-09-30
Q3 2005,3841,The Edukators,IFC Films,175493.0,2005-07-22,2005-09-30
Q3 2005,3845,Matando Cabos2005 Re-release,Televisa Cine,155874.0,2005-08-26,2005-09-30
Q3 2005,3854,Dil Jo Bhi Kahey...,Eros International,129319.0,2005-09-23,2005-09-30
Q3 2005,3868,Without a Paddle,Paramount Pictures,58169327.0,2005-08-20,2005-09-30
Q3 2005,3873,The War Within,Magnolia Pictures,74655.0,2005-09-30,2005-09-30
Q3 2005,3882,9 Songs,Tartan,66853.0,2005-07-22,2005-09-30
Q3 2005,3891,Bright Leaves,First Run,77635.0,2005-08-25,2005-09-30
Q3 2005,3895,The Chumscrubber,Newmarket Films,52597.0,2005-08-05,2005-09-30
Q3 2005,3896,The Warrior2005 Re-release,Miramax,50257.0,2005-07-15,2005-09-30
Q3 2005,3902,Chocolate: Deep Dark Secrets,Eros International,49000.0,2005-09-16,2005-09-30
Q3 2005,3904,Manna from Heaven,Five Sisters Productions,505675.0,2005-08-02,2005-09-30
Q3 2005,3906,The Inheritance2003 Re-release,The Cinema Guild,67258.0,2005-07-09,2005-09-30
Q3 2005,3908,Bailey's Billion$,Echo Bridge Entertainment,45000.0,2005-08-05,2005-09-30
Q3 2005,3912,Darwin's Nightmare,International Film Circuit,200936.0,2005-08-03,2005-09-30
Q3 2005,3914,Red Lights,Wellspring Media,673828.0,2005-08-20,2005-09-30
Q3 2005,3915,Undead2005 Re-release,Lionsgate,41196.0,2005-07-01,2005-09-30
Q3 2005,3917,The World,Zeitgeist Films,60623.0,2005-07-01,2005-09-30
Q3 2005,3924,Dirty Love,First Look International,36099.0,2005-09-23,2005-09-30
Q3 2005,3926,On the Outs,Fader Films,34933.0,2005-07-13,2005-09-30
Q3 2005,3927,Campfire,Film Movement,34835.0,2005-09-09,2005-09-30
Q3 2005,3929,Keane,Magnolia Pictures,33256.0,2005-09-09,2005-09-30
Q3 2005,3932,Going Shopping,Rainbow Releasing,31908.0,2005-09-30,2005-09-30
Q3 2005,3937,Garden State,Fox Searchlight Pictures,26774462.0,2005-07-28,2005-09-30
Q3 2005,3938,Eternal,Regent Releasing,28089.0,2005-08-26,2005-09-30
Q3 2005,3939,Almost Peaceful2004 Re-release,Empire Pictures Inc.,104416.0,2005-08-20,2005-09-30
Q3 2005,3941,Guiana 1838,RBC Radio,220131.0,2005-09-24,2005-09-30
Q3 2005,3949,Apollo 13The IMAX Experience,IMAX,1760432.0,2005-09-20,2005-09-30
Q3 2005,3953,L.A. Twister,Indican Pictures,54000.0,2005-08-13,2005-09-30
Q3 2005,3962,The Last Dispatch,Fabrication Films,16848.0,2005-07-29,2005-09-30
Q3 2005,3963,Melancholian 3 huonetta,Icarus Films,19317.0,2005-07-29,2005-09-30
Q3 2005,3973,Memories of Murder,Palm Pictures,15357.0,2005-07-15,2005-09-30
Q3 2005,3976,Reel Paradise,Wellspring Media,30170.0,2005-08-17,2005-09-30
Q3 2005,3983,"Goodbye, Dragon Inn",Wellspring Media,34470.0,2005-09-17,2005-09-30
Q3 2005,3996,The Future of Food,Cinema Libre Studio,74761.0,2005-09-14,2005-09-30
Q3 2005,3997,Chaos,Dinsdale Releasing,10289.0,2005-08-10,2005-09-30
Q3 2005,4003,Côte d'Azur,Strand Releasing,140189.0,2005-09-09,2005-09-30
Q3 2005,4010,Occupation: Dreamland,Rumur Releasing,8018.0,2005-09-23,2005-09-30
Q3 2005,4016,Saints and Soldiers,Excel Entertainment,1165065.0,2005-08-06,2005-09-30
Q3 2005,4017,The Goebbels Experiment,First Run,44242.0,2005-08-12,2005-09-30
Q3 2005,4021,A State of Mind,Kino International,41468.0,2005-08-10,2005-09-30
Q3 2005,4024,Searching for the Wrong-Eyed Jesus,Shadow Distribution,78716.0,2005-07-13,2005-09-30
Q3 2005,4027,Dear Wendy,Wellspring Media,22568.0,2005-09-23,2005-09-30
Q3 2005,4028,Sueño,Sony Pictures Home Entertainment,5729.0,2005-09-30,2005-09-30
Q3 2005,4038,Anatomy of Hell,Tartan,34156.0,2005-09-24,2005-09-30
Q3 2005,4039,The Reception,Strand Releasing,18389.0,2005-07-15,2005-09-30
Q3 2005,4043,Oyster Farmer,The Cinema Guild,15456.0,2005-07-29,2005-09-30
Q3 2005,4045,The Deserted Station,First Run,15696.0,2005-07-02,2005-09-30
Q3 2005,4052,God's Sandbox,Indican Pictures,50326.0,2005-07-29,2005-09-30
Q3 2005,4059,Three Days of Rain,Rogue Arts,2841.0,2005-09-30,2005-09-30
Q3 2005,4060,An Adolescent2005 Re-release,Indican Pictures,64796.0,2005-08-26,2005-09-30
Q3 2005,4061,One Bright Shining Moment,First Run,7942.0,2005-09-16,2005-09-30
Q3 2005,4068,Side Effects,Hummingbird Pictures,2216.0,2005-09-09,2005-09-30
Q3 2005,4069,Steal Me,Cineville,1967.0,2005-09-09,2005-09-30
Q3 2005,4072,Screen Door Jesus,Indican Pictures,59000.0,2005-09-30,2005-09-30
Q3 2005,4079,Making Grace,First Run,1496.0,2005-07-20,2005-09-30
Q3 2005,4082,Kamikaze Girls2005 Re-release,Viz Media,34424.0,2005-09-09,2005-09-30
Q3 2005,4084,Monumental: David Brower's Fight for Wild America,First Run,1430.0,2005-07-22,2005-09-30
Q3 2005,4085,Twist of Faith,Artistic License,7441.0,2005-07-01,2005-09-30
Q3 2005,4086,Proteus: A Nineteenth Century Vision,Icarus Films,1246.0,2005-08-05,2005-09-30
Q3 2005,4087,Yes Nurse! No Nurse!2004 Re-release,Regent Releasing,13036.0,2005-09-03,2005-09-30
Q3 2005,4088,Return to the Land of Wonders,Arab Film Distribution,1338.0,2005-07-13,2005-09-30
Q3 2005,4090,Games of Love and Chance2005 Re-release,New Yorker Films,6797.0,2005-08-31,2005-09-30
Q3 2005,4092,Zelary,Sony Pictures Classics,330033.0,2005-09-17,2005-09-30
Q3 2005,4094,L'autre monde2004 Re-release,ArtMattan Productions,2494.0,2005-08-06,2005-09-30
Q3 2005,4101,Head in the Clouds,Sony Pictures Classics,398278.0,2005-09-17,2005-09-30
Q4 2005,3531,Harry Potter and the Goblet of Fire,Warner Bros.,290013036.0,2005-11-18,2005-12-31
Q4 2005,3533,"The Chronicles of Narnia: The Lion, the Witch and the Wardrobe",Walt Disney Studios Motion Pictures,287482269.0,2005-12-09,2005-12-31
Q4 2005,3539,King Kong,Universal Pictures,218080025.0,2005-12-14,2005-12-31
Q4 2005,3542,Meet the Fockers,Universal Pictures,279261160.0,2005-12-22,2005-12-31
Q4 2005,3543,Chicken Little,Walt Disney Studios Motion Pictures,132519980.0,2005-11-04,2005-12-31
Q4 2005,3547,Million Dollar Baby,Warner Bros.,100492203.0,2005-12-15,2005-12-31
Q4 2005,3548,Walk the Line,Twentieth Century Fox,119514920.0,2005-11-18,2005-12-31
Q4 2005,3550,Saw II,Lionsgate,87039965.0,2005-10-28,2005-12-31
Q4 2005,3565,Jarhead,Universal Pictures,62658220.0,2005-11-04,2005-12-31
Q4 2005,3571,Wallace & Gromit: The Curse of the Were-Rabbit,DreamWorks Distribution,56110897.0,2005-10-05,2005-12-31
Q4 2005,3576,Sideways,Fox Searchlight Pictures,71500193.0,2005-10-22,2005-12-31
Q4 2005,3577,"Yours, Mine & Ours",Paramount Pictures,53412862.0,2005-11-23,2005-12-31
Q4 2005,3578,Fun with Dick and Jane,Sony Pictures Releasing,110332737.0,2005-12-21,2005-12-31
Q4 2005,3587,Cheaper by the Dozen 2,Twentieth Century Fox,82540432.0,2005-12-21,2005-12-31
Q4 2005,3588,In Good Company,Universal Pictures,45806659.0,2005-12-29,2005-12-31
Q4 2005,3589,The Legend of Zorro,Sony Pictures Releasing,46464023.0,2005-10-28,2005-12-31
Q4 2005,3593,The Family Stone,Twentieth Century Fox,60025095.0,2005-12-16,2005-12-31
Q4 2005,3595,The Phantom of the Opera,Warner Bros.,51268815.0,2005-12-22,2005-12-31
Q4 2005,3597,Syriana,Warner Bros.,50824620.0,2005-11-23,2005-12-31
Q4 2005,3599,Derailed,The Weinstein Company,36024076.0,2005-11-11,2005-12-31
Q4 2005,3600,Lemony Snicket's A Series of Unfortunate Events,Paramount Pictures,118634549.0,2005-12-17,2005-12-31
Q4 2005,3602,In Her Shoes,Twentieth Century Fox,32856690.0,2005-10-07,2005-12-31
Q4 2005,3604,Dreamer: Inspired by a True Story,DreamWorks Distribution,32751093.0,2005-10-21,2005-12-31
Q4 2005,3608,Get Rich or Die Tryin',Paramount Pictures,30985352.0,2005-11-09,2005-12-31
Q4 2005,3609,The Fog,Revolution Studios,29550869.0,2005-10-14,2005-12-31
Q4 2005,3610,Rent,Revolution Studios,29077547.0,2005-11-23,2005-12-31
Q4 2005,3611,Doom,Universal Pictures,28212337.0,2005-10-21,2005-12-31
Q4 2005,3612,Zathura: A Space Adventure,Sony Pictures Releasing,29258869.0,2005-11-11,2005-12-31
Q4 2005,3614,Elizabethtown,Paramount Pictures,26850426.0,2005-10-14,2005-12-31
Q4 2005,3616,Ocean's Twelve,Warner Bros.,125544280.0,2005-12-10,2005-12-31
Q4 2005,3617,Memoirs of a Geisha,Sony Pictures Releasing,57490508.0,2005-12-09,2005-12-31
Q4 2005,3618,Æon Flux,Paramount Pictures,25874337.0,2005-12-02,2005-12-31
Q4 2005,3623,"Good Night, and Good Luck.",Warner Independent Pictures (WIP),31558003.0,2005-10-07,2005-12-31
Q4 2005,3624,Hotel Rwanda,United Artists,23530892.0,2005-12-22,2005-12-31
Q4 2005,3625,Two for the Money,Universal Pictures,22991379.0,2005-10-07,2005-12-31
Q4 2005,3626,Prime,Universal Pictures,22827153.0,2005-10-28,2005-12-31
Q4 2005,3630,Fat Albert,Twentieth Century Fox,48109482.0,2005-12-25,2005-12-31
Q4 2005,3632,Rumor Has It...,Warner Bros.,43000262.0,2005-12-25,2005-12-31
Q4 2005,3636,National Treasure,Walt Disney Studios Motion Pictures,168521875.0,2005-11-19,2005-12-31
Q4 2005,3637,North Country,Warner Bros.,18337722.0,2005-10-21,2005-12-31
Q4 2005,3639,The Ringer,Fox Searchlight Pictures,35347108.0,2005-12-23,2005-12-31
Q4 2005,3645,Spanglish,Sony Pictures Releasing,42726869.0,2005-12-17,2005-12-31
Q4 2005,3646,Waiting...,Lionsgate,16124543.0,2005-10-07,2005-12-31
Q4 2005,3647,The Gospel,Screen Gems,15778152.0,2005-10-07,2005-12-31
Q4 2005,3651,The Weather Man,Paramount Pictures,12482775.0,2005-10-28,2005-12-31
Q4 2005,3652,Munich,Universal Pictures,47403685.0,2005-12-23,2005-12-31
Q4 2005,3653,The Life Aquatic with Steve Zissou,Walt Disney Studios Motion Pictures,23194351.0,2005-12-10,2005-12-31
Q4 2005,3655,The Polar Express,Warner Bros.,162775358.0,2005-11-10,2005-12-31
Q4 2005,3657,In the Mix,Lionsgate,10223896.0,2005-11-23,2005-12-31
Q4 2005,3658,Shopgirl,Walt Disney Studios Motion Pictures,10284523.0,2005-10-21,2005-12-31
Q4 2005,3659,The Polar Express2005 IMAX Release,Warner Bros.,10900597.0,2005-11-23,2005-12-31
Q4 2005,3660,The Producers,Universal Pictures,19398532.0,2005-12-16,2005-12-31
Q4 2005,3661,T-Rex: Back to the Cretaceous,IMAX,53354743.0,2005-10-23,2005-12-31
Q4 2005,3662,Closer,Sony Pictures Releasing,33987757.0,2005-12-03,2005-12-31
Q4 2005,3664,The Incredibles,Walt Disney Studios Motion Pictures,256887647.0,2005-11-05,2005-12-31
Q4 2005,3668,Flight of the Phoenix,Twentieth Century Fox,20997558.0,2005-12-17,2005-12-31
Q4 2005,3672,Beyond the Sea,Lionsgate,6318709.0,2005-12-17,2005-12-31
Q4 2005,3675,A Very Long Engagement,Warner Independent Pictures (WIP),6524389.0,2005-11-26,2005-12-31
Q4 2005,3676,The SpongeBob SquarePants Movie,Paramount Pictures,85417988.0,2005-11-19,2005-12-31
Q4 2005,3678,Being Julia,Sony Pictures Classics,7739049.0,2005-10-15,2005-12-31
Q4 2005,3679,Kiss Kiss Bang Bang,Warner Bros.,4243756.0,2005-10-21,2005-12-31
Q4 2005,3681,Ray,Universal Pictures,75331600.0,2005-10-29,2005-12-31
Q4 2005,3682,Kinsey,Fox Searchlight Pictures,10254979.0,2005-11-12,2005-12-31
Q4 2005,3684,Galapagos,IMAX,18627957.0,2005-10-29,2005-12-31
Q4 2005,3685,Bad Education,Sony Pictures Classics,5211842.0,2005-11-19,2005-12-31
Q4 2005,3686,The Merchant of Venice,Sony Pictures Classics,3765585.0,2005-12-29,2005-12-31
Q4 2005,3688,Stay,Twentieth Century Fox,3624303.0,2005-10-21,2005-12-31
Q4 2005,3689,Pride & Prejudice,Focus Features,38405088.0,2005-11-11,2005-12-31
Q4 2005,3690,Born Into Brothels: Calcutta's Red Light Kids,THINKFilm,3515061.0,2005-12-08,2005-12-31
Q4 2005,3695,Brokeback Mountain,Focus Features,82315067.0,2005-12-09,2005-12-31
Q4 2005,3699,The Work and the Glory,Excel Entertainment,3347647.0,2005-11-24,2005-12-31
Q4 2005,3701,Pulse: A Stomp Odyssey,Giant Screen Films,10062514.0,2005-10-11,2005-12-31
Q4 2005,3703,The Aviator,Miramax,88876786.0,2005-12-17,2005-12-31
Q4 2005,3704,The Sea Inside,Fine Line Features,2104923.0,2005-12-17,2005-12-31
Q4 2005,3706,Adrenaline Rush: The Science of Risk,Giant Screen Films,10994028.0,2005-10-18,2005-12-31
Q4 2005,3712,Christmas with the Kranks,Revolution Studios,73780539.0,2005-11-24,2005-12-31
Q4 2005,3713,The Ice Harvest,Focus Features,8314570.0,2005-11-23,2005-12-31
Q4 2005,3714,Vera Drake,Fine Line Features,3775283.0,2005-10-08,2005-12-31
Q4 2005,3716,Ma vie en cinémascope,Alliance Atlantis Vivafilm,2750263.0,2005-12-17,2005-12-31
Q4 2005,3726,Ushpizin,Picturehouse,1400666.0,2005-10-19,2005-12-31
Q4 2005,3730,Bee Season,Fox Searchlight Pictures,1164349.0,2005-11-11,2005-12-31
Q4 2005,3732,Paradise Now,Warner Independent Pictures (WIP),1457843.0,2005-10-28,2005-12-31
Q4 2005,3733,Santa vs. the Snowman 3D2005 Re-release,IMAX,1222538.0,2005-10-31,2005-12-31
Q4 2005,3737,Shall We Dance,Miramax,57890460.0,2005-10-15,2005-12-31
Q4 2005,3739,Finding Neverland,Miramax,45691722.0,2005-11-12,2005-12-31
Q4 2005,3740,The Work and the Glory II: American Zion,Vineyard Distribution,2024782.0,2005-10-21,2005-12-31
Q4 2005,3742,El vacilón: The Movie,Televisa Cine,850624.0,2005-10-21,2005-12-31
Q4 2005,3744,Innocent Voices,Slowhand Cinema Releasing,837878.0,2005-10-14,2005-12-31
Q4 2005,3745,Ladder 49,Walt Disney Studios Motion Pictures,74541707.0,2005-10-01,2005-12-31
Q4 2005,3751,First Descent,Universal Pictures,750805.0,2005-12-02,2005-12-31
Q4 2005,3753,Casanova,Walt Disney Studios Motion Pictures,11279491.0,2005-12-25,2005-12-31
Q4 2005,3757,The Assassination of Richard Nixon,THINKFilm,708776.0,2005-12-29,2005-12-31
Q4 2005,3770,House of Flying Daggers,Sony Pictures Classics,7477170.0,2005-12-03,2005-12-31
Q4 2005,3773,The Passenger2005 Re-release,Sony Pictures Classics,620155.0,2005-10-28,2005-12-31
Q4 2005,3777,Bluff Master,UTV Motion Pictures,722847.0,2005-12-16,2005-12-31
Q4 2005,3779,Match Point,DreamWorks Distribution,23151529.0,2005-12-28,2005-12-31
Q4 2005,3780,Bridget Jones: The Edge of Reason,Universal Pictures,40226215.0,2005-11-12,2005-12-31
Q4 2005,3784,Ballets Russes,Zeitgeist Films,815221.0,2005-10-26,2005-12-31
Q4 2005,3790,Mrs Henderson Presents,The Weinstein Company,11036366.0,2005-12-09,2005-12-31
Q4 2005,3792,In the Realms of the Unreal,Wellspring Media,417120.0,2005-12-22,2005-12-31
Q4 2005,3793,Just Friends,New Line Cinema,32619671.0,2005-11-23,2005-12-31
Q4 2005,3794,Nine Lives,Magnolia Pictures,478830.0,2005-10-14,2005-12-31
Q4 2005,3798,Deewane Huye Paagal,UTV Motion Pictures,364357.0,2005-11-24,2005-12-31
Q4 2005,3800,Alexander,Warner Bros.,34297191.0,2005-11-24,2005-12-31
Q4 2005,3801,Shark Tale,DreamWorks Distribution,160861908.0,2005-10-01,2005-12-31
Q4 2005,3804,Shaadi No. 1,Eros International,336772.0,2005-11-03,2005-12-31
Q4 2005,3806,Taxi2004 Re-release,Twentieth Century Fox,36611066.0,2005-10-06,2005-12-31
Q4 2005,3813,Swades,UTV Motion Pictures,1223240.0,2005-12-17,2005-12-31
Q4 2005,3814,Breakfast on Pluto,Sony Pictures Classics,828699.0,2005-11-16,2005-12-31
Q4 2005,3815,After the Sunset,New Line Cinema,28331233.0,2005-11-12,2005-12-31
Q4 2005,3823,Transamerica,The Weinstein Company,9015303.0,2005-12-02,2005-12-31
Q4 2005,3830,Ek Ajnabee,Eros International,213143.0,2005-12-09,2005-12-31
Q4 2005,3839,New York Doll,First Independent Pictures,218102.0,2005-10-28,2005-12-31
Q4 2005,3840,I Heart Huckabees,Fox Searchlight Pictures,12752075.0,2005-10-01,2005-12-31
Q4 2005,3844,Protocols of Zion,THINKFilm,178875.0,2005-10-21,2005-12-31
Q4 2005,3849,A Love Song for Bobby Long,Lionsgate,164308.0,2005-12-29,2005-12-31
Q4 2005,3850,The Young Black Stallion,Walt Disney Studios Motion Pictures,6751389.0,2005-12-25,2005-12-31
Q4 2005,3853,Caché,Sony Pictures Classics,3647381.0,2005-12-23,2005-12-31
Q4 2005,3861,Moolaadé,New Yorker Films,213296.0,2005-10-15,2005-12-31
Q4 2005,3862,Fear and Trembling2004 Re-release,The Cinema Guild,125185.0,2005-11-19,2005-12-31
Q4 2005,3863,The White Countess,Sony Pictures Classics,1669971.0,2005-12-21,2005-12-31
Q4 2005,3865,Postmen in the Mountains,Shadow Distribution,203975.0,2005-12-25,2005-12-31
Q4 2005,3866,Ek Khiladi Ek Haseena,Eros International,90869.0,2005-11-18,2005-12-31
Q4 2005,3867,Face,Indican Pictures,105017.0,2005-10-15,2005-12-31
Q4 2005,3869,Darkness,Dimension Films,21479864.0,2005-12-25,2005-12-31
Q4 2005,3872,Three... Extremes2005 Re-release,Lionsgate,77532.0,2005-10-28,2005-12-31
Q4 2005,3875,Days of Being Wild,Kino International,145654.0,2005-11-19,2005-12-31
Q4 2005,3876,The Machinist,Paramount Classics,1068146.0,2005-10-22,2005-12-31
Q4 2005,3879,Lightning in a Bottle,Sony Pictures Classics,201711.0,2005-10-22,2005-12-31
Q4 2005,3880,Mrs. Palfrey at the Claremont,Cineville,1720953.0,2005-11-25,2005-12-31
Q4 2005,3883,The Woodsman,Newmarket Films,197623.0,2005-12-24,2005-12-31
Q4 2005,3887,The Syrian Bride,Koch Lorber Films,346327.0,2005-11-16,2005-12-31
Q4 2005,3889,Be Here to Love Me: A Film About Townes Van Zandt,Palm Pictures,80143.0,2005-12-02,2005-12-31
Q4 2005,3890,Home Delivery: Aapko... Ghar Tak,Eros International,58499.0,2005-12-02,2005-12-31
Q4 2005,3898,Pulse2005 Re-release,Magnolia Pictures,51420.0,2005-11-09,2005-12-31
Q4 2005,3899,Team America: World Police,Paramount Pictures,32786074.0,2005-10-15,2005-12-31
Q4 2005,3905,Brother to Brother,Wolfe Releasing,78295.0,2005-11-05,2005-12-31
Q4 2005,3910,The Libertine,The Weinstein Company,4835065.0,2005-11-25,2005-12-31
Q4 2005,3913,The Boys of Baraka,THINKFilm,65380.0,2005-11-30,2005-12-31
Q4 2005,3916,After Midnight,Avatar Films,48749.0,2005-12-03,2005-12-31
Q4 2005,3918,The Matador,The Weinstein Company,12594698.0,2005-12-30,2005-12-31
Q4 2005,3920,Classe Tous Risques,Rialto Pictures,91049.0,2005-11-18,2005-12-31
Q4 2005,3928,Guerrilla: The Taking of Patty Hearst,Magnolia Pictures,105054.0,2005-11-26,2005-12-31
Q4 2005,3933,Three Burials,Sony Pictures Classics,31000.0,2005-12-14,2005-12-31
Q4 2005,3934,The New World2005 Re-release,New Line Cinema,189864.0,2005-12-25,2005-12-31
Q4 2005,3936,Vodka Lemon,New Yorker Films,59131.0,2005-10-08,2005-12-31
Q4 2005,3943,Sex Is Comedy2004 Re-release,IFC Films,38100.0,2005-10-20,2005-12-31
Q4 2005,3944,Barely Legal,Sony Pictures Releasing,26511.0,2005-10-21,2005-12-31
Q4 2005,3945,Bear Cub,TLA Releasing,96685.0,2005-11-05,2005-12-31
Q4 2005,3946,Straight-Jacket,Regent Releasing,45291.0,2005-11-26,2005-12-31
Q4 2005,3947,Emmanuel's Gift,First Look International,23728.0,2005-10-21,2005-12-31
Q4 2005,3952,Zizek!,Zeitgeist Films,20177.0,2005-11-18,2005-12-31
Q4 2005,3955,A Tale of Two Sisters,Tartan,72541.0,2005-12-03,2005-12-31
Q4 2005,3956,The Aryan Couple,Slowhand Cinema Releasing,35000.0,2005-11-18,2005-12-31
Q4 2005,3959,Alfie,Paramount Pictures,13399812.0,2005-11-05,2005-12-31
Q4 2005,3968,Untold Scandal,Kino International,58538.0,2005-10-13,2005-12-31
Q4 2005,3977,C.S.A.: The Confederate States of America,IFC Films,14695.0,2005-10-07,2005-12-31
Q4 2005,3981,Duane Hopwood,IFC Films,13510.0,2005-11-11,2005-12-31
Q4 2005,3985,Go for Zucker,First Run,86553.0,2005-12-09,2005-12-31
Q4 2005,3993,Little Lili2004 Re-release,First Run,32256.0,2005-11-12,2005-12-31
Q4 2005,4001,Fabled,Indican Pictures,27305.0,2005-12-10,2005-12-31
Q4 2005,4002,The Swenkas,Seventh Art Releasing,8860.0,2005-11-09,2005-12-31
Q4 2005,4006,Who Killed Bambi?,Strand Releasing,14213.0,2005-11-12,2005-12-31
Q4 2005,4007,A Talking Picture,Kino International,18944.0,2005-12-10,2005-12-31
Q4 2005,4008,The Far Side of the Moon2005 Re-release,TLA Releasing,9963.0,2005-12-02,2005-12-31
Q4 2005,4009,Enduring Love,Paramount Classics,356950.0,2005-10-29,2005-12-31
Q4 2005,4011,The Intruder,Wellspring Media,23450.0,2005-12-23,2005-12-31
Q4 2005,4013,After Innocence,New Yorker Films,107656.0,2005-10-21,2005-12-31
Q4 2005,4020,The Aggressives,Seventh Art Releasing,6533.0,2005-10-07,2005-12-31
Q4 2005,4023,"White King, Red Rubber, Black Death",ArtMattan Productions,6458.0,2005-10-21,2005-12-31
Q4 2005,4025,Marebito,Tartan,11377.0,2005-12-09,2005-12-31
Q4 2005,4029,The Roost,Vitagraph Films,5642.0,2005-10-21,2005-12-31
Q4 2005,4031,Quattro Noza,Lionsgate,5471.0,2005-11-23,2005-12-31
Q4 2005,4035,A Silent Love,Atopia,12415.0,2005-10-29,2005-12-31
Q4 2005,4036,Isn't This a Time! A Tribute Concert for Harold Leventhal,Seventh Art Releasing,4683.0,2005-12-09,2005-12-31
Q4 2005,4040,Sacred Stage: The Mariinsky Theater,First Run,4410.0,2005-10-07,2005-12-31
Q4 2005,4048,Happy Here and Now,IFC Films,3574.0,2005-12-14,2005-12-31
Q4 2005,4050,Silent Waters,First Run,6184.0,2005-10-08,2005-12-31
Q4 2005,4055,Unveiled,Wolfe Releasing,3025.0,2005-11-18,2005-12-31
Q4 2005,4064,The Beauty Academy of Kabul,Shadow Distribution,225448.0,2005-11-04,2005-12-31
Q4 2005,4066,The Optimists,Castle Hill Productions,2377.0,2005-10-21,2005-12-31
Q4 2005,4070,Callas Forever,Regent Releasing,445284.0,2005-11-05,2005-12-31
Q4 2005,4075,Electric Shadows,First Run,6813.0,2005-12-16,2005-12-31
Q4 2005,4097,The Comedians of Comedy,Vitagraph Films,549.0,2005-11-11,2005-12-31
