season,Unnamed: 0,movie,studio,gross,release,time
Q1 2008,5431,Horton Hears a Who!,Twentieth Century Fox,154466039.0,2008-03-14,2008-03-31
Q1 2008,5446,"10,000 BC",Warner Bros.,94784201.0,2008-03-07,2008-03-31
Q1 2008,5453,Jumper,Twentieth Century Fox,80150379.0,2008-02-14,2008-03-31
Q1 2008,5454,Cloverfield,Paramount Pictures,80048433.0,2008-01-18,2008-03-31
Q1 2008,5455,27 Dresses,Twentieth Century Fox,76727525.0,2008-01-18,2008-03-31
Q1 2008,5457,21,Sony Pictures Releasing,81159365.0,2008-03-28,2008-03-31
Q1 2008,5459,Vantage Point,Sony Pictures Releasing,72266306.0,2008-02-22,2008-03-31
Q1 2008,5460,The Spiderwick Chronicles,Paramount Pictures,71195053.0,2008-02-14,2008-03-31
Q1 2008,5462,Fool's Gold,Warner Bros.,70231041.0,2008-02-08,2008-03-31
Q1 2008,5466,Hannah Montana and Miley Cyrus: Best of Both Worlds Concert,Walt Disney Studios Motion Pictures,63350115.0,2008-02-01,2008-03-31
Q1 2008,5474,Step Up 2: The Streets,Walt Disney Studios Motion Pictures,56174901.0,2008-02-14,2008-03-31
Q1 2008,5485,Rambo,Lionsgate,42754105.0,2008-01-25,2008-03-31
Q1 2008,5486,"Welcome Home, Roscoe Jenkins",Universal Pictures,42436517.0,2008-02-08,2008-03-31
Q1 2008,5488,College Road Trip,Walt Disney Studios Motion Pictures,44275094.0,2008-03-07,2008-03-31
Q1 2008,5492,Meet the Browns,Lionsgate,41975388.0,2008-03-21,2008-03-31
Q1 2008,5498,Meet the Spartans,Twentieth Century Fox,38163139.0,2008-01-25,2008-03-31
Q1 2008,5500,First Sunday,Screen Gems,37931869.0,2008-01-11,2008-03-31
Q1 2008,5508,"Definitely, Maybe",Universal Pictures,32241649.0,2008-02-14,2008-03-31
Q1 2008,5512,Drillbit Taylor,Paramount Pictures,32862104.0,2008-03-21,2008-03-31
Q1 2008,5513,The Eye,Lionsgate,31418697.0,2008-02-01,2008-03-31
Q1 2008,5518,The Bank Job,Lionsgate,30060660.0,2008-03-07,2008-03-31
Q1 2008,5519,Untraceable,Screen Gems,28687835.0,2008-01-25,2008-03-31
Q1 2008,5523,One Missed Call,Warner Bros.,26890041.0,2008-01-04,2008-03-31
Q1 2008,5524,The Other Boleyn Girl,Sony Pictures Releasing,26814957.0,2008-02-29,2008-03-31
Q1 2008,5529,Shutter,Twentieth Century Fox,25811376.0,2008-03-21,2008-03-31
Q1 2008,5530,Never Back Down,Summit Entertainment,24783625.0,2008-03-14,2008-03-31
Q1 2008,5538,Mad Money,Overture Films,20668843.0,2008-01-18,2008-03-31
Q1 2008,5559,The Pirates Who Don't Do Anything: A VeggieTales Movie,Universal Pictures,12981269.0,2008-01-11,2008-03-31
Q1 2008,5560,Miss Pettigrew Lives for a Day,Focus Features,12313694.0,2008-03-07,2008-03-31
Q1 2008,5563,Under the Same Moon,The Weinstein Company,12590147.0,2008-03-19,2008-03-31
Q1 2008,5567,Doomsday,Rogue Pictures,11008770.0,2008-03-14,2008-03-31
Q1 2008,5568,Stop-Loss,Paramount Pictures,10915744.0,2008-03-28,2008-03-31
Q1 2008,5569,Penelope,Summit Entertainment,10006295.0,2008-02-29,2008-03-31
Q1 2008,5581,In Bruges,Focus Features,7800824.0,2008-02-08,2008-03-31
Q1 2008,5583,How She Move,Paramount Vantage,7070641.0,2008-01-25,2008-03-31
Q1 2008,5585,Strange Wilderness,Paramount Classics,6575282.0,2008-02-01,2008-03-31
Q1 2008,5593,"Run, Fat Boy, Run",Picturehouse,6003262.0,2008-03-28,2008-03-31
Q1 2008,5604,Witless Protection,Lionsgate,4161625.0,2008-02-22,2008-03-31
Q1 2008,5607,Charlie Bartlett,Metro-Goldwyn-Mayer (MGM),3951699.0,2008-02-22,2008-03-31
Q1 2008,5608,Roving Mars,Walt Disney Studios Motion Pictures,10407978.0,2008-01-27,2008-03-31
Q1 2008,5609,Deep Sea,Warner Bros.,46403478.0,2008-03-03,2008-03-31
Q1 2008,5610,Jodhaa Akbar,UTV Motion Pictures,3440718.0,2008-02-15,2008-03-31
Q1 2008,5621,Priceless,The Samuel Goldwyn Company,2165188.0,2008-03-30,2008-03-31
Q1 2008,5628,The Band's Visit,Sony Pictures Classics,1629581.0,2008-02-08,2008-03-31
Q1 2008,5633,Race,UTV Motion Pictures,1367024.0,2008-03-21,2008-03-31
Q1 2008,5635,Funny Games,Warner Independent Pictures (WIP),1294919.0,2008-03-14,2008-03-31
Q1 2008,5637,Flawless,Magnolia Pictures,1200234.0,2008-03-28,2008-03-31
Q1 2008,5638,"4 Months, 3 Weeks and 2 Days",IFC Films,1198208.0,2008-01-25,2008-03-31
Q1 2008,5647,Caramel,Roadside Attractions,1055580.0,2008-02-01,2008-03-31
Q1 2008,5654,Cassandra's Dream,The Weinstein Company,973018.0,2008-01-18,2008-03-31
Q1 2008,5655,Diary of the Dead,Third Rail Releasing,958961.0,2008-02-15,2008-03-31
Q1 2008,5662,The Year My Parents Went on Vacation2007 Re-release,City Lights Pictures,807117.0,2008-02-15,2008-03-31
Q1 2008,5674,Wild West Comedy Show: 30 Days & 30 Nights - Hollywood to the Heartland,Picturehouse,603894.0,2008-02-08,2008-03-31
Q1 2008,5684,Paranoid Park,IFC Films,486767.0,2008-03-07,2008-03-31
Q1 2008,5688,La ligne brisée,Alliance Atlantis Vivafilm,466309.0,2008-03-07,2008-03-31
Q1 2008,5691,The Hammer,International Film Circuit,443591.0,2008-03-21,2008-03-31
Q1 2008,5698,Snow Angels,Warner Independent Pictures (WIP),402858.0,2008-03-07,2008-03-31
Q1 2008,5702,"Mèche Blanche, les aventures du petit castor",Alliance Atlantis Vivafilm,360886.0,2008-02-22,2008-03-31
Q1 2008,5706,Teeth,Roadside Attractions,347578.0,2008-01-18,2008-03-31
Q1 2008,5707,Everything Is Fine,Alliance Atlantis Vivafilm,336569.0,2008-02-15,2008-03-31
Q1 2008,5708,City of Men,Miramax,325131.0,2008-02-29,2008-03-31
Q1 2008,5715,Be Kind Rewind,New Line Cinema,11175164.0,2008-02-22,2008-03-31
Q1 2008,5719,Taxi to the Dark Side,THINKFilm,274661.0,2008-01-18,2008-03-31
Q1 2008,5720,One Two Three,Eros International,274589.0,2008-03-28,2008-03-31
Q1 2008,5723,In the Name of the King: A Dungeon Siege Tale,Freestyle Releasing,4775656.0,2008-01-11,2008-03-31
Q1 2008,5725,My Brother Is an Only Child,THINKFilm,255620.0,2008-03-28,2008-03-31
Q1 2008,5726,The Signal,Magnolia Pictures,251150.0,2008-02-22,2008-03-31
Q1 2008,5742,Chicago 10,Roadside Attractions,177490.0,2008-02-29,2008-03-31
Q1 2008,5745,Sleepwalking,Overture Films,170392.0,2008-03-14,2008-03-31
Q1 2008,5749,Girls Rock!,Shadow Distribution,159294.0,2008-03-07,2008-03-31
Q1 2008,5753,Contempt2008 Re-release,Rialto Pictures,153619.0,2008-03-14,2008-03-31
Q1 2008,5756,Last Year at Marienbad,Rialto Pictures,144492.0,2008-01-18,2008-03-31
Q1 2008,5761,Chop Shop,Koch Lorber Films,125045.0,2008-02-27,2008-03-31
Q1 2008,5762,The Grand,Anchor Bay Films,115879.0,2008-03-21,2008-03-31
Q1 2008,5771,Beaufort,Kino International,102591.0,2008-01-18,2008-03-31
Q1 2008,5772,La traviata,Emerging Pictures,185487.0,2008-02-15,2008-03-31
Q1 2008,5778,Semi-Pro,New Line Cinema,33479698.0,2008-02-29,2008-03-31
Q1 2008,5779,Little Chenier,Slowhand Cinema Releasing,87939.0,2008-01-18,2008-03-31
Q1 2008,5782,"Me & You, Us, Forever",Five & Two Pictures,84093.0,2008-02-15,2008-03-31
Q1 2008,5797,Alexandra,The Cinema Guild,128222.0,2008-03-26,2008-03-31
Q1 2008,5798,Shoot Down,Magic Lamp,74421.0,2008-01-25,2008-03-31
Q1 2008,5800,A Four Letter Word,Embrem Entertainment,72568.0,2008-03-28,2008-03-31
Q1 2008,5801,The Business of Being Born,International Film Circuit,69991.0,2008-01-09,2008-03-31
Q1 2008,5804,Happy Valley,Stone Five Studios,67665.0,2008-03-28,2008-03-31
Q1 2008,5809,Bab'Aziz: The Prince That Contemplated His Soul,Typecast Releasing,89672.0,2008-02-08,2008-03-31
Q1 2008,5811,Summer Palace,Palm Pictures,63045.0,2008-01-18,2008-03-31
Q1 2008,5817,Praying with Lior,First Run,79516.0,2008-02-01,2008-03-31
Q1 2008,5820,U2 3D,National Geographic Entertainment,10335294.0,2008-01-23,2008-03-31
Q1 2008,5832,Boarding Gate,Magnolia Pictures,49333.0,2008-03-21,2008-03-31
Q1 2008,5838,Monsieur Verdoux,The Film Desk,63643.0,2008-03-14,2008-03-31
Q1 2008,5839,Blonde and Blonder,Hannover House,42183.0,2008-01-18,2008-03-31
Q1 2008,5840,Chaos Theory,Warner Independent Pictures (WIP),240476.0,2008-03-14,2008-03-31
Q1 2008,5841,Maria Stuarda at La Scala,Emerging Pictures,83090.0,2008-03-14,2008-03-31
Q1 2008,5843,Planet B-Boy,Elephant Eye Films,40565.0,2008-03-21,2008-03-31
Q1 2008,5857,Hats Off,Abramorama,31272.0,2008-03-28,2008-03-31
Q1 2008,5860,Fighting for Life,Truly Indie,30606.0,2008-03-07,2008-03-31
Q1 2008,5870,The Hottie & the Nottie,Regent Releasing,27696.0,2008-02-08,2008-03-31
Q1 2008,5871,The Air I Breathe,THINKFilm,25775.0,2008-01-25,2008-03-31
Q1 2008,5881,Lovesickness,Maya Entertainment,22000.0,2008-03-14,2008-03-31
Q1 2008,5887,The Unforeseen,The Cinema Guild,89891.0,2008-02-29,2008-03-31
Q1 2008,5896,The Witnesses,Strand Releasing,74554.0,2008-02-01,2008-03-31
Q1 2008,5907,Day Zero,First Look International,16659.0,2008-01-18,2008-03-31
Q1 2008,5915,It Always Rains on Sunday,Rialto Pictures,14276.0,2008-03-07,2008-03-31
Q1 2008,5922,Alice's House,Vitagraph Films,58513.0,2008-01-25,2008-03-31
Q1 2008,5930,Last Stop for Paul,Mandt Bros. Productions,11951.0,2008-03-07,2008-03-31
Q1 2008,5933,Counter Investigation,Alliance Atlantis Vivafilm,11846.0,2008-02-29,2008-03-31
Q1 2008,5937,Sputnik Fever,Balcony Releasing,11441.0,2008-03-14,2008-03-31
Q1 2008,5958,A Walk to Beautiful,Engel Entertainment,7718.0,2008-02-08,2008-03-31
Q1 2008,5959,La forza del destino,Emerging Pictures,52097.0,2008-03-31,2008-03-31
Q1 2008,5964,London to Brighton,Outsider Films,6700.0,2008-02-08,2008-03-31
Q1 2008,5966,One Piece: Episode of Alabasta - The Desert Princess and the Pirates,The Bigger Picture,6587.0,2008-02-07,2008-03-31
Q1 2008,5968,Woman on the Beach2008 Re-release,New Yorker Films,19958.0,2008-01-09,2008-03-31
Q1 2008,5971,Beautiful Boxer,Regent Releasing,133721.0,2008-01-21,2008-03-31
Q1 2008,5972,The Killing of John Lennon,IFC Films,6975.0,2008-01-02,2008-03-31
Q1 2008,5974,"Tristan und Isolde, Azione in tre atti",Emerging Pictures,50172.0,2008-01-18,2008-03-31
Q1 2008,5977,Heartbeat Detector,New Yorker Films,5309.0,2008-03-14,2008-03-31
Q1 2008,5978,Flash Point,Third Rail Releasing,5151.0,2008-03-14,2008-03-31
Q1 2008,5982,Still Life,New Yorker Films,73168.0,2008-01-18,2008-03-31
Q1 2008,5984,Tre,Cinema Libre Studio,4759.0,2008-02-01,2008-03-31
Q1 2008,5989,"Romulus, My Father",Magnolia Pictures,4283.0,2008-02-29,2008-03-31
Q1 2008,5995,Genghis Khan: To the Ends of the Earth and Sea,The Bigger Picture,3892.0,2008-02-21,2008-03-31
Q1 2008,5996,The Holy Mountain,ABKCO Films,61001.0,2008-01-19,2008-03-31
Q1 2008,6002,American Zombie,Cinema Libre Studio,3126.0,2008-03-28,2008-03-31
Q1 2008,6007,Shrooms,Magnolia Pictures,2863.0,2008-02-08,2008-03-31
Q1 2008,6015,Running with Arnold,Lantern Lane Entertainment,2119.0,2008-01-11,2008-03-31
Q1 2008,6017,Shelter,Regent Releasing,141911.0,2008-03-21,2008-03-31
Q1 2008,6022,A Lawyer Walks Into a Bar...,Indican Pictures,5202.0,2008-02-29,2008-03-31
Q1 2008,6027,J'entends plus la guitare,The Film Desk,12616.0,2008-02-25,2008-03-31
Q1 2008,6029,How to Rob a Bank (and 10 Tips to Actually Get Away with It),IFC Films,1006.0,2008-02-08,2008-03-31
Q1 2008,6033,Christmas in Wonderland,Yari Film Group Releasing,689.0,2008-01-25,2008-03-31
Q1 2008,6035,Lost in Beijing,New Yorker Films,10164.0,2008-01-25,2008-03-31
Q1 2008,6040,Poisoned by Polonium: The Litvinenko File,Kino International,4136.0,2008-03-21,2008-03-31
Q1 2008,6052,Blind Mountain,Kino International,12088.0,2008-03-12,2008-03-31
Q2 2008,5422,Indiana Jones and the Kingdom of the Crystal Skull,Paramount Pictures,317101119.0,2008-05-22,2008-06-30
Q2 2008,5423,Iron Man,Paramount Pictures,318604126.0,2008-05-02,2008-06-30
Q2 2008,5425,WALL·E,Walt Disney Studios Motion Pictures,223799741.0,2008-06-27,2008-06-30
Q2 2008,5426,Kung Fu Panda,DreamWorks,215434591.0,2008-06-06,2008-06-30
Q2 2008,5430,Sex and the City,Warner Bros.,152647258.0,2008-05-30,2008-06-30
Q2 2008,5433,The Chronicles of Narnia: Prince Caspian,Walt Disney Studios Motion Pictures,139077570.0,2008-05-16,2008-06-30
Q2 2008,5434,The Incredible Hulk,Universal Pictures,134806913.0,2008-06-13,2008-06-30
Q2 2008,5435,Wanted,Universal Pictures,134508551.0,2008-06-27,2008-06-30
Q2 2008,5436,Get Smart,Warner Bros.,130319208.0,2008-06-20,2008-06-30
Q2 2008,5445,You Don't Mess with the Zohan,Sony Pictures Releasing,100018837.0,2008-06-06,2008-06-30
Q2 2008,5452,What Happens in Vegas,Twentieth Century Fox,80266543.0,2008-05-09,2008-06-30
Q2 2008,5465,The Happening,Twentieth Century Fox,64490034.0,2008-06-13,2008-06-30
Q2 2008,5467,Forgetting Sarah Marshall,Universal Pictures,63172463.0,2008-04-18,2008-06-30
Q2 2008,5468,Baby Mama,Universal Pictures,60494212.0,2008-04-25,2008-06-30
Q2 2008,5476,The Strangers,Rogue Pictures,52597610.0,2008-05-30,2008-06-30
Q2 2008,5477,The Forbidden Kingdom,Lionsgate,52075270.0,2008-04-18,2008-06-30
Q2 2008,5480,Made of Honor,Sony Pictures Releasing,46012734.0,2008-05-02,2008-06-30
Q2 2008,5483,Speed Racer,Warner Bros.,43945766.0,2008-05-09,2008-06-30
Q2 2008,5484,Prom Night,Screen Gems,43869350.0,2008-04-11,2008-06-30
Q2 2008,5487,Nim's Island,Twentieth Century Fox,47946353.0,2008-04-04,2008-06-30
Q2 2008,5499,Harold & Kumar Escape from Guantanamo Bay,Warner Bros.,38108728.0,2008-04-25,2008-06-30
Q2 2008,5509,The Love Guru,Paramount Pictures,32235793.0,2008-06-20,2008-06-30
Q2 2008,5525,Street Kings,Fox Searchlight Pictures,26367566.0,2008-04-11,2008-06-30
Q2 2008,5526,Leatherheads,Universal Pictures,31373938.0,2008-04-04,2008-06-30
Q2 2008,5542,Kit Kittredge: An American Girl,Picturehouse,17657973.0,2008-06-20,2008-06-30
Q2 2008,5543,88 Minutes,Sony Pictures Releasing,17213467.0,2008-04-18,2008-06-30
Q2 2008,5550,The Ruins,DreamWorks,17432844.0,2008-04-04,2008-06-30
Q2 2008,5573,Smart People,Miramax,9511289.0,2008-04-11,2008-06-30
Q2 2008,5574,The Visitor,Overture Films,9427089.0,2008-04-11,2008-06-30
Q2 2008,5588,Expelled: No Intelligence Allowed,Rocky Mountain Pictures,7720487.0,2008-04-18,2008-06-30
Q2 2008,5591,Mongol: The Rise of Genghis Khan,Picturehouse,5705761.0,2008-06-06,2008-06-30
Q2 2008,5597,Shine a Light,Paramount Vantage,5505267.0,2008-04-04,2008-06-30
Q2 2008,5600,Deception,Twentieth Century Fox,4495843.0,2008-04-25,2008-06-30
Q2 2008,5601,Space Station 3D,IMAX,93379882.0,2008-04-19,2008-06-30
Q2 2008,5606,Young@Heart,Fox Searchlight Pictures,3992189.0,2008-04-09,2008-06-30
Q2 2008,5619,The Fall,Roadside Attractions,2266905.0,2008-05-09,2008-06-30
Q2 2008,5623,Roman de gare,The Samuel Goldwyn Company,1852764.0,2008-04-25,2008-06-30
Q2 2008,5625,Son of Rambow,Paramount Vantage,1785505.0,2008-05-02,2008-06-30
Q2 2008,5643,Brick Lane,Sony Pictures Classics,1095398.0,2008-06-20,2008-06-30
Q2 2008,5646,When Did You Last See Your Father?,Sony Pictures Classics,1077273.0,2008-06-06,2008-06-30
Q2 2008,5648,The Children of Huang Shi,Sony Pictures Classics,1031872.0,2008-05-23,2008-06-30
Q2 2008,5649,Before the Rains,Roadside Attractions,1029655.0,2008-05-09,2008-06-30
Q2 2008,5650,U Me Aur Hum,Eros International,1028191.0,2008-04-11,2008-06-30
Q2 2008,5651,Sarkar Raj,Eros International,1009065.0,2008-06-06,2008-06-30
Q2 2008,5656,Encounters at the End of the World,THINKFilm,944933.0,2008-06-11,2008-06-30
Q2 2008,5659,Emma Smith: My Story,Candlelight Media Group,881787.0,2008-04-11,2008-06-30
Q2 2008,5660,My Blueberry Nights,The Weinstein Company,867275.0,2008-04-04,2008-06-30
Q2 2008,5663,Up the Yangtze,Zeitgeist Films,783969.0,2008-04-25,2008-06-30
Q2 2008,5665,The Edge of Heaven,Strand Releasing,742349.0,2008-05-21,2008-06-30
Q2 2008,5672,Fugitive Pieces,The Samuel Goldwyn Company,635783.0,2008-05-02,2008-06-30
Q2 2008,5678,Reprise,Miramax,554826.0,2008-05-16,2008-06-30
Q2 2008,5683,Krazzy 4,Eros International,487215.0,2008-04-11,2008-06-30
Q2 2008,5686,Bhoothnath,Eros International,476032.0,2008-05-09,2008-06-30
Q2 2008,5696,The Promotion,Third Rail Releasing,408709.0,2008-06-06,2008-06-30
Q2 2008,5699,Where in the World Is Osama Bin Laden?,The Weinstein Company,384955.0,2008-04-18,2008-06-30
Q2 2008,5711,Bigger Stronger Faster*,Magnolia Pictures,308575.0,2008-05-30,2008-06-30
Q2 2008,5712,The Life Before Her Eyes,Magnolia Pictures,303439.0,2008-04-18,2008-06-30
Q2 2008,5721,Surfwise,Magnolia Pictures,269994.0,2008-05-09,2008-06-30
Q2 2008,5727,The 13th Alley,Super Chief Films,250992.0,2008-06-13,2008-06-30
Q2 2008,5729,The Foot Fist Way,Paramount Vantage,234286.0,2008-05-30,2008-06-30
Q2 2008,5730,La Vie En Rose,Picturehouse,10301706.0,2008-06-08,2008-06-30
Q2 2008,5731,Standard Operating Procedure,Sony Pictures Classics,229117.0,2008-04-25,2008-06-30
Q2 2008,5733,Chris & Don. A Love Story,Zeitgeist Films,216110.0,2008-06-13,2008-06-30
Q2 2008,5739,Elsa & Fred,Mitropoulos Films,189024.0,2008-06-27,2008-06-30
Q2 2008,5757,Baghead,Sony Pictures Classics,140106.0,2008-06-13,2008-06-30
Q2 2008,5767,Pathology,Metro-Goldwyn-Mayer (MGM),109846.0,2008-04-18,2008-06-30
Q2 2008,5769,Trumbo,The Samuel Goldwyn Company,109057.0,2008-06-27,2008-06-30
Q2 2008,5770,Then She Found Me,THINKFilm,3734420.0,2008-04-25,2008-06-30
Q2 2008,5802,Kenny,Xenon Pictures,69220.0,2008-06-20,2008-06-30
Q2 2008,5805,Stuck,THINKFilm,67505.0,2008-05-30,2008-06-30
Q2 2008,5810,A Plumm Summer,Freestyle Releasing,63521.0,2008-04-25,2008-06-30
Q2 2008,5812,Meet Bill,First Look International,62597.0,2008-04-04,2008-06-30
Q2 2008,5814,Tuya's Marriage,Music Box Films,79291.0,2008-04-04,2008-06-30
Q2 2008,5815,Deal,Metro-Goldwyn-Mayer (MGM),61626.0,2008-04-25,2008-06-30
Q2 2008,5822,Finding Amanda,Magnolia Pictures,57297.0,2008-06-27,2008-06-30
Q2 2008,5830,Gunnin' for That #1 Spot,Oscilloscope,50804.0,2008-06-27,2008-06-30
Q2 2008,5834,Il trittico dell'amore,Emerging Pictures,79842.0,2008-05-02,2008-06-30
Q2 2008,5835,America the Beautiful,First Independent Pictures,76173.0,2008-05-09,2008-06-30
Q2 2008,5844,The Dhamma Brothers,Balcony Releasing,40492.0,2008-04-11,2008-06-30
Q2 2008,5848,XXY,Film Movement,46011.0,2008-05-02,2008-06-30
Q2 2008,5849,Dare Not Walk Alone,Indican Pictures,51665.0,2008-04-25,2008-06-30
Q2 2008,5850,The First Saturday in May,Truly Indie,114909.0,2008-04-18,2008-06-30
Q2 2008,5855,The Tracey Fragments,THINKFilm,32645.0,2008-05-09,2008-06-30
Q2 2008,5861,Dark Matter,First Independent Pictures,30591.0,2008-04-11,2008-06-30
Q2 2008,5863,Expired,MCR Releasing,29796.0,2008-06-20,2008-06-30
Q2 2008,5865,Mother of Tears,Myriad Pictures,29654.0,2008-06-06,2008-06-30
Q2 2008,5875,Sex and Death 101,Anchor Bay Films,23624.0,2008-04-04,2008-06-30
Q2 2008,5878,Love and Honour,Eleven Arts,59104.0,2008-05-02,2008-06-30
Q2 2008,5880,La Rondine,Emerging Pictures,48828.0,2008-05-19,2008-06-30
Q2 2008,5884,The Cry,Monterey Media,21427.0,2008-04-25,2008-06-30
Q2 2008,5889,Glass: A Portrait of Philip in Twelve Parts,Koch Lorber Films,20018.0,2008-04-18,2008-06-30
Q2 2008,5891,Trying to Get Good: The Jazz Odyssey of Jack Sheldon,Reel Source,19712.0,2008-05-30,2008-06-30
Q2 2008,5892,Louise Bourgeois,Zeitgeist Films,93478.0,2008-06-25,2008-06-30
Q2 2008,5893,Beauty in Trouble2008 Re-release,Menemsha Films,19300.0,2008-06-13,2008-06-30
Q2 2008,5894,A Jihad for Love,First Run,73833.0,2008-05-21,2008-06-30
Q2 2008,5897,The Grocer's Son,Film Movement,262764.0,2008-06-06,2008-06-30
Q2 2008,5901,Water Lilies,Koch Lorber Films,60340.0,2008-04-04,2008-06-30
Q2 2008,5902,Bloodline,Cinema Libre Studio,63761.0,2008-05-09,2008-06-30
Q2 2008,5905,Bra Boys,Slowhand Cinema Releasing,155056.0,2008-04-11,2008-06-30
Q2 2008,5908,Noise,THINKFilm,16513.0,2008-05-09,2008-06-30
Q2 2008,5917,Poultrygeist: Night of the Chicken Dead,Troma,13804.0,2008-05-09,2008-06-30
Q2 2008,5918,Yella,The Cinema Guild,29439.0,2008-05-16,2008-06-30
Q2 2008,5919,Kicking It,Liberation Entertainment,13266.0,2008-06-13,2008-06-30
Q2 2008,5926,To the Limit,First Run,18254.0,2008-06-13,2008-06-30
Q2 2008,5932,Quid Pro Quo,Magnolia Pictures,11864.0,2008-06-13,2008-06-30
Q2 2008,5934,Ripple Effect,Monterey Media,14059.0,2008-06-20,2008-06-30
Q2 2008,5936,Operation Filmmaker,Icarus Films,11573.0,2008-06-04,2008-06-30
Q2 2008,5940,Rogue,Third Rail Releasing,10452.0,2008-04-25,2008-06-30
Q2 2008,5942,Battle for Haditha,Lafayette Films,10310.0,2008-05-07,2008-06-30
Q2 2008,5943,As It Is in Heaven2008 Re-release,Vitagraph Films,10236.0,2008-05-02,2008-06-30
Q2 2008,5947,As Tears Go By,Kino International,9436.0,2008-05-02,2008-06-30
Q2 2008,5952,Full Grown Men,Emerging Pictures,13716.0,2008-06-27,2008-06-30
Q2 2008,5957,Refusenik,Abramorama,15728.0,2008-04-11,2008-06-30
Q2 2008,5976,Dog Days of Summer,Mountain Top Releasing,5383.0,2008-04-18,2008-06-30
Q2 2008,5979,Turn the River,Screen Media Films,5149.0,2008-05-09,2008-06-30
Q2 2008,5983,ShowBusiness: The Road to Broadway,Regent Releasing,151708.0,2008-05-11,2008-06-30
Q2 2008,5992,Heavy Metal in Baghdad,Arts Alliance America,4070.0,2008-05-23,2008-06-30
Q2 2008,6001,Le Doulos,Rialto Pictures,81572.0,2008-06-29,2008-06-30
Q2 2008,6012,White Rainbow,Indican Pictures,9126.0,2008-04-07,2008-06-30
Q2 2008,6014,Miss Conception,First Look International,2134.0,2008-06-06,2008-06-30
Q2 2008,6021,On the Rumba River,First Run,1698.0,2008-06-06,2008-06-30
Q2 2008,6025,A Grin Without A Cat,Icarus Films,43616.0,2008-05-01,2008-06-30
Q2 2008,6026,"OSS 117: Cairo, Nest of Spies",Music Box Films,303543.0,2008-05-09,2008-06-30
Q2 2008,6028,My Father My Lord,Kino International,203708.0,2008-05-16,2008-06-30
Q2 2008,6042,Kiss Me Deadly,Regent Releasing,774.0,2008-05-02,2008-06-30
Q2 2008,6050,Love Comes Lately,Kino International,76872.0,2008-06-13,2008-06-30
Q3 2008,5421,The Dark Knight,Warner Bros.,533345358.0,2008-07-18,2008-09-30
Q3 2008,5424,Hancock,Sony Pictures Releasing,227946274.0,2008-07-02,2008-09-30
Q3 2008,5432,Mamma Mia!,Universal Pictures,144130063.0,2008-07-18,2008-09-30
Q3 2008,5439,Tropic Thunder,DreamWorks,110515313.0,2008-08-13,2008-09-30
Q3 2008,5441,The Mummy: Tomb of the Dragon Emperor,Universal Pictures,102491776.0,2008-08-01,2008-09-30
Q3 2008,5442,Journey to the Center of the Earth,Warner Bros.,101704370.0,2008-07-11,2008-09-30
Q3 2008,5443,Eagle Eye,DreamWorks,101440743.0,2008-09-26,2008-09-30
Q3 2008,5444,Step Brothers,Sony Pictures Releasing,100468793.0,2008-07-25,2008-09-30
Q3 2008,5450,Pineapple Express,Sony Pictures Releasing,87341380.0,2008-08-06,2008-09-30
Q3 2008,5456,Hellboy II: The Golden Army,Universal Pictures,75986503.0,2008-07-11,2008-09-30
Q3 2008,5469,Burn After Reading,Focus Features,60355347.0,2008-09-12,2008-09-30
Q3 2008,5478,The House Bunny,Sony Pictures Releasing,48237389.0,2008-08-22,2008-09-30
Q3 2008,5482,The Sisterhood of the Traveling Pants 2,Warner Bros.,44089964.0,2008-08-06,2008-09-30
Q3 2008,5489,Nights in Rodanthe,Warner Bros.,41850659.0,2008-09-26,2008-09-30
Q3 2008,5493,Righteous Kill,Overture Films,40081410.0,2008-09-12,2008-09-30
Q3 2008,5495,Lakeview Terrace,Screen Gems,39263506.0,2008-09-19,2008-09-30
Q3 2008,5502,The Family That Preys,Lionsgate,37105289.0,2008-09-12,2008-09-30
Q3 2008,5503,Death Race,Universal Pictures,36316032.0,2008-08-22,2008-09-30
Q3 2008,5505,Star Wars: The Clone Wars,Warner Bros.,35161554.0,2008-08-15,2008-09-30
Q3 2008,5507,Fireproof,The Samuel Goldwyn Company,33456317.0,2008-09-26,2008-09-30
Q3 2008,5516,Mirrors,Twentieth Century Fox,30691439.0,2008-08-15,2008-09-30
Q3 2008,5517,Space Chimps,Twentieth Century Fox,30105968.0,2008-07-18,2008-09-30
Q3 2008,5522,The Women,Picturehouse,26902075.0,2008-09-12,2008-09-30
Q3 2008,5531,Traitor,Overture Films,23530831.0,2008-08-27,2008-09-30
Q3 2008,5534,Babylon A.D.,Twentieth Century Fox,22532572.0,2008-08-29,2008-09-30
Q3 2008,5537,The X Files: I Want to Believe,Twentieth Century Fox,20982478.0,2008-07-25,2008-09-30
Q3 2008,5539,Appaloosa,Warner Bros.,20211394.0,2008-09-19,2008-09-30
Q3 2008,5540,Igor,Metro-Goldwyn-Mayer (MGM),19528602.0,2008-09-19,2008-09-30
Q3 2008,5541,My Best Friend's Girl,Lionsgate,19219250.0,2008-09-19,2008-09-30
Q3 2008,5545,Swing Vote,Walt Disney Studios Motion Pictures,16289867.0,2008-08-01,2008-09-30
Q3 2008,5546,Bangkok Dangerous,Lionsgate,15298133.0,2008-09-05,2008-09-30
Q3 2008,5551,Disaster Movie,Lionsgate,14190901.0,2008-08-29,2008-09-30
Q3 2008,5552,The Duchess,Paramount Vantage,13848978.0,2008-09-19,2008-09-30
Q3 2008,5556,Ghost Town,DreamWorks,13367624.0,2008-09-19,2008-09-30
Q3 2008,5561,Fly Me to the Moon 3D,Summit Entertainment,13804259.0,2008-08-15,2008-09-30
Q3 2008,5565,Meet Dave,Twentieth Century Fox,11803254.0,2008-07-11,2008-09-30
Q3 2008,5578,Miracle at St. Anna,Walt Disney Studios Motion Pictures,7919117.0,2008-09-26,2008-09-30
Q3 2008,5586,The Rocker,Twentieth Century Fox,6390303.0,2008-08-20,2008-09-30
Q3 2008,5587,Brideshead Revisited,Miramax,6308453.0,2008-07-25,2008-09-30
Q3 2008,5595,Magnificent Desolation: Walking on the Moon 3D,IMAX,34136978.0,2008-09-23,2008-09-30
Q3 2008,5596,Hamlet 2,Focus Features,4886216.0,2008-08-22,2008-09-30
Q3 2008,5599,College,Metro-Goldwyn-Mayer (MGM),4694636.0,2008-08-29,2008-09-30
Q3 2008,5605,Bottle Shock,Freestyle Releasing,4078607.0,2008-08-06,2008-09-30
Q3 2008,5614,Man on Wire,Magnolia Pictures,2946756.0,2008-07-25,2008-09-30
Q3 2008,5615,Choke,Fox Searchlight Pictures,2926565.0,2008-09-26,2008-09-30
Q3 2008,5617,Frozen River,Sony Pictures Classics,2309958.0,2008-08-01,2008-09-30
Q3 2008,5620,Transsiberian,First Look International,2206405.0,2008-07-18,2008-09-30
Q3 2008,5622,Singh Is King,Studio 18,2159376.0,2008-08-07,2008-09-30
Q3 2008,5624,Henry Poole Is Here,Overture Films,1836515.0,2008-08-15,2008-09-30
Q3 2008,5634,Into the Wild,Paramount Vantage,18354356.0,2008-09-21,2008-09-30
Q3 2008,5636,Gonzo: The Life and Work of Dr. Hunter S. Thompson,Magnolia Pictures,1252100.0,2008-07-04,2008-09-30
Q3 2008,5657,American Teen,Paramount Vantage,942441.0,2008-07-25,2008-09-30
Q3 2008,5661,I.O.U.S.A.,Roadside Attractions,821046.0,2008-08-22,2008-09-30
Q3 2008,5666,Forever Strong,Crane Movie Company,719556.0,2008-09-19,2008-09-30
Q3 2008,5668,Beer for My Horses,Roadside Attractions,666045.0,2008-08-08,2008-09-30
Q3 2008,5673,I Served the King of England,Sony Pictures Classics,617403.0,2008-08-29,2008-09-30
Q3 2008,5676,A Secret,Strand Releasing,613551.0,2008-09-05,2008-09-30
Q3 2008,5681,Kismat Konnection,UTV Motion Pictures,490154.0,2008-07-18,2008-09-30
Q3 2008,5685,Trouble the Water,Zeitgeist Films,486989.0,2008-08-22,2008-09-30
Q3 2008,5695,A Girl Cut in Two,IFC Films,409658.0,2008-08-15,2008-09-30
Q3 2008,5701,Towelhead,Warner Independent Pictures (WIP),372124.0,2008-09-12,2008-09-30
Q3 2008,5704,Everybody Wants to Be Italian,Roadside Attractions,351416.0,2008-09-05,2008-09-30
Q3 2008,5722,The Lucky Ones,Lionsgate,266967.0,2008-09-26,2008-09-30
Q3 2008,5732,Goal II: Living the Dream,Arenas Entertainment,225067.0,2008-08-29,2008-09-30
Q3 2008,5734,The Darjeeling Limited,Fox Searchlight Pictures,11902715.0,2008-09-29,2008-09-30
Q3 2008,5736,Hell Ride,Third Rail Releasing,213608.0,2008-08-08,2008-09-30
Q3 2008,5743,Mera Pind: My Home,Adlabs Films,176976.0,2008-09-05,2008-09-30
Q3 2008,5746,Elegy,The Samuel Goldwyn Company,3581642.0,2008-08-08,2008-09-30
Q3 2008,5747,God Tussi Great Ho,Eros International,163756.0,2008-08-15,2008-09-30
Q3 2008,5750,A Man Named Pearl,Tentmakers Entertainment,201603.0,2008-08-31,2008-09-30
Q3 2008,5755,Sky Kids,Dark Coast Pictures,144680.0,2008-08-15,2008-09-30
Q3 2008,5758,Hounddog,Empire Pictures Inc.,131961.0,2008-09-19,2008-09-30
Q3 2008,5759,The Game Plan,Walt Disney Studios Motion Pictures,90043270.0,2008-09-28,2008-09-30
Q3 2008,5765,Boy A,The Weinstein Company,113662.0,2008-07-23,2008-09-30
Q3 2008,5768,Bustin' Down the Door,Screen Media Films,109427.0,2008-07-25,2008-09-30
Q3 2008,5773,Tell No One,Music Box Films,6177192.0,2008-07-02,2008-09-30
Q3 2008,5775,The Pool,Vitagraph Films,95102.0,2008-09-03,2008-09-30
Q3 2008,5785,Kabluey,Regent Releasing,83506.0,2008-07-04,2008-09-30
Q3 2008,5786,The Midnight Meat Train,Lionsgate,83361.0,2008-08-01,2008-09-30
Q3 2008,5787,Humboldt County,Magnolia Pictures,82357.0,2008-09-26,2008-09-30
Q3 2008,5790,The Stone Angel,Vivendi Entertainment,459166.0,2008-07-11,2008-09-30
Q3 2008,5791,Ping Pong Playa,IFC Films,77907.0,2008-09-05,2008-09-30
Q3 2008,5795,"Lust, Caution",Focus Features,4604982.0,2008-09-28,2008-09-30
Q3 2008,5796,A Thousand Years of Good Prayers,Magnolia Pictures,76806.0,2008-09-19,2008-09-30
Q3 2008,5808,CSNY/Déjà Vu,Roadside Attractions,65025.0,2008-07-25,2008-09-30
Q3 2008,5816,Hallam Foe,Magnolia Pictures,60641.0,2008-09-05,2008-09-30
Q3 2008,5818,Boogie Man: The Lee Atwater Story,InterPositive Media,60332.0,2008-09-26,2008-09-30
Q3 2008,5821,Roman Polanski: Wanted and Desired,THINKFilm,59192.0,2008-07-11,2008-09-30
Q3 2008,5824,Beautiful Losers,Sidetrack Films,56386.0,2008-08-08,2008-09-30
Q3 2008,5829,"Surfer, Dude",Anchor Bay Films,52132.0,2008-09-05,2008-09-30
Q3 2008,5831,Sukiyaki Western Django,First Look International,50659.0,2008-08-29,2008-09-30
Q3 2008,5836,All Roads Lead Home,Waldo West Productions,43907.0,2008-09-26,2008-09-30
Q3 2008,5852,The Wackness,Sony Pictures Classics,2077116.0,2008-07-03,2008-09-30
Q3 2008,5853,Berlin,Third Rail Releasing,33231.0,2008-07-18,2008-09-30
Q3 2008,5856,The Assassination of Jesse James by the Coward Robert Ford,Warner Bros.,3909149.0,2008-09-21,2008-09-30
Q3 2008,5859,Patti Smith: Dream of Life,Palm Pictures,30918.0,2008-08-06,2008-09-30
Q3 2008,5862,Days and Clouds,Film Movement,112102.0,2008-07-11,2008-09-30
Q3 2008,5867,Before I Forget,Strand Releasing,27611.0,2008-07-18,2008-09-30
Q3 2008,5872,Outsourced,Truly Indie,158970.0,2008-09-28,2008-09-30
Q3 2008,5882,Garden Party,Roadside Attractions,21886.0,2008-07-11,2008-09-30
Q3 2008,5883,Diminished Capacity,IFC Films,21659.0,2008-07-04,2008-09-30
Q3 2008,5886,Shoot the Piano Player,Janus Films,20615.0,2008-09-05,2008-09-30
Q3 2008,5895,The Order of Myths,The Cinema Guild,62645.0,2008-07-25,2008-09-30
Q3 2008,5898,The Exiles,Milestone,30945.0,2008-07-11,2008-09-30
Q3 2008,5909,Mumbai Meri Jaan,UTV Motion Pictures,16407.0,2008-08-22,2008-09-30
Q3 2008,5920,Harold,City Lights Pictures,13229.0,2008-07-11,2008-09-30
Q3 2008,5921,My Mexican Shivah,Emerging Pictures,13042.0,2008-08-29,2008-09-30
Q3 2008,5924,In the Valley of Elah,Warner Independent Pictures (WIP),6777741.0,2008-09-14,2008-09-30
Q3 2008,5925,August,First Look International,12636.0,2008-07-11,2008-09-30
Q3 2008,5927,Jake's Corner,Emerging Pictures,12522.0,2008-09-05,2008-09-30
Q3 2008,5929,Full Battle Rattle,Mile End Films,12306.0,2008-07-09,2008-09-30
Q3 2008,5935,Enlighten Up!,Balcony Releasing,146215.0,2008-09-12,2008-09-30
Q3 2008,5946,Whaledreamers,Monterey Media,9972.0,2008-09-26,2008-09-30
Q3 2008,5950,Jaane Tu... Ya Jaane Na,UTV Motion Pictures,9157.0,2008-07-04,2008-09-30
Q3 2008,5953,Elite Squad,IFC Films,8744.0,2008-09-19,2008-09-30
Q3 2008,5961,The Willow Tree,New Yorker Films,25209.0,2008-08-03,2008-09-30
Q3 2008,5963,Forever,Icarus Films,31502.0,2008-09-12,2008-09-30
Q3 2008,5965,Take,Liberation Entertainment,6627.0,2008-07-18,2008-09-30
Q3 2008,5969,Antarctica,Regent Releasing,21151.0,2008-08-29,2008-09-30
Q3 2008,5973,Death Defying Acts,Third Rail Releasing,5665.0,2008-07-11,2008-09-30
Q3 2008,5985,Red,Magnolia Pictures,4643.0,2008-08-08,2008-09-30
Q3 2008,5986,El inmigrante,Indican Pictures,14495.0,2008-07-13,2008-09-30
Q3 2008,5987,Mad Detective,IFC Films,4629.0,2008-07-18,2008-09-30
Q3 2008,5988,Wonderful Town,Kino International,4487.0,2008-07-18,2008-09-30
Q3 2008,6005,Loins of Punjab Presents,Emerging Pictures,39891.0,2008-09-12,2008-09-30
Q3 2008,6011,Eight Miles High,MPI Media Group,2616.0,2008-07-11,2008-09-30
Q3 2008,6013,I Want Someone to Eat Cheese With,IFC Films,194568.0,2008-09-05,2008-09-30
Q3 2008,6019,Moving Midway,First Run,40864.0,2008-09-12,2008-09-30
Q3 2008,6030,Death at a Funeral,Metro-Goldwyn-Mayer (MGM),8580428.0,2008-08-17,2008-09-30
Q3 2008,6031,Disfigured,Cinema Libre Studio,829.0,2008-07-18,2008-09-30
Q3 2008,6037,Canary,ImaginAsian Pictures,504.0,2008-07-25,2008-09-30
Q3 2008,6038,Back to Normandy,Kino International,503.0,2008-07-30,2008-09-30
Q3 2008,6043,The Man of My Life,Strand Releasing,7704.0,2008-09-21,2008-09-30
Q3 2008,6044,The Bubble,Strand Releasing,157121.0,2008-09-07,2008-09-30
Q4 2008,5427,Madagascar: Escape 2 Africa,DreamWorks,180010950.0,2008-11-07,2008-12-31
Q4 2008,5428,Twilight,Summit Entertainment,192769854.0,2008-11-21,2008-12-31
Q4 2008,5429,Quantum of Solace,Sony Pictures Releasing,168368427.0,2008-11-14,2008-12-31
Q4 2008,5437,Juno,Fox Searchlight Pictures,143454918.0,2008-12-05,2008-12-31
Q4 2008,5438,Four Christmases,Warner Bros.,120146040.0,2008-11-26,2008-12-31
Q4 2008,5440,Bolt,Walt Disney Studios Motion Pictures,113643011.0,2008-11-21,2008-12-31
Q4 2008,5447,Beverly Hills Chihuahua,Walt Disney Studios Motion Pictures,94286898.0,2008-10-03,2008-12-31
Q4 2008,5448,The Bucket List,Warner Bros.,93466502.0,2008-12-25,2008-12-31
Q4 2008,5449,High School Musical 3,Walt Disney Studios Motion Pictures,90499322.0,2008-10-24,2008-12-31
Q4 2008,5451,National Treasure: Book of Secrets,Walt Disney Studios Motion Pictures,215306145.0,2008-12-21,2008-12-31
Q4 2008,5458,Marley & Me,Twentieth Century Fox,143146360.0,2008-12-25,2008-12-31
Q4 2008,5461,Alvin and the Chipmunks,Twentieth Century Fox,217313244.0,2008-12-14,2008-12-31
Q4 2008,5463,The Day the Earth Stood Still,Twentieth Century Fox,79308794.0,2008-12-12,2008-12-31
Q4 2008,5464,Role Models,Universal Pictures,67294270.0,2008-11-07,2008-12-31
Q4 2008,5470,Yes Man,Warner Bros.,97690976.0,2008-12-19,2008-12-31
Q4 2008,5471,I Am Legend,Warner Bros.,256393010.0,2008-12-14,2008-12-31
Q4 2008,5472,Saw V,Lionsgate,56746769.0,2008-10-24,2008-12-31
Q4 2008,5473,Bedtime Stories,Walt Disney Studios Motion Pictures,110101975.0,2008-12-25,2008-12-31
Q4 2008,5475,The Curious Case of Benjamin Button,Paramount Pictures,127509326.0,2008-12-25,2008-12-31
Q4 2008,5479,Seven Pounds,Sony Pictures Releasing,69951824.0,2008-12-19,2008-12-31
Q4 2008,5481,Australia,Twentieth Century Fox,49534424.0,2008-11-26,2008-12-31
Q4 2008,5490,Valkyrie,United Artists,83077833.0,2008-12-25,2008-12-31
Q4 2008,5491,Max Payne,Twentieth Century Fox,40689393.0,2008-10-17,2008-12-31
Q4 2008,5494,There Will Be Blood,Paramount Vantage,40222514.0,2008-12-26,2008-12-31
Q4 2008,5496,Body of Lies,Warner Bros.,39394666.0,2008-10-10,2008-12-31
Q4 2008,5497,Atonement,Focus Features,50927067.0,2008-12-07,2008-12-31
Q4 2008,5501,The Secret Life of Bees,Fox Searchlight Pictures,37728121.0,2008-10-17,2008-12-31
Q4 2008,5504,Changeling,Universal Pictures,35739802.0,2008-10-24,2008-12-31
Q4 2008,5506,The Tale of Despereaux,Universal Pictures,50877145.0,2008-12-19,2008-12-31
Q4 2008,5510,Quarantine,Screen Gems,31691811.0,2008-10-10,2008-12-31
Q4 2008,5511,Transporter 3,Lionsgate,31715062.0,2008-11-26,2008-12-31
Q4 2008,5514,Nick and Norah's Infinite Playlist,Sony Pictures Releasing,31487293.0,2008-10-03,2008-12-31
Q4 2008,5515,Zack and Miri Make a Porno,The Weinstein Company,31457946.0,2008-10-31,2008-12-31
Q4 2008,5520,P.S. I Love You,Warner Bros.,53695808.0,2008-12-21,2008-12-31
Q4 2008,5521,Charlie Wilson's War,Universal Pictures,66661095.0,2008-12-21,2008-12-31
Q4 2008,5527,W.,Lionsgate,25534493.0,2008-10-17,2008-12-31
Q4 2008,5528,Sweeney Todd: The Demon Barber of Fleet Street,DreamWorks,52898073.0,2008-12-21,2008-12-31
Q4 2008,5535,Slumdog Millionaire,Fox Searchlight Pictures,141313054.0,2008-11-12,2008-12-31
Q4 2008,5536,The Water Horse,Revolution Studios,40946255.0,2008-12-25,2008-12-31
Q4 2008,5544,Pride and Glory,Warner Bros.,15740721.0,2008-10-24,2008-12-31
Q4 2008,5548,Sea Monsters: A Prehistoric Adventure,National Geographic Entertainment,23744066.0,2008-10-05,2008-12-31
Q4 2008,5549,Milk,Focus Features,31841299.0,2008-11-26,2008-12-31
Q4 2008,5553,Enchanted,Walt Disney Studios Motion Pictures,127021094.0,2008-11-21,2008-12-31
Q4 2008,5554,Aliens vs. Predator: Requiem,Twentieth Century Fox,41769281.0,2008-12-25,2008-12-31
Q4 2008,5555,The Haunting of Molly Hartley,Freestyle Releasing,13559812.0,2008-10-31,2008-12-31
Q4 2008,5557,The Spirit,Lionsgate,19806188.0,2008-12-25,2008-12-31
Q4 2008,5558,Religulous,Lionsgate,13011160.0,2008-10-01,2008-12-31
Q4 2008,5564,Doubt,Miramax,33446470.0,2008-12-12,2008-12-31
Q4 2008,5570,The Kite Runner,Paramount Vantage,15800078.0,2008-12-14,2008-12-31
Q4 2008,5571,Michael Clayton,Warner Bros.,49033882.0,2008-10-05,2008-12-31
Q4 2008,5572,The Express,Universal Pictures,9793406.0,2008-10-10,2008-12-31
Q4 2008,5575,The Boy in the Striped Pajamas,Miramax,9046156.0,2008-11-07,2008-12-31
Q4 2008,5576,Sex Drive,Summit Entertainment,8402485.0,2008-10-17,2008-12-31
Q4 2008,5577,Punisher: War Zone,Lionsgate,8050977.0,2008-12-05,2008-12-31
Q4 2008,5579,Cadillac Records,Sony Pictures Releasing,8195551.0,2008-12-05,2008-12-31
Q4 2008,5580,City of Ember,Twentieth Century Fox,7873007.0,2008-10-10,2008-12-31
Q4 2008,5582,Nothing Like the Holidays,Overture Films,7503736.0,2008-12-12,2008-12-31
Q4 2008,5584,The Orphanage,Picturehouse,7161284.0,2008-12-28,2008-12-31
Q4 2008,5589,Galapagos,IMAX,18627957.0,2008-10-29,2008-12-31
Q4 2008,5590,Gran Torino,Warner Bros.,148095302.0,2008-12-12,2008-12-31
Q4 2008,5592,RocknRolla,Warner Bros.,5700626.0,2008-10-08,2008-12-31
Q4 2008,5594,Walk Hard: The Dewey Cox Story,Sony Pictures Releasing,18317151.0,2008-12-21,2008-12-31
Q4 2008,5598,The Savages,Fox Searchlight Pictures,6623082.0,2008-11-28,2008-12-31
Q4 2008,5602,Flash of Genius,Universal Pictures,4442377.0,2008-10-03,2008-12-31
Q4 2008,5603,Frost/Nixon,Universal Pictures,18622031.0,2008-12-05,2008-12-31
Q4 2008,5611,Blindness,Miramax,3351751.0,2008-10-03,2008-12-31
Q4 2008,5612,Happy-Go-Lucky,Miramax,3512016.0,2008-10-10,2008-12-31
Q4 2008,5613,Persepolis,Sony Pictures Classics,4039579.0,2008-12-25,2008-12-31
Q4 2008,5616,How to Lose Friends & Alienate People,Metro-Goldwyn-Mayer (MGM),2778752.0,2008-10-03,2008-12-31
Q4 2008,5618,Bee Movie,DreamWorks,126631277.0,2008-11-02,2008-12-31
Q4 2008,5626,Ghajini,Adlabs Films,2192682.0,2008-12-24,2008-12-31
Q4 2008,5627,The Reader,The Weinstein Company,34194407.0,2008-12-10,2008-12-31
Q4 2008,5629,The Polar Express2008 IMAX Release,Warner Bros.,1705694.0,2008-11-21,2008-12-31
Q4 2008,5630,August Rush,Warner Bros.,31664162.0,2008-11-21,2008-12-31
Q4 2008,5632,No Country for Old Men,Miramax,61336965.0,2008-11-09,2008-12-31
Q4 2008,5639,The Wrestler,Fox Searchlight Pictures,26232937.0,2008-12-17,2008-12-31
Q4 2008,5640,Beowulf,Paramount Pictures,82280579.0,2008-11-16,2008-12-31
Q4 2008,5641,Rachel Getting Married,Sony Pictures Classics,10758023.0,2008-10-03,2008-12-31
Q4 2008,5642,The Nightmare Before Christmas2009 3D Release,Walt Disney Studios Motion Pictures,1109188.0,2008-10-24,2008-12-31
Q4 2008,5644,An American Carol,Vivendi Entertainment,7013191.0,2008-10-03,2008-12-31
Q4 2008,5645,American Gangster,Universal Pictures,130164645.0,2008-11-02,2008-12-31
Q4 2008,5653,Mr. Magorium's Wonder Emporium,Twentieth Century Fox,32023163.0,2008-11-16,2008-12-31
Q4 2008,5658,I'm Not There,The Weinstein Company,4017609.0,2008-11-21,2008-12-31
Q4 2008,5667,Delgo,Freestyle Releasing,694782.0,2008-12-12,2008-12-31
Q4 2008,5669,Before the Devil Knows You're Dead,THINKFilm,7084227.0,2008-10-26,2008-12-31
Q4 2008,5670,Fred Claus,Warner Bros.,72006777.0,2008-11-09,2008-12-31
Q4 2008,5671,Heroes,Eros International,655538.0,2008-10-24,2008-12-31
Q4 2008,5675,House,Roadside Attractions,575048.0,2008-11-07,2008-12-31
Q4 2008,5677,Yuvvraaj,Eros International,570090.0,2008-11-21,2008-12-31
Q4 2008,5679,Nobel Son,Freestyle Releasing,540382.0,2008-12-05,2008-12-31
Q4 2008,5687,The Legend of Drona,Eros International,475104.0,2008-10-02,2008-12-31
Q4 2008,5689,Bella,Roadside Attractions,8070537.0,2008-10-26,2008-12-31
Q4 2008,5692,Hitman,Twentieth Century Fox,39663028.0,2008-11-21,2008-12-31
Q4 2008,5694,Santa vs. the Snowman 3D2008 Re-release,IMAX,433797.0,2008-10-31,2008-12-31
Q4 2008,5697,The Singing Revolution,Abramorama,426855.0,2008-12-07,2008-12-31
Q4 2008,5700,Blade RunnerThe Final Cut,Warner Bros.,1548502.0,2008-10-05,2008-12-31
Q4 2008,5703,The Perfect Holiday,Yari Film Group Releasing,5812781.0,2008-12-12,2008-12-31
Q4 2008,5705,Like Stars on Earth,UTV Motion Pictures,1223869.0,2008-12-21,2008-12-31
Q4 2008,5710,Revolutionary Road,Paramount Vantage,22911480.0,2008-12-26,2008-12-31
Q4 2008,5714,Passengers,Sony Pictures Releasing,292437.0,2008-10-24,2008-12-31
Q4 2008,5716,This Christmas,Screen Gems,49121934.0,2008-11-21,2008-12-31
Q4 2008,5717,Lars and the Real Girl,Metro-Goldwyn-Mayer (MGM),5972884.0,2008-10-12,2008-12-31
Q4 2008,5718,Morning Light,Walt Disney Studios Motion Pictures,275497.0,2008-10-17,2008-12-31
Q4 2008,5724,Honeydripper,Emerging Pictures,267880.0,2008-12-28,2008-12-31
Q4 2008,5728,Call + Response,Fair Trade Pictures,215185.0,2008-10-10,2008-12-31
Q4 2008,5735,Margot at the Wedding,Paramount Vantage,1959420.0,2008-11-16,2008-12-31
Q4 2008,5737,Last Chance Harvey,Overture Films,14889042.0,2008-12-25,2008-12-31
Q4 2008,5738,Fashion,UTV Motion Pictures,191442.0,2008-10-31,2008-12-31
Q4 2008,5740,Che: Part One/Che: Part Two,IFC Films,523229.0,2008-12-12,2008-12-31
Q4 2008,5741,The Polar Express2007 IMAX Release,Warner Bros.,2483757.0,2008-10-05,2008-12-31
Q4 2008,5744,Ashes of Time,Sony Pictures Classics,174273.0,2008-10-10,2008-12-31
Q4 2008,5751,The Diving Bell and the Butterfly,Miramax,4913337.0,2008-11-30,2008-12-31
Q4 2008,5752,My Name Is Bruce,Image Entertainment,173066.0,2008-10-31,2008-12-31
Q4 2008,5754,Repo! The Genetic Opera,Lionsgate,146750.0,2008-11-07,2008-12-31
Q4 2008,5760,The Golden Compass,New Line Cinema,68425138.0,2008-12-07,2008-12-31
Q4 2008,5763,The Other End of the Line,Metro-Goldwyn-Mayer (MGM),115592.0,2008-10-31,2008-12-31
Q4 2008,5764,Youth Without Youth,Sony Pictures Classics,244397.0,2008-12-14,2008-12-31
Q4 2008,5776,Lola Montès,Rialto Pictures,120306.0,2008-10-10,2008-12-31
Q4 2008,5777,Aida,Emerging Pictures,212449.0,2008-12-09,2008-12-31
Q4 2008,5780,One Day You'll Understand,Kino International,123598.0,2008-10-31,2008-12-31
Q4 2008,5781,Wendy and Lucy,Oscilloscope,865695.0,2008-12-10,2008-12-31
Q4 2008,5784,Diva,Rialto Pictures,110014.0,2008-11-02,2008-12-31
Q4 2008,5788,Oye Lucky! Lucky Oye!,UTV Motion Pictures,80037.0,2008-11-26,2008-12-31
Q4 2008,5793,Fear(s) of the Dark,IFC Films,77876.0,2008-10-22,2008-12-31
Q4 2008,5794,Ballast,Alluvial Film Company,77556.0,2008-10-01,2008-12-31
Q4 2008,5803,Lions for Lambs,United Artists,15002854.0,2008-11-09,2008-12-31
Q4 2008,5813,Stranded: I've Come from a Plane That Crashed on the Mountains,Zeitgeist Films,89473.0,2008-10-22,2008-12-31
Q4 2008,5819,Santa vs. the Snowman 3D2007 Re-release,IMAX,769405.0,2008-11-08,2008-12-31
Q4 2008,5823,The Secrets,Monterey Media,122094.0,2008-11-26,2008-12-31
Q4 2008,5827,Pray the Devil Back to Hell,Balcony Releasing,85222.0,2008-11-07,2008-12-31
Q4 2008,5828,The Violin,Film Movement,64846.0,2008-12-05,2008-12-31
Q4 2008,5837,Breakfast with Scot,Regent Releasing,45946.0,2008-10-10,2008-12-31
Q4 2008,5842,T-Rex: Back to the Cretaceous,IMAX,53354743.0,2008-10-23,2008-12-31
Q4 2008,5846,Control,The Weinstein Company,872252.0,2008-10-10,2008-12-31
Q4 2008,5847,I Can't Think Straight,Regent Releasing,39092.0,2008-11-21,2008-12-31
Q4 2008,5851,How About You...,Strand Releasing,75354.0,2008-11-14,2008-12-31
Q4 2008,5854,Shotgun Stories,International Film Circuit,45465.0,2008-12-14,2008-12-31
Q4 2008,5858,Familiar Strangers,Cavalier Films,31059.0,2008-11-14,2008-12-31
Q4 2008,5864,The Alphabet Killer,Anchor Bay Films,29784.0,2008-11-07,2008-12-31
Q4 2008,5866,Don Carlo,Emerging Pictures,27834.0,2008-12-05,2008-12-31
Q4 2008,5868,Frontrunners,Oscilloscope,26976.0,2008-10-15,2008-12-31
Q4 2008,5873,Defiance,Paramount Vantage,28644813.0,2008-12-31,2008-12-31
Q4 2008,5874,The Secret of the Grain,IFC Films,86356.0,2008-12-24,2008-12-31
Q4 2008,5876,How to Cook Your Life,Roadside Attractions,86068.0,2008-10-26,2008-12-31
Q4 2008,5877,Filth and Wisdom,IFC Films,22406.0,2008-10-17,2008-12-31
Q4 2008,5879,The Elephant King,Unison Films,22251.0,2008-10-17,2008-12-31
Q4 2008,5885,Timecrimes,Magnolia Pictures,23389.0,2008-12-12,2008-12-31
Q4 2008,5890,Ciao,Regent Releasing,48793.0,2008-12-05,2008-12-31
Q4 2008,5899,My Kid Could Paint That,Sony Pictures Classics,231574.0,2008-10-05,2008-12-31
Q4 2008,5900,Dear Zachary: A Letter to a Son About His Father,Oscilloscope,18334.0,2008-10-31,2008-12-31
Q4 2008,5903,The World Unseen,Regent Releasing,17808.0,2008-11-07,2008-12-31
Q4 2008,5906,Dark Streets,The Samuel Goldwyn Company,16815.0,2008-12-12,2008-12-31
Q4 2008,5910,Dan in Real Life,Walt Disney Studios Motion Pictures,46934886.0,2008-10-26,2008-12-31
Q4 2008,5911,Joe Strummer: The Future Is Unwritten,IFC Films,248362.0,2008-11-02,2008-12-31
Q4 2008,5912,Gone Baby Gone,Miramax,20300218.0,2008-10-19,2008-12-31
Q4 2008,5913,Eden,Liberation Entertainment,13900.0,2008-11-14,2008-12-31
Q4 2008,5914,Grace Is Gone,The Weinstein Company,50899.0,2008-12-07,2008-12-31
Q4 2008,5916,Splinter,Magnolia Pictures,14154.0,2008-10-31,2008-12-31
Q4 2008,5923,Lake City,Screen Media Films,12767.0,2008-11-21,2008-12-31
Q4 2008,5928,Imaginary Witness: Hollywood and the Holocaust,Shadow Distribution,13336.0,2008-12-07,2008-12-31
Q4 2008,5938,What Would Jesus Buy?,Warrior Poets Releasing,200010.0,2008-11-16,2008-12-31
Q4 2008,5939,The Pleasure of Being Robbed,IFC Films,10687.0,2008-10-03,2008-12-31
Q4 2008,5941,Gomorrah2008 Re-release,IFC Films,10405.0,2008-12-19,2008-12-31
Q4 2008,5944,Sleuth,Sony Pictures Classics,342895.0,2008-10-12,2008-12-31
Q4 2008,5951,Arranged,Film Movement,23211.0,2008-12-14,2008-12-31
Q4 2008,5954,A Good Day to Be Black & Sexy,Magnolia Pictures,8629.0,2008-12-05,2008-12-31
Q4 2008,5955,"Otto; or, Up with Dead People",Strand Releasing,10442.0,2008-11-07,2008-12-31
Q4 2008,5956,Tru Loved,Regent Releasing,9192.0,2008-10-17,2008-12-31
Q4 2008,5960,Eden Lake,Third Rail Releasing,7321.0,2008-10-31,2008-12-31
Q4 2008,5962,Lagerfeld Confidential,Koch Lorber Films,67500.0,2008-10-24,2008-12-31
Q4 2008,5967,Ek Vivaah... Aisa Bhi,Eros International,6437.0,2008-11-07,2008-12-31
Q4 2008,5970,Starting Out in the Evening,Roadside Attractions,898696.0,2008-11-23,2008-12-31
Q4 2008,5975,Nights and Weekends,IFC Films,5430.0,2008-10-10,2008-12-31
Q4 2008,5980,The Sensation of Sight,Monterey Media,22602.0,2008-11-09,2008-12-31
Q4 2008,5981,God and Gays: Bridging the Gap,Indican Pictures,5095.0,2008-10-24,2008-12-31
Q4 2008,5991,El Topo,ABKCO Films,80302.0,2008-12-13,2008-12-31
Q4 2008,5993,Good,THINKFilm,27276.0,2008-12-31,2008-12-31
Q4 2008,5994,Where God Left His Shoes,IFC Films,3911.0,2008-12-12,2008-12-31
Q4 2008,5997,Fraude: México 2006,Maya Entertainment,3637.0,2008-10-10,2008-12-31
Q4 2008,5998,Fat Girls,Regent Releasing,9834.0,2008-10-12,2008-12-31
Q4 2008,5999,Hunger,IFC Films,3561.0,2008-12-05,2008-12-31
Q4 2008,6000,The Wild Child,The Film Desk,64048.0,2008-11-07,2008-12-31
Q4 2008,6003,Who Does She Think She Is?,Artistic License,3081.0,2008-10-17,2008-12-31
Q4 2008,6004,The Beautiful Truth,Cinema Libre Studio,11199.0,2008-11-14,2008-12-31
Q4 2008,6006,Run for Your Life,Screen Media Films,2992.0,2008-10-29,2008-12-31
Q4 2008,6008,Lower Learning,Anchor Bay Films,2804.0,2008-10-10,2008-12-31
Q4 2008,6009,Yiddish Theater: A Love Story,New Love Films,37611.0,2008-11-21,2008-12-31
Q4 2008,6016,Nina's Heavenly Delights2007 Re-release,Regent Releasing,9125.0,2008-11-21,2008-12-31
Q4 2008,6018,Blonde Ambition,First Look International,6422.0,2008-12-21,2008-12-31
Q4 2008,6020,La león,Music Box Films,1708.0,2008-10-10,2008-12-31
Q4 2008,6023,Flashbacks of a Fool,Anchor Bay Films,1664.0,2008-10-17,2008-12-31
Q4 2008,6024,Ben X,Film Movement,1601.0,2008-10-24,2008-12-31
Q4 2008,6032,$9.99,Regent Releasing,51563.0,2008-12-12,2008-12-31
Q4 2008,6039,The Matador,City Lights Pictures,11884.0,2008-10-31,2008-12-31
Q4 2008,6041,Rome & Jewel,Emerging Pictures,470.0,2008-11-28,2008-12-31
Q4 2008,6045,Half Moon,Strand Releasing,2528.0,2008-12-14,2008-12-31
Q4 2008,6046,Dark Blue Almost Black2007 Re-release,Strand Releasing,6646.0,2008-10-19,2008-12-31
Q4 2008,6047,Ice Blues,Regent Releasing,1014.0,2008-10-10,2008-12-31
Q4 2008,6048,Fall of Hyperion,Regent Releasing,895.0,2008-10-10,2008-12-31
Q4 2008,6049,Look,Vitagraph Films,16136.0,2008-12-14,2008-12-31
Q4 2008,6051,Holly,Priority Films,108252.0,2008-11-09,2008-12-31
