season,Unnamed: 0,movie,studio,gross,release,time
Q1 2012,7856,The Hunger Games,Lionsgate,408010692.0,2012-03-23,2012-03-31
Q1 2012,7864,The Lorax,Universal Pictures,214030500.0,2012-03-02,2012-03-31
Q1 2012,7871,21 Jump Street,Sony Pictures Releasing,138447667.0,2012-03-16,2012-03-31
Q1 2012,7874,Safe House,Universal Pictures,126373434.0,2012-02-10,2012-03-31
Q1 2012,7875,The Vow,Screen Gems,125014030.0,2012-02-10,2012-03-31
Q1 2012,7879,Journey 2: The Mysterious Island,Warner Bros.,103860290.0,2012-02-10,2012-03-31
Q1 2012,7887,Wrath of the Titans,Warner Bros.,83670083.0,2012-03-30,2012-03-31
Q1 2012,7890,Act of Valor,Relativity Media,70012847.0,2012-02-24,2012-03-31
Q1 2012,7891,John Carter,Walt Disney Studios Motion Pictures,68864278.0,2012-03-09,2012-03-31
Q1 2012,7893,Contraband,Universal Pictures,66528000.0,2012-01-13,2012-03-31
Q1 2012,7897,Mirror Mirror,Relativity Media,64935167.0,2012-03-30,2012-03-31
Q1 2012,7898,Chronicle,Twentieth Century Fox,64575175.0,2012-02-03,2012-03-31
Q1 2012,7902,Underworld Awakening,Screen Gems,62321039.0,2012-01-20,2012-03-31
Q1 2012,7909,This Means War,Twentieth Century Fox,54760791.0,2012-02-17,2012-03-31
Q1 2012,7910,Project X,Warner Bros.,54731865.0,2012-03-02,2012-03-31
Q1 2012,7911,The Woman in Black,CBS Films,54333290.0,2012-02-03,2012-03-31
Q1 2012,7913,The Devil Inside,Paramount Pictures,53261944.0,2012-01-06,2012-03-31
Q1 2012,7915,The Grey,Open Road Films (II),51580236.0,2012-01-27,2012-03-31
Q1 2012,7916,Ghost Rider: Spirit of Vengeance,Sony Pictures Releasing,51774002.0,2012-02-17,2012-03-31
Q1 2012,7918,Red Tails,Twentieth Century Fox,49876377.0,2012-01-20,2012-03-31
Q1 2012,7924,Beauty and the Beast2012 3D Release,Walt Disney Studios Motion Pictures,47173729.0,2012-01-13,2012-03-31
Q1 2012,7932,Star Wars: Episode I - The Phantom Menace2012 3D Release,Twentieth Century Fox,43456382.0,2012-02-10,2012-03-31
Q1 2012,7949,Good Deeds,Lionsgate,35025791.0,2012-02-24,2012-03-31
Q1 2012,7955,Joyful Noise,Warner Bros.,30932113.0,2012-01-13,2012-03-31
Q1 2012,7962,One for the Money,Lionsgate,26414527.0,2012-01-27,2012-03-31
Q1 2012,7969,Big Miracle,Universal Pictures,20157300.0,2012-02-03,2012-03-31
Q1 2012,7972,Haywire,Relativity Media,18942396.0,2012-01-20,2012-03-31
Q1 2012,7973,Man on a Ledge,Lionsgate,18620000.0,2012-01-27,2012-03-31
Q1 2012,7974,A Thousand Words2012 Re-release,DreamWorks,18450127.0,2012-03-09,2012-03-31
Q1 2012,7976,The Secret World of Arrietty,Walt Disney Studios Motion Pictures,17777936.0,2012-02-17,2012-03-31
Q1 2012,7978,Wanderlust,Universal Pictures,17450535.0,2012-02-24,2012-03-31
Q1 2012,7990,Silent House,Open Road Films (II),12754783.0,2012-03-09,2012-03-31
Q1 2012,7992,Gone,Lionsgate,11682205.0,2012-02-24,2012-03-31
Q1 2012,8002,Salmon Fishing in the Yemen,CBS Films,9047981.0,2012-03-09,2012-03-31
Q1 2012,8006,Friends with Kids,Roadside Attractions,7251073.0,2012-03-09,2012-03-31
Q1 2012,8015,Casa de mi Padre,Lionsgate,5909483.0,2012-03-16,2012-03-31
Q1 2012,8019,Hubble 3D,Warner Bros.,52503602.0,2012-03-19,2012-03-31
Q1 2012,8024,"Jeff, Who Lives at Home",Paramount Vantage,4269426.0,2012-03-16,2012-03-31
Q1 2012,8026,The Raid: Redemption,Sony Pictures Classics,4105187.0,2012-03-23,2012-03-31
Q1 2012,8029,Goon,Magnolia Pictures,3998373.0,2012-02-24,2012-03-31
Q1 2012,8042,Albert Nobbs,Roadside Attractions,3014696.0,2012-01-27,2012-03-31
Q1 2012,8046,Jiro Dreams of Sushi,Magnolia Pictures,2552478.0,2012-03-09,2012-03-31
Q1 2012,8051,Under the Sea 3D,Warner Bros.,36223935.0,2012-02-13,2012-03-31
Q1 2012,8061,The Oscar Nominated Short Films 2012: Live Action,Shorts International,1702415.0,2012-02-10,2012-03-31
Q1 2012,8077,Casablanca2011 Re-release,Warner Bros.,1155330.0,2012-03-21,2012-03-31
Q1 2012,8078,Ek Main Aur Ekk Tu,UTV Motion Pictures,1154063.0,2012-02-10,2012-03-31
Q1 2012,8079,The Deep Blue Sea,Music Box Films,1126525.0,2012-03-23,2012-03-31
Q1 2012,8082,In Darkness,Sony Pictures Classics,1041455.0,2012-02-10,2012-03-31
Q1 2012,8086,Rampart,Millennium Entertainment,972512.0,2012-02-10,2012-03-31
Q1 2012,8094,Thin Ice,ATO Pictures,790421.0,2012-02-17,2012-03-31
Q1 2012,8100,Coriolanus,The Weinstein Company,757195.0,2012-01-20,2012-03-31
Q1 2012,8103,Agent Vinod,Eros International,698210.0,2012-03-23,2012-03-31
Q1 2012,8114,W.E.,The Weinstein Company,583455.0,2012-02-03,2012-03-31
Q1 2012,8116,Undefeated,The Weinstein Company,562218.0,2012-02-17,2012-03-31
Q1 2012,8118,Being Flynn,Focus Features,540152.0,2012-03-02,2012-03-31
Q1 2012,8129,October Baby2012 Re-release,The Samuel Goldwyn Company,2123309.0,2012-03-23,2012-03-31
Q1 2012,8131,Seeking Justice,Anchor Bay Films,411746.0,2012-03-16,2012-03-31
Q1 2012,8140,Chico & Rita,GKIDS,350524.0,2012-02-10,2012-03-31
Q1 2012,8143,Love,China Lion Film Distribution,309200.0,2012-02-17,2012-03-31
Q1 2012,8147,Bully,The Weinstein Company,279202.0,2012-03-30,2012-03-31
Q1 2012,8149,Love in the Buff,China Lion Film Distribution,256451.0,2012-03-30,2012-03-31
Q1 2012,8167,Vettai,UTV Motion Pictures,204373.0,2012-01-13,2012-03-31
Q1 2012,8170,Tim and Eric's Billion Dollar Movie,Magnolia Pictures,201436.0,2012-03-02,2012-03-31
Q1 2012,8177,Lost Woods,Nocturnal Features,180117.0,2012-03-02,2012-03-31
Q1 2012,8178,Fullmetal Alchemist: The Sacred Star of Milos,Eleven Arts,177802.0,2012-01-20,2012-03-31
Q1 2012,8179,Tere Naal Love Ho Gaya,UTV Motion Pictures,177743.0,2012-02-24,2012-03-31
Q1 2012,8180,Monumental: In Search of America's National Treasure,ArtAffects Entertainment,177729.0,2012-03-30,2012-03-31
Q1 2012,8186,Crazy Horse,Zipporah Films,157782.0,2012-01-18,2012-03-31
Q1 2012,8189,Bullhead,Drafthouse Films,151840.0,2012-02-17,2012-03-31
Q1 2012,8204,"Turn Me On, Dammit!",New Yorker Films,126085.0,2012-03-30,2012-03-31
Q1 2012,8231,Deep Sea,Warner Bros.,46403478.0,2012-03-03,2012-03-31
Q1 2012,8235,The Innkeepers,Magnolia Pictures,78396.0,2012-02-03,2012-03-31
Q1 2012,8236,The Island President,The Samuel Goldwyn Company,76398.0,2012-03-28,2012-03-31
Q1 2012,8237,On the Ice,Rogers & Cowan/PMK,73492.0,2012-02-17,2012-03-31
Q1 2012,8238,Detachment,Tribeca Film,72689.0,2012-03-16,2012-03-31
Q1 2012,8239,Agneepath,Eros International,72632.0,2012-01-26,2012-03-31
Q1 2012,8243,An Inconsistent Truth,Rocky Mountain Pictures,69394.0,2012-01-27,2012-03-31
Q1 2012,8244,Intruders,Millennium Entertainment,69136.0,2012-03-30,2012-03-31
Q1 2012,8251,Once Upon a Time in Anatolia,The Cinema Guild,151399.0,2012-01-04,2012-03-31
Q1 2012,8252,The Bodyguard2012 Re-release,Warner Bros.,61020.0,2012-03-28,2012-03-31
Q1 2012,8274,The FP,Drafthouse Films,40557.0,2012-03-16,2012-03-31
Q1 2012,8276,Paan Singh Tomar,UTV Motion Pictures,40311.0,2012-03-02,2012-03-31
Q1 2012,8279,Children of Paradise2012 Re-release,Janus Films,36986.0,2012-03-09,2012-03-31
Q1 2012,8288,Musical Chairs,Paladin,31478.0,2012-03-23,2012-03-31
Q1 2012,8298,Kill List,IFC Films,29063.0,2012-02-03,2012-03-31
Q1 2012,8299,The Fairy,Kino Lorber,34951.0,2012-02-24,2012-03-31
Q1 2012,8302,The Turin Horse,The Cinema Guild,56298.0,2012-02-10,2012-03-31
Q1 2012,8306,Sound of Noise,Magnolia Pictures,24565.0,2012-03-09,2012-03-31
Q1 2012,8316,"The Devil, Probably",The Film Desk,26210.0,2012-01-13,2012-03-31
Q1 2012,8333,Juan of the Dead,Outsider Pictures,18000.0,2012-03-16,2012-03-31
Q1 2012,8336,This Is Not a Film,Palisades Tartan,75465.0,2012-02-29,2012-03-31
Q1 2012,8348,Kung Fu Joe,Indican Pictures,15120.0,2012-02-10,2012-03-31
Q1 2012,8355,Attenberg,Strand Releasing,23289.0,2012-03-09,2012-03-31
Q1 2012,8358,Sing Your Song,S2BN Films,46715.0,2012-01-13,2012-03-31
Q1 2012,8360,Reuniting the Rubins,Monterey Media,13569.0,2012-03-16,2012-03-31
Q1 2012,8361,The Trouble with Bliss,7A Productions,13093.0,2012-03-23,2012-03-31
Q1 2012,8367,Monsieur Verdoux,The Film Desk,63643.0,2012-03-14,2012-03-31
Q1 2012,8375,The Front Line,Well Go USA Entertainment,11018.0,2012-01-20,2012-03-31
Q1 2012,8380,Dysfunctional Friends,Datari Turner Productions,10624.0,2012-02-03,2012-03-31
Q1 2012,8381,Santa Mesa,Indican Pictures,10490.0,2012-01-13,2012-03-31
Q1 2012,8384,The Extraordinary Voyage,Flicker Alley,50907.0,2012-02-10,2012-03-31
Q1 2012,8391,Natural Selection,The Cinema Guild,54947.0,2012-03-16,2012-03-31
Q1 2012,8392,The City Dark,Argot Pictures,9269.0,2012-01-18,2012-03-31
Q1 2012,8403,The Snowtown Murders,IFC Films,8452.0,2012-03-02,2012-03-31
Q1 2012,8411,Roadie,Magnolia Pictures,7825.0,2012-01-06,2012-03-31
Q1 2012,8412,Last Days Here,IFC Films,7643.0,2012-03-02,2012-03-31
Q1 2012,8418,The Pruitt-Igoe Myth,First Run,39547.0,2012-01-20,2012-03-31
Q1 2012,8419,Around June,Indican Pictures,10101.0,2012-02-24,2012-03-31
Q1 2012,8434,The Miners' Hymns,Icarus Films,6051.0,2012-02-08,2012-03-31
Q1 2012,8440,BuzzKill,Indican Pictures,5860.0,2012-01-20,2012-03-31
Q1 2012,8441,The Long Day Closes,The Film Desk,22366.0,2012-03-05,2012-03-31
Q1 2012,8449,Nostalgia for the Light,Icarus Films,163962.0,2012-01-13,2012-03-31
Q1 2012,8451,Newlyweds,Tribeca Film,5000.0,2012-01-13,2012-03-31
Q1 2012,8454,"Tomorrow, When the War Began",Freestyle Releasing,4936.0,2012-02-24,2012-03-31
Q1 2012,8455,Brake,IFC Films,4876.0,2012-03-21,2012-03-31
Q1 2012,8460,Starry Starry Night,China Lion Film Distribution,8988.0,2012-03-23,2012-03-31
Q1 2012,8471,The Salt of Life,Zeitgeist Films,315726.0,2012-03-02,2012-03-31
Q1 2012,8475,Loosies,IFC Films,3519.0,2012-01-11,2012-03-31
Q1 2012,8477,See What I'm Saying: The Deaf Entertainers Documentary,Worldplay,116109.0,2012-03-19,2012-03-31
Q1 2012,8481,Windfall,First Run,5833.0,2012-02-03,2012-03-31
Q1 2012,8487,Apart,Truly Indie,3161.0,2012-03-09,2012-03-31
Q1 2012,8489,Perfect Sense,IFC Films,2959.0,2012-02-03,2012-03-31
Q1 2012,8491,The Understudy,Indican Pictures,13122.0,2012-03-16,2012-03-31
Q1 2012,8504,Scorn,Cortelyou Films,2206.0,2012-03-01,2012-03-31
Q1 2012,8506,The Beat Hotel,First Run,5954.0,2012-03-30,2012-03-31
Q1 2012,8513,Domain2012 Re-release,Strand Releasing,6649.0,2012-01-13,2012-03-31
Q1 2012,8514,I Kissed a Vampire,Monterey Media,1794.0,2012-03-30,2012-03-31
Q1 2012,8515,Battleship Potemkin,Kino International,50526.0,2012-01-14,2012-03-31
Q1 2012,8516,Where Are You Taking Me?,Icarus Films,1492.0,2012-03-02,2012-03-31
Q1 2012,8519,Putin's Kiss,Kino Lorber,9144.0,2012-02-17,2012-03-31
Q1 2012,8527,The Decoy Bride,IFC Films,759.0,2012-03-09,2012-03-31
Q1 2012,8548,Playback,Magnolia Pictures,264.0,2012-03-16,2012-03-31
Q1 2012,8549,Shanghai Red2010 Re-release,Indican Pictures,18784.0,2012-02-12,2012-03-31
Q1 2012,8550,Michael,Strand Releasing,14414.0,2012-02-15,2012-03-31
Q1 2012,8551,Art Is... The Permanent Revolution,First Run,4050.0,2012-03-02,2012-03-31
Q2 2012,7854,The Avengers,Walt Disney Studios Motion Pictures,623357910.0,2012-05-04,2012-06-30
Q2 2012,7860,Brave,Walt Disney Studios Motion Pictures,237283207.0,2012-06-22,2012-06-30
Q2 2012,7862,Ted,Universal Pictures,218815487.0,2012-06-29,2012-06-30
Q2 2012,7863,Madagascar 3: Europe's Most Wanted,DreamWorks,216391482.0,2012-06-08,2012-06-30
Q2 2012,7865,Men in Black 3,Sony Pictures Releasing,179020854.0,2012-05-25,2012-06-30
Q2 2012,7868,Snow White and the Huntsman,Universal Pictures,155332381.0,2012-06-01,2012-06-30
Q2 2012,7873,Prometheus,Twentieth Century Fox,126477084.0,2012-06-08,2012-06-30
Q2 2012,7876,Magic Mike,Warner Bros.,113721571.0,2012-06-29,2012-06-30
Q2 2012,7882,Think Like a Man,Screen Gems,91547205.0,2012-04-20,2012-06-30
Q2 2012,7888,Dark Shadows,Warner Bros.,79727149.0,2012-05-11,2012-06-30
Q2 2012,7895,Madea's Witness Protection,Lionsgate,65653242.0,2012-06-29,2012-06-30
Q2 2012,7896,Battleship,Universal Pictures,65422625.0,2012-05-18,2012-06-30
Q2 2012,7903,The Lucky One,Warner Bros.,60457138.0,2012-04-20,2012-06-30
Q2 2012,7904,The Dictator,Paramount Pictures,59650222.0,2012-05-16,2012-06-30
Q2 2012,7906,Titanic2012 3D Release,Paramount Pictures,57884114.0,2012-04-04,2012-06-30
Q2 2012,7907,American Reunion,Universal Pictures,57011521.0,2012-04-06,2012-06-30
Q2 2012,7925,The Best Exotic Marigold Hotel,Fox Searchlight Pictures,46412041.0,2012-05-04,2012-06-30
Q2 2012,7926,Moonrise Kingdom,Focus Features,45512466.0,2012-05-25,2012-06-30
Q2 2012,7928,The Three Stooges,Twentieth Century Fox,44338224.0,2012-04-13,2012-06-30
Q2 2012,7935,The Cabin in the Woods2012 Re-release,Lionsgate,42073277.0,2012-04-13,2012-06-30
Q2 2012,7936,What to Expect When You're Expecting,Lionsgate,41152203.0,2012-05-18,2012-06-30
Q2 2012,7942,Rock of Ages,Warner Bros.,38518613.0,2012-06-15,2012-06-30
Q2 2012,7943,Abraham Lincoln: Vampire Hunter,Twentieth Century Fox,37519139.0,2012-06-22,2012-06-30
Q2 2012,7945,That's My Boy,Sony Pictures Releasing,36931089.0,2012-06-15,2012-06-30
Q2 2012,7956,The Pirates! Band of Misfits,Sony Pictures Releasing,31051126.0,2012-04-27,2012-06-30
Q2 2012,7958,The Five-Year Engagement,Universal Pictures,28835528.0,2012-04-27,2012-06-30
Q2 2012,7960,Chimpanzee,Walt Disney Studios Motion Pictures,27373646.0,2012-04-20,2012-06-30
Q2 2012,7975,Chernobyl Diaries,Warner Bros.,18119640.0,2012-05-25,2012-06-30
Q2 2012,7980,Safe,Lionsgate,17142080.0,2012-04-27,2012-06-30
Q2 2012,7981,The Raven,Relativity Media,16008272.0,2012-04-27,2012-06-30
Q2 2012,7987,Lockout,FilmDistrict,14326864.0,2012-04-13,2012-06-30
Q2 2012,7993,People Like Us,Walt Disney Studios Motion Pictures,11649640.0,2012-06-29,2012-06-30
Q2 2012,7995,Beasts of the Southern Wild,Fox Searchlight Pictures,12795746.0,2012-06-27,2012-06-30
Q2 2012,7997,To the Arctic 3D,Warner Bros.,14553890.0,2012-04-20,2012-06-30
Q2 2012,7999,The Intouchables,The Weinstein Company,10198820.0,2012-05-25,2012-06-30
Q2 2012,8005,Bernie,Millennium Entertainment,9206470.0,2012-04-27,2012-06-30
Q2 2012,8007,Seeking a Friend for the End of the World,Focus Features,7078738.0,2012-06-22,2012-06-30
Q2 2012,8011,Born to Be Wild,Warner Bros.,25921547.0,2012-04-08,2012-06-30
Q2 2012,8016,For Greater Glory: The True Story of Cristiada,Arc Entertainment,5672846.0,2012-06-01,2012-06-30
Q2 2012,8027,Safety Not Guaranteed,FilmDistrict,4010957.0,2012-06-08,2012-06-30
Q2 2012,8030,Bully2012 Re-release,The Weinstein Company,3863446.0,2012-04-13,2012-06-30
Q2 2012,8041,Space Station 3D,IMAX,93379882.0,2012-04-19,2012-06-30
Q2 2012,8044,Girl in Progress,Lionsgate,2609412.0,2012-05-11,2012-06-30
Q2 2012,8058,Hysteria,Sony Pictures Classics,1804139.0,2012-05-18,2012-06-30
Q2 2012,8059,Housefull 2,Eros International,1791780.0,2012-04-06,2012-06-30
Q2 2012,8062,Sea Rex 3D: Journey to a Prehistoric World,3D Entertainment,6096582.0,2012-05-28,2012-06-30
Q2 2012,8067,Marley,Magnolia Pictures,1413480.0,2012-04-20,2012-06-30
Q2 2012,8072,To Rome with Love,Sony Pictures Classics,16685867.0,2012-06-22,2012-06-30
Q2 2012,8073,Take This Waltz,Magnolia Pictures,1239692.0,2012-06-29,2012-06-30
Q2 2012,8075,Woman Thou Art Loosed: On the 7th Day,Codeblack Entertainment,1206683.0,2012-04-13,2012-06-30
Q2 2012,8076,Headhunters,Magnolia Pictures,1200010.0,2012-04-27,2012-06-30
Q2 2012,8083,Damsels in Distress,Sony Pictures Classics,1008455.0,2012-04-06,2012-06-30
Q2 2012,8093,Darling Companion,Sony Pictures Classics,793815.0,2012-04-20,2012-06-30
Q2 2012,8095,Teri Meri Kahaani,Eros International,781196.0,2012-06-22,2012-06-30
Q2 2012,8097,Rowdy Rathore,UTV Motion Pictures,777373.0,2012-06-01,2012-06-30
Q2 2012,8099,Bill W.,Page 124 Productions,786506.0,2012-05-18,2012-06-30
Q2 2012,8111,Blue Like Jazz,Roadside Attractions,595018.0,2012-04-13,2012-06-30
Q2 2012,8117,Vicky Donor,Eros International,549001.0,2012-04-20,2012-06-30
Q2 2012,8120,Where Do We Go Now?,Sony Pictures Classics,531997.0,2012-05-11,2012-06-30
Q2 2012,8126,Midnight in Paris,Sony Pictures Classics,56817045.0,2012-05-20,2012-06-30
Q2 2012,8127,Ferrari Ki Sawaari,Eros International,434107.0,2012-06-15,2012-06-30
Q2 2012,8130,Sound of My Voice,Fox Searchlight Pictures,408015.0,2012-04-27,2012-06-30
Q2 2012,8142,A Cat in Paris,GKIDS,309973.0,2012-06-01,2012-06-30
Q2 2012,8152,Lola Versus,Fox Searchlight Pictures,252603.0,2012-06-08,2012-06-30
Q2 2012,8158,Tezz,Eros International,229931.0,2012-04-27,2012-06-30
Q2 2012,8161,Neil Young Journeys,Sony Pictures Classics,215026.0,2012-06-29,2012-06-30
Q2 2012,8166,Grand Illusion,Rialto Pictures,172885.0,2012-05-11,2012-06-30
Q2 2012,8168,Touchback,Anchor Bay Films,204232.0,2012-04-13,2012-06-30
Q2 2012,8181,The Hunter,Magnolia Pictures,176669.0,2012-04-06,2012-06-30
Q2 2012,8187,Deadtime,Nocturnal Features,156072.0,2012-05-11,2012-06-30
Q2 2012,8192,Deadly Renovations,Nocturnal Features,146146.0,2012-06-08,2012-06-30
Q2 2012,8193,I Wish,Magnolia Pictures,145808.0,2012-05-11,2012-06-30
Q2 2012,8200,High School,Anchor Bay Films,139034.0,2012-06-01,2012-06-30
Q2 2012,8202,Warriors of the Rainbow: Seediq Bale I,Well Go USA Entertainment,136166.0,2012-04-27,2012-06-30
Q2 2012,8206,God Bless America,Magnolia Pictures,122550.0,2012-05-11,2012-06-30
Q2 2012,8207,Cowgirls 'n Angels,The Samuel Goldwyn Company,120680.0,2012-05-25,2012-06-30
Q2 2012,8208,Bel Ami,Magnolia Pictures,120462.0,2012-06-08,2012-06-30
Q2 2012,8212,Follow Me: The Yoni Netanyahu Story,International Film Circuit,112679.0,2012-05-04,2012-06-30
Q2 2012,8216,The Perfect Family,Variance Films,110313.0,2012-05-04,2012-06-30
Q2 2012,8228,Hardflip,Rocky Mountain Pictures,96734.0,2012-06-01,2012-06-30
Q2 2012,8229,The Road,Freestyle Releasing,92476.0,2012-05-11,2012-06-30
Q2 2012,8241,My Way,CJ Entertainment,70177.0,2012-04-20,2012-06-30
Q2 2012,8242,Taur Mittran Di,Eros International,69510.0,2012-05-11,2012-06-30
Q2 2012,8248,The Invisible War,Cinedigm Entertainment Group,62649.0,2012-06-22,2012-06-30
Q2 2012,8257,Beyond the Black Rainbow,Magnolia Pictures,56491.0,2012-05-18,2012-06-30
Q2 2012,8270,Double Trouble,China Lion Film Distribution,44788.0,2012-06-08,2012-06-30
Q2 2012,8271,The Graduate45th Anniversary Reunion,Rialto Pictures,43466.0,2012-04-11,2012-06-30
Q2 2012,8272,Last Call at the Oasis,ATO Pictures,42423.0,2012-05-04,2012-06-30
Q2 2012,8278,Paul Williams Still Alive,Abramorama,38691.0,2012-06-08,2012-06-30
Q2 2012,8280,Mansome,Paladin,36280.0,2012-05-18,2012-06-30
Q2 2012,8283,Conquest 1453,NeoClassics Films,35730.0,2012-04-06,2012-06-30
Q2 2012,8289,Kalakalappu,UTV Motion Pictures,30949.0,2012-05-11,2012-06-30
Q2 2012,8307,Otter 501,Paladin,24449.0,2012-05-11,2012-06-30
Q2 2012,8313,Keyhole,Monterey Media,22826.0,2012-04-06,2012-06-30
Q2 2012,8319,Pianomania,First Run,49534.0,2012-05-27,2012-06-30
Q2 2012,8321,Jesus Henry Christ,Entertainment One,20183.0,2012-04-20,2012-06-30
Q2 2012,8323,Whores' Glory,Kino Lorber,31073.0,2012-04-27,2012-06-30
Q2 2012,8329,Lovely Molly,Image Entertainment,18464.0,2012-05-18,2012-06-30
Q2 2012,8337,Celine and Julie Go Boating,New Yorker Films,30831.0,2012-05-04,2012-06-30
Q2 2012,8340,Grandmaster,UTV Motion Pictures,17077.0,2012-05-04,2012-06-30
Q2 2012,8346,This Binary Universe,Indican Pictures,15875.0,2012-05-04,2012-06-30
Q2 2012,8347,A Little Bit of Heaven,Millennium Entertainment,15375.0,2012-05-04,2012-06-30
Q2 2012,8351,Unraveled,GoDigital,14615.0,2012-04-13,2012-06-30
Q2 2012,8366,Here,Strand Releasing,24774.0,2012-04-13,2012-06-30
Q2 2012,8374,We Won't Grow Old Together,The Film Desk,13927.0,2012-06-08,2012-06-30
Q2 2012,8377,Wallander: Hämnden2012 Re-release,Music Box Films,10960.0,2012-05-25,2012-06-30
Q2 2012,8387,Lost Bohemia,Long Shot Factory,19767.0,2012-05-20,2012-06-30
Q2 2012,8390,"Oslo, August 31st",Strand Releasing,72683.0,2012-05-25,2012-06-30
Q2 2012,8396,Arjun: The Warrior Prince,UTV Motion Pictures,10017.0,2012-05-25,2012-06-30
Q2 2012,8402,Cartas a Elena,Freestyle Releasing,8511.0,2012-06-08,2012-06-30
Q2 2012,8404,Five Broken Cameras,Kino Lorber,102579.0,2012-05-30,2012-06-30
Q2 2012,8407,Surviving Progress,First Run,53149.0,2012-04-06,2012-06-30
Q2 2012,8417,The Giant Mechanical Man,Tribeca Film,7396.0,2012-04-27,2012-06-30
Q2 2012,8420,The Woman in the Fifth,ATO Pictures,99092.0,2012-06-15,2012-06-30
Q2 2012,8421,Payback,Zeitgeist Films,16559.0,2012-04-25,2012-06-30
Q2 2012,8425,Bonsái,Strand Releasing,17393.0,2012-05-11,2012-06-30
Q2 2012,8429,Tonight You're Mine,Roadside Attractions,6255.0,2012-05-11,2012-06-30
Q2 2012,8431,The Day He Arrives,The Cinema Guild,13644.0,2012-04-20,2012-06-30
Q2 2012,8435,How to Grow a Band,International Film Circuit,20135.0,2012-04-13,2012-06-30
Q2 2012,8439,American Animal,Screen Media Films,5928.0,2012-05-18,2012-06-30
Q2 2012,8442,Virginia,Entertainment One,12728.0,2012-05-18,2012-06-30
Q2 2012,8443,Booker's Place: A Mississippi Story,Tribeca Film,5549.0,2012-04-25,2012-06-30
Q2 2012,8450,Downtown Express,International Film Circuit,5010.0,2012-04-20,2012-06-30
Q2 2012,8452,Monsieur Lazhar,Music Box Films,2007075.0,2012-04-13,2012-06-30
Q2 2012,8453,Inventing Our Life: The Kibbutz Experiment,First Run,16503.0,2012-04-27,2012-06-30
Q2 2012,8465,The Moth Diaries,IFC Films,3838.0,2012-04-20,2012-06-30
Q2 2012,8473,Kumaré,Kino Lorber,131909.0,2012-06-20,2012-06-30
Q2 2012,8479,Summer2011 Re-release,The Film Desk,43323.0,2012-06-09,2012-06-30
Q2 2012,8482,Sleepless Night,Tribeca Film,3358.0,2012-05-11,2012-06-30
Q2 2012,8484,Grassroots,The Samuel Goldwyn Company,10798.0,2012-06-22,2012-06-30
Q2 2012,8485,Elles,Kino Lorber,157221.0,2012-04-27,2012-06-30
Q2 2012,8496,The Samaritan,IFC Films,2521.0,2012-05-18,2012-06-30
Q2 2012,8501,Le Amiche,The Film Desk,68167.0,2012-06-18,2012-06-30
Q2 2012,8503,Last Ride2012 Re-release,Music Box Films,5880.0,2012-06-29,2012-06-30
Q2 2012,8505,Patagonia Rising,First Run,2064.0,2012-06-08,2012-06-30
Q2 2012,8507,Le combat dans l'île,The Film Desk,49545.0,2012-06-12,2012-06-30
Q2 2012,8511,Hit So Hard,Variance Films,31221.0,2012-04-13,2012-06-30
Q2 2012,8525,"Pink Ribbons, Inc.",First Run,26429.0,2012-06-01,2012-06-30
Q2 2012,8529,The Loving Story,Icarus Films,700.0,2012-06-08,2012-06-30
Q2 2012,8530,A Grin Without A Cat,Icarus Films,43616.0,2012-05-01,2012-06-30
Q2 2012,8534,Death of a Superhero,Tribeca Film,607.0,2012-05-04,2012-06-30
Q2 2012,8537,Meeting Evil,Magnolia Pictures,525.0,2012-05-04,2012-06-30
Q2 2012,8539,Nobody Else But You,First Run,41969.0,2012-05-11,2012-06-30
Q2 2012,8540,American: The Bill Hicks Story,Variance Films,91326.0,2012-04-08,2012-06-30
Q2 2012,8544,Apartment 143,Magnolia Pictures,383.0,2012-06-01,2012-06-30
Q2 2012,8546,Wish Me Away,First Run,18268.0,2012-06-01,2012-06-30
Q2 2012,8547,Never Stand Still,First Run,5206.0,2012-05-18,2012-06-30
Q2 2012,8552,Film socialisme2010 Re-release,Lorber Films,36495.0,2012-06-03,2012-06-30
Q2 2012,8560,Unforgivable,Strand Releasing,154189.0,2012-06-29,2012-06-30
Q3 2012,7855,The Dark Knight Rises,Warner Bros.,448139099.0,2012-07-20,2012-09-30
Q3 2012,7859,The Amazing Spider-Man,Sony Pictures Releasing,262030663.0,2012-07-03,2012-09-30
Q3 2012,7867,Ice Age: Continental Drift,Twentieth Century Fox,161321843.0,2012-07-13,2012-09-30
Q3 2012,7869,Hotel Transylvania,Sony Pictures Releasing,148313048.0,2012-09-28,2012-09-30
Q3 2012,7877,The Bourne Legacy,Universal Pictures,113203870.0,2012-08-10,2012-09-30
Q3 2012,7884,The Campaign,Warner Bros.,86907746.0,2012-08-10,2012-09-30
Q3 2012,7886,The Expendables 2,Lionsgate,85028192.0,2012-08-17,2012-09-30
Q3 2012,7899,Pitch Perfect,Universal Pictures,65001093.0,2012-09-28,2012-09-30
Q3 2012,7900,Hope Springs,Sony Pictures Releasing,63536011.0,2012-08-08,2012-09-30
Q3 2012,7905,Total Recall,Sony Pictures Releasing,58877969.0,2012-08-03,2012-09-30
Q3 2012,7908,ParaNorman,Focus Features,56003051.0,2012-08-17,2012-09-30
Q3 2012,7917,The Odd Life of Timothy Green,Walt Disney Studios Motion Pictures,51854875.0,2012-08-15,2012-09-30
Q3 2012,7919,The Possession,Lionsgate,49130154.0,2012-08-31,2012-09-30
Q3 2012,7920,Diary of a Wimpy Kid: Dog Days,Twentieth Century Fox,49008662.0,2012-08-03,2012-09-30
Q3 2012,7923,Savages,Universal Pictures,47382068.0,2012-07-06,2012-09-30
Q3 2012,7934,Resident Evil: Retribution,Screen Gems,42345531.0,2012-09-14,2012-09-30
Q3 2012,7937,End of Watch,Open Road Films (II),41003371.0,2012-09-21,2012-09-30
Q3 2012,7938,Finding Nemo2012 3D Release,Walt Disney Studios Motion Pictures,41128283.0,2012-09-14,2012-09-30
Q3 2012,7944,Lawless,The Weinstein Company,37400127.0,2012-08-29,2012-09-30
Q3 2012,7946,Trouble with the Curve,Warner Bros.,35763137.0,2012-09-21,2012-09-30
Q3 2012,7947,The Watch,Twentieth Century Fox,35353000.0,2012-07-27,2012-09-30
Q3 2012,7948,Step Up Revolution,Lionsgate,35074677.0,2012-07-27,2012-09-30
Q3 2012,7953,House at the End of the Street,Relativity Media,31611916.0,2012-09-21,2012-09-30
Q3 2012,7964,Katy Perry: Part of Me,Paramount Pictures,25326071.0,2012-07-05,2012-09-30
Q3 2012,7970,Premium Rush,Sony Pictures Releasing,20275446.0,2012-08-24,2012-09-30
Q3 2012,7979,The Perks of Being a Wallflower,Lionsgate,17742948.0,2012-09-21,2012-09-30
Q3 2012,7982,The Master,The Weinstein Company,16258724.0,2012-09-14,2012-09-30
Q3 2012,7986,2016: Obama's America,Rocky Mountain Pictures,33449086.0,2012-07-13,2012-09-30
Q3 2012,7988,Hit and Run,Open Road Films (II),13746550.0,2012-08-22,2012-09-30
Q3 2012,7989,Dredd,Lionsgate,13414714.0,2012-09-21,2012-09-30
Q3 2012,7994,The Words,CBS Films,11494838.0,2012-09-07,2012-09-30
Q3 2012,8004,Arbitrage,Roadside Attractions,7919574.0,2012-09-14,2012-09-30
Q3 2012,8018,Won't Back Down,Twentieth Century Fox,5310554.0,2012-09-28,2012-09-30
Q3 2012,8022,The Apparition,Warner Bros.,4936819.0,2012-08-24,2012-09-30
Q3 2012,8031,The Cold Light of Day,Lionsgate,3763583.0,2012-09-07,2012-09-30
Q3 2012,8033,Nitro Circus: The Movie,Arc Entertainment,3377618.0,2012-08-08,2012-09-30
Q3 2012,8035,Robot & Frank,The Samuel Goldwyn Company,3304420.0,2012-08-17,2012-09-30
Q3 2012,8037,Raiders of the Lost Ark2012 IMAX Release,Paramount Pictures,3125613.0,2012-09-07,2012-09-30
Q3 2012,8038,Celeste & Jesse Forever,Sony Pictures Classics,3094813.0,2012-08-03,2012-09-30
Q3 2012,8040,Searching for Sugar Man,Sony Pictures Classics,3696196.0,2012-07-27,2012-09-30
Q3 2012,8043,Barfi!,UTV Motion Pictures,2804874.0,2012-09-14,2012-09-30
Q3 2012,8045,Samsara,Oscilloscope,2660150.0,2012-08-24,2012-09-30
Q3 2012,8047,Ruby Sparks,Fox Searchlight Pictures,2540106.0,2012-07-25,2012-09-30
Q3 2012,8048,The Queen of Versailles,Magnolia Pictures,2401999.0,2012-07-20,2012-09-30
Q3 2012,8063,Singin' in the Rain2012 Re-release,Warner Bros.,1608925.0,2012-07-12,2012-09-30
Q3 2012,8064,The Dark Knight2012 Re-release,Warner Bros.,1513086.0,2012-07-19,2012-09-30
Q3 2012,8065,Batman Begins2012 Re-release,Warner Bros.,1508658.0,2012-07-19,2012-09-30
Q3 2012,8069,"Farewell, My Queen",Cohen Media Group,1597998.0,2012-07-13,2012-09-30
Q3 2012,8071,"For a Good Time, Call...",Focus Features,1251749.0,2012-08-31,2012-09-30
Q3 2012,8074,Cocktail,Eros International,1227789.0,2012-07-13,2012-09-30
Q3 2012,8080,Last Ounce of Courage,Rocky Mountain Pictures,3329674.0,2012-09-14,2012-09-30
Q3 2012,8081,The Oogieloves in the Big Balloon Adventure,Kenn Viselman Presents,1065907.0,2012-08-29,2012-09-30
Q3 2012,8087,Diana Vreeland: The Eye Has to Travel,The Samuel Goldwyn Company,1004821.0,2012-09-21,2012-09-30
Q3 2012,8088,Masquerade,CJ Entertainment,922123.0,2012-09-21,2012-09-30
Q3 2012,8090,Bol Bachchan,FIP,1216258.0,2012-07-06,2012-09-30
Q3 2012,8108,2 Days in New York,Magnolia Pictures,633210.0,2012-08-10,2012-09-30
Q3 2012,8110,Heroine,UTV Motion Pictures,598668.0,2012-09-21,2012-09-30
Q3 2012,8113,Thunderstruck,Warner Bros.,587211.0,2012-08-24,2012-09-30
Q3 2012,8115,Cosmopolis,Entertainment One,763556.0,2012-08-17,2012-09-30
Q3 2012,8125,Moneyball,Sony Pictures Releasing,75605492.0,2012-09-23,2012-09-30
Q3 2012,8132,The Well-Digger's Daughter,Kino Lorber,385594.0,2012-07-20,2012-09-30
Q3 2012,8136,Detropia,Loki Films,382123.0,2012-09-07,2012-09-30
Q3 2012,8138,Dolphin Tale,Warner Bros.,72286779.0,2012-09-23,2012-09-30
Q3 2012,8139,Branded,Roadside Attractions,353513.0,2012-09-07,2012-09-30
Q3 2012,8141,Compliance,Magnolia Pictures,319285.0,2012-08-17,2012-09-30
Q3 2012,8145,Stolen,Millennium Entertainment,304318.0,2012-09-14,2012-09-30
Q3 2012,8151,Chicken with Plums,Sony Pictures Classics,253874.0,2012-08-17,2012-09-30
Q3 2012,8153,Keep the Lights On,Music Box Films,246112.0,2012-09-07,2012-09-30
Q3 2012,8154,My Uncle Rafael,Rocky Mountain Pictures,243616.0,2012-09-21,2012-09-30
Q3 2012,8155,Trishna,IFC Films,240381.0,2012-07-13,2012-09-30
Q3 2012,8156,Drive,FilmDistrict,35061555.0,2012-09-16,2012-09-30
Q3 2012,8162,Thaandavam,UTV Motion Pictures,213476.0,2012-09-28,2012-09-30
Q3 2012,8164,The Help,Walt Disney Studios Motion Pictures,169708112.0,2012-08-10,2012-09-30
Q3 2012,8169,10 Years,Anchor Bay Films,203373.0,2012-09-14,2012-09-30
Q3 2012,8173,Easy Money,The Weinstein Company,205741.0,2012-07-11,2012-09-30
Q3 2012,8176,Little White Lies,MPI Media Group,192025.0,2012-08-24,2012-09-30
Q3 2012,8184,Joker,UTV Motion Pictures,169181.0,2012-08-31,2012-09-30
Q3 2012,8188,Shirin Farhad Ki Toh Nikal Padi,Eros International,155758.0,2012-08-24,2012-09-30
Q3 2012,8194,Killer Joe,LD Entertainment,1987762.0,2012-07-27,2012-09-30
Q3 2012,8196,From Beneath,Nocturnal Features,144123.0,2012-08-10,2012-09-30
Q3 2012,8201,Slaughter Creek,Nocturnal Features,136815.0,2012-09-14,2012-09-30
Q3 2012,8209,The Bullet Vanishes,China Lion Film Distribution,117629.0,2012-08-31,2012-09-30
Q3 2012,8214,Iron Sky,Entertainment One,122082.0,2012-07-25,2012-09-30
Q3 2012,8215,The Obama Effect,Arc Entertainment,110904.0,2012-07-13,2012-09-30
Q3 2012,8220,Hello I Must Be Going,Oscilloscope,106709.0,2012-09-07,2012-09-30
Q3 2012,8222,The Magic of Belle Isle,Magnolia Pictures,102388.0,2012-07-06,2012-09-30
Q3 2012,8224,Mugamoodi,UTV Motion Pictures,100809.0,2012-08-31,2012-09-30
Q3 2012,8226,360,Magnolia Pictures,100343.0,2012-08-03,2012-09-30
Q3 2012,8232,The Other Dream Team,The Film Arcade,133777.0,2012-09-28,2012-09-30
Q3 2012,8240,Runaway Slave,Rocky Mountain Pictures,71737.0,2012-07-06,2012-09-30
Q3 2012,8245,Klown2012 Re-release,Drafthouse Films,68795.0,2012-07-27,2012-09-30
Q3 2012,8246,Toys in the Attic2012 Re-release,Hannover House,64918.0,2012-09-07,2012-09-30
Q3 2012,8247,Girlfriend Boyfriend,China Lion Film Distribution,64414.0,2012-08-03,2012-09-30
Q3 2012,8250,Backwards,Dada Films,61465.0,2012-09-21,2012-09-30
Q3 2012,8253,Take Shelter,Sony Pictures Classics,1730296.0,2012-09-30,2012-09-30
Q3 2012,8254,Vulgaria,China Lion Film Distribution,59059.0,2012-09-28,2012-09-30
Q3 2012,8259,Sholem Aleichem: Laughing in the Darkness,International Film Circuit,899736.0,2012-07-08,2012-09-30
Q3 2012,8260,Occupy Unmasked,Magnolia Pictures,52768.0,2012-09-21,2012-09-30
Q3 2012,8261,The Whale,Paladin,80553.0,2012-09-09,2012-09-30
Q3 2012,8262,Red Lights,Millennium Entertainment,52624.0,2012-07-13,2012-09-30
Q3 2012,8265,Painted Skin: The Resurrection,Well Go USA Entertainment,50425.0,2012-08-17,2012-09-30
Q3 2012,8269,Union Square,Dada Films,44830.0,2012-07-13,2012-09-30
Q3 2012,8277,Soldiers of Fortune,Roadside Attractions,38898.0,2012-08-03,2012-09-30
Q3 2012,8282,Bangkok Revenge,China Lion Film Distribution,35784.0,2012-09-14,2012-09-30
Q3 2012,8286,Shut Up and Play the Hits,Oscilloscope,378751.0,2012-07-18,2012-09-30
Q3 2012,8293,Brother2012 Re-release,Music Box Films,29864.0,2012-08-24,2012-09-30
Q3 2012,8294,Sacrifice,The Samuel Goldwyn Company,29792.0,2012-07-27,2012-09-30
Q3 2012,8297,Max and the Junkmen,Rialto Pictures,29174.0,2012-08-10,2012-09-30
Q3 2012,8300,The Ambassador,Drafthouse Films,28102.0,2012-08-29,2012-09-30
Q3 2012,8303,The Waiting Room,International Film Circuit,243717.0,2012-09-26,2012-09-30
Q3 2012,8309,The Guard,Sony Pictures Classics,5360274.0,2012-07-29,2012-09-30
Q3 2012,8311,Hellbound?,Area 23a,22887.0,2012-09-21,2012-09-30
Q3 2012,8322,The Day,Anchor Bay Films,20984.0,2012-08-29,2012-09-30
Q3 2012,8328,The Iran Job,Film Movement,22803.0,2012-09-28,2012-09-30
Q3 2012,8331,Magnificent Desolation: Walking on the Moon 3D,IMAX,34136978.0,2012-09-23,2012-09-30
Q3 2012,8332,Total Recall2012 Re-release,Rialto Pictures,18081.0,2012-08-10,2012-09-30
Q3 2012,8335,Little Birds,Millennium Entertainment,17739.0,2012-08-29,2012-09-30
Q3 2012,8338,Port of Shadows,Rialto Pictures,17037.0,2012-09-14,2012-09-30
Q3 2012,8341,Ranchero,Indican Pictures,20163.0,2012-07-08,2012-09-30
Q3 2012,8342,"The Man Nobody Knew: In Search of My Father, CIA Spymaster William Colby",First Run,183169.0,2012-09-23,2012-09-30
Q3 2012,8344,Supercapitalist,Truly Indie,16000.0,2012-08-10,2012-09-30
Q3 2012,8345,10 timer til Paradis,Film Movement,16000.0,2012-08-22,2012-09-30
Q3 2012,8350,30 Beats,Roadside Attractions,14693.0,2012-07-20,2012-09-30
Q3 2012,8359,Daisies,Janus Films,13692.0,2012-07-06,2012-09-30
Q3 2012,8368,Entre les Bras,The Cinema Guild,46355.0,2012-09-14,2012-09-30
Q3 2012,8369,Granito,International Film Circuit,38340.0,2012-09-14,2012-09-30
Q3 2012,8376,Tales of the Night,GKIDS,10975.0,2012-09-26,2012-09-30
Q3 2012,8385,Husbands in Goa,UTV Motion Pictures,10135.0,2012-09-21,2012-09-30
Q3 2012,8389,[REC] 3: Genesis,Magnolia Pictures,9600.0,2012-09-07,2012-09-30
Q3 2012,8395,Money Fight,Pro-Motion Pictures,9004.0,2012-09-21,2012-09-30
Q3 2012,8397,Four Adventures of Reinette and Mirabelle,The Film Desk,21632.0,2012-07-20,2012-09-30
Q3 2012,8398,Home Run Showdown,Image Entertainment,8824.0,2012-07-27,2012-09-30
Q3 2012,8399,The Lion King2011 3D Release,Walt Disney Studios Motion Pictures,94242001.0,2012-09-16,2012-09-30
Q3 2012,8400,Alps,Kino Lorber,16057.0,2012-07-13,2012-09-30
Q3 2012,8405,Dreams of a Life,Strand Releasing,8405.0,2012-08-03,2012-09-30
Q3 2012,8409,The Worst Movie Ever!,Driving With Our Eyes Shut,23696.0,2012-08-19,2012-09-30
Q3 2012,8410,The Babymakers,Millennium Entertainment,7889.0,2012-08-03,2012-09-30
Q3 2012,8413,Brooklyn Brothers Beat the Best,Oscilloscope,7466.0,2012-09-21,2012-09-30
Q3 2012,8432,Crazy Eyes,Strand Releasing,6141.0,2012-07-06,2012-09-30
Q3 2012,8437,Las Acacias,Outsider Films,6000.0,2012-09-07,2012-09-30
Q3 2012,8446,The Good Doctor,Magnolia Pictures,5206.0,2012-08-31,2012-09-30
Q3 2012,8447,Jane's Journey,First Run,27253.0,2012-09-16,2012-09-30
Q3 2012,8456,Planet of Snail,The Cinema Guild,13613.0,2012-07-25,2012-09-30
Q3 2012,8462,The Interrupters,The Cinema Guild,278239.0,2012-07-29,2012-09-30
Q3 2012,8463,Pickin' & Grinnin',House Lights Media,4000.0,2012-09-07,2012-09-30
Q3 2012,8464,Gainsbourg: A Heroic Life,Music Box Films,230767.0,2012-08-31,2012-09-30
Q3 2012,8472,The Autobiography of Nicolae Ceausescu,The Film Desk,29272.0,2012-09-09,2012-09-30
Q3 2012,8474,The Day I Saw Your Heart2012 Re-release,Film Movement,3546.0,2012-08-24,2012-09-30
Q3 2012,8486,After the Wizard,Breaking Glass Pictures,3184.0,2012-08-10,2012-09-30
Q3 2012,8488,About Cherry,IFC Films,3003.0,2012-09-21,2012-09-30
Q3 2012,8492,Ballplayer: Pelotero,Strand Releasing,44230.0,2012-07-13,2012-09-30
Q3 2012,8497,The Night Watchman,Icarus Films,2219.0,2012-07-06,2012-09-30
Q3 2012,8498,Meet the Fokkens,Kino Lorber,29525.0,2012-08-08,2012-09-30
Q3 2012,8499,Why Stop Now?,IFC Films,2432.0,2012-08-17,2012-09-30
Q3 2012,8500,Mississippi Mermaid,The Film Desk,31413.0,2012-07-10,2012-09-30
Q3 2012,8502,Amigo,Variance Films,183597.0,2012-08-19,2012-09-30
Q3 2012,8512,Girl Model,First Run,21092.0,2012-09-05,2012-09-30
Q3 2012,8518,Mosquita y Mari,The Film Collaborative,8614.0,2012-08-03,2012-09-30
Q3 2012,8526,China Heavyweight,Zeitgeist Films,9395.0,2012-07-06,2012-09-30
Q3 2012,8528,Breathing,Kino Lorber,4258.0,2012-08-31,2012-09-30
Q3 2012,8531,Higher Ground2011 Re-release,Sony Pictures Classics,841733.0,2012-08-26,2012-09-30
Q3 2012,8541,Free Radicals: A History of Experimental Film,Kino Lorber,3771.0,2012-08-03,2012-09-30
Q3 2012,8542,Radio Unnameable,Kino Lorber,22114.0,2012-09-19,2012-09-30
Q3 2012,8554,My Joy,Kino Lorber,5560.0,2012-09-30,2012-09-30
Q3 2012,8555,Headshot,Kino Lorber,1373.0,2012-09-28,2012-09-30
Q4 2012,7857,Skyfall,Sony Pictures Releasing,304164760.0,2012-11-09,2012-12-31
Q4 2012,7858,The Twilight Saga: Breaking Dawn - Part 2,Lionsgate,292324737.0,2012-11-16,2012-12-31
Q4 2012,7861,The Hobbit: An Unexpected Journey,Warner Bros.,303003568.0,2012-12-14,2012-12-31
Q4 2012,7866,Wreck-It Ralph,Walt Disney Studios Motion Pictures,186816706.0,2012-11-02,2012-12-31
Q4 2012,7870,Taken 2,Twentieth Century Fox,139854287.0,2012-10-05,2012-12-31
Q4 2012,7872,Lincoln,Walt Disney Studios Motion Pictures,181591780.0,2012-11-09,2012-12-31
Q4 2012,7878,Argo,Warner Bros.,136025503.0,2012-10-12,2012-12-31
Q4 2012,7880,Flight,Paramount Pictures,93772375.0,2012-11-02,2012-12-31
Q4 2012,7881,Rise of the Guardians,DreamWorks,103412758.0,2012-11-21,2012-12-31
Q4 2012,7883,Mission: Impossible - Ghost Protocol,Paramount Pictures,209397903.0,2012-12-16,2012-12-31
Q4 2012,7885,Life of Pi,Twentieth Century Fox,124987023.0,2012-11-21,2012-12-31
Q4 2012,7889,Les Misérables,Universal Pictures,148809770.0,2012-12-25,2012-12-31
Q4 2012,7892,Django Unchained,The Weinstein Company,162805434.0,2012-12-25,2012-12-31
Q4 2012,7901,Sherlock Holmes: A Game of Shadows,Warner Bros.,186848418.0,2012-12-16,2012-12-31
Q4 2012,7912,Paranormal Activity 4,Paramount Pictures,53900335.0,2012-10-19,2012-12-31
Q4 2012,7914,The Girl with the Dragon Tattoo,Sony Pictures Releasing,102515793.0,2012-12-21,2012-12-31
Q4 2012,7921,Sinister,Lionsgate,48086903.0,2012-10-12,2012-12-31
Q4 2012,7922,Jack Reacher,Paramount Pictures,80070736.0,2012-12-21,2012-12-31
Q4 2012,7927,Alvin and the Chipmunks: Chipwrecked,Twentieth Century Fox,133110742.0,2012-12-16,2012-12-31
Q4 2012,7929,The Descendants,Fox Searchlight Pictures,82584160.0,2012-11-16,2012-12-31
Q4 2012,7930,Red Dawn,FilmDistrict,44806783.0,2012-11-21,2012-12-31
Q4 2012,7931,Here Comes the Boom,Sony Pictures Releasing,45290318.0,2012-10-12,2012-12-31
Q4 2012,7933,War Horse,Walt Disney Studios Motion Pictures,79120998.0,2012-12-25,2012-12-31
Q4 2012,7939,The Artist,The Weinstein Company,44671682.0,2012-11-25,2012-12-31
Q4 2012,7940,This Is 40,Universal Pictures,67544505.0,2012-12-21,2012-12-31
Q4 2012,7941,We Bought a Zoo,Twentieth Century Fox,75624550.0,2012-12-23,2012-12-31
Q4 2012,7950,Frankenweenie,Walt Disney Studios Motion Pictures,35291068.0,2012-10-05,2012-12-31
Q4 2012,7951,Parental Guidance,Twentieth Century Fox,77267296.0,2012-12-25,2012-12-31
Q4 2012,7952,The Adventures of Tintin,Paramount Pictures,77591831.0,2012-12-21,2012-12-31
Q4 2012,7954,Extremely Loud & Incredibly Close,Warner Bros.,31847881.0,2012-12-25,2012-12-31
Q4 2012,7957,The Iron Lady,The Weinstein Company,30017992.0,2012-12-30,2012-12-31
Q4 2012,7959,Silver Linings Playbook,The Weinstein Company,132092958.0,2012-11-16,2012-12-31
Q4 2012,7961,Cloud Atlas,Warner Bros.,27108272.0,2012-10-26,2012-12-31
Q4 2012,7963,Alex Cross,Lionsgate,25888412.0,2012-10-19,2012-12-31
Q4 2012,7965,Hugo,Paramount Pictures,73864507.0,2012-11-23,2012-12-31
Q4 2012,7967,The Guilt Trip,Paramount Pictures,37134215.0,2012-12-19,2012-12-31
Q4 2012,7968,Tinker Tailor Soldier Spy,Focus Features,24149393.0,2012-12-09,2012-12-31
Q4 2012,7971,"Monsters, Inc.2012 3D Release",Walt Disney Studios Motion Pictures,32103029.0,2012-12-19,2012-12-31
Q4 2012,7977,Silent Hill: Revelation,Open Road Films (II),17529157.0,2012-10-26,2012-12-31
Q4 2012,7983,The Man with the Iron Fists,Universal Pictures,15634090.0,2012-11-02,2012-12-31
Q4 2012,7984,Seven Psychopaths,CBS Films,15024049.0,2012-10-12,2012-12-31
Q4 2012,7985,Killing Them Softly,The Weinstein Company,14947716.0,2012-11-30,2012-12-31
Q4 2012,7991,Playing for Keeps,FilmDistrict,13103272.0,2012-12-07,2012-12-31
Q4 2012,7996,Anna Karenina,Focus Features,12816367.0,2012-11-16,2012-12-31
Q4 2012,7998,New Year's Eve,Warner Bros.,54544638.0,2012-12-09,2012-12-31
Q4 2012,8000,The Darkest Hour,Summit Entertainment,21443494.0,2012-12-25,2012-12-31
Q4 2012,8001,Fun Size,Paramount Pictures,9409538.0,2012-10-26,2012-12-31
Q4 2012,8003,Cirque du Soleil: Worlds Away,Paramount Pictures,12512862.0,2012-12-21,2012-12-31
Q4 2012,8008,A Separation,Sony Pictures Classics,7099055.0,2012-12-30,2012-12-31
Q4 2012,8009,The Collection,LD Entertainment,6842058.0,2012-11-30,2012-12-31
Q4 2012,8010,The Muppets,Walt Disney Studios Motion Pictures,88631237.0,2012-11-23,2012-12-31
Q4 2012,8012,The Twilight Saga: Breaking Dawn - Part 1,Summit Entertainment,281287133.0,2012-11-18,2012-12-31
Q4 2012,8013,My Week with Marilyn,The Weinstein Company,14600347.0,2012-11-23,2012-12-31
Q4 2012,8014,Chasing Mavericks,Twentieth Century Fox,6002756.0,2012-10-26,2012-12-31
Q4 2012,8017,The Sessions,Fox Searchlight Pictures,6002451.0,2012-10-19,2012-12-31
Q4 2012,8020,Hitchcock,Fox Searchlight Pictures,6008677.0,2012-11-23,2012-12-31
Q4 2012,8021,Young Adult,Paramount Pictures,16311571.0,2012-12-09,2012-12-31
Q4 2012,8023,The Sitter,Twentieth Century Fox,30441326.0,2012-12-09,2012-12-31
Q4 2012,8025,A Dangerous Method,Sony Pictures Classics,5704709.0,2012-11-23,2012-12-31
Q4 2012,8028,Puss in Boots,DreamWorks,149260504.0,2012-10-28,2012-12-31
Q4 2012,8032,Flying Monsters 3D with David Attenborough,National Geographic Entertainment,5705874.0,2012-10-07,2012-12-31
Q4 2012,8034,Happy Feet Two,Warner Bros.,64006466.0,2012-11-18,2012-12-31
Q4 2012,8036,Atlas Shrugged II: The Strike,Atlas Distribution Company,3286337.0,2012-10-12,2012-12-31
Q4 2012,8049,Carnage,Sony Pictures Classics,2547047.0,2012-12-16,2012-12-31
Q4 2012,8050,Dabangg 2,Eros International,2519190.0,2012-12-21,2012-12-31
Q4 2012,8052,Jack and Jill,Sony Pictures Releasing,74158157.0,2012-11-11,2012-12-31
Q4 2012,8053,Shame,Fox Searchlight Pictures,3909002.0,2012-12-02,2012-12-31
Q4 2012,8055,Hyde Park on Hudson,Focus Features,6376145.0,2012-12-07,2012-12-31
Q4 2012,8056,English Vinglish,Eros International,1862086.0,2012-10-05,2012-12-31
Q4 2012,8060,Talaash,Reliance Big Pictures,2871956.0,2012-11-30,2012-12-31
Q4 2012,8066,Zero Dark Thirty,Sony Pictures Releasing,95720716.0,2012-12-19,2012-12-31
Q4 2012,8068,Tower Heist,Universal Pictures,78046570.0,2012-11-04,2012-12-31
Q4 2012,8070,A Late Quartet,Entertainment One,1562548.0,2012-11-02,2012-12-31
Q4 2012,8085,Real Steel,Walt Disney Studios Motion Pictures,85468508.0,2012-10-07,2012-12-31
Q4 2012,8089,Immortals,Relativity Media,83504017.0,2012-11-11,2012-12-31
Q4 2012,8091,J. Edgar,Warner Bros.,37306030.0,2012-11-09,2012-12-31
Q4 2012,8092,Arthur Christmas,Sony Pictures Releasing,46462469.0,2012-11-23,2012-12-31
Q4 2012,8096,Chasing Ice,Submarine Deluxe,1328467.0,2012-11-09,2012-12-31
Q4 2012,8098,Son of Sardaar,Eros International,771789.0,2012-11-13,2012-12-31
Q4 2012,8101,Don 2,Reliance Big Pictures,3680306.0,2012-12-22,2012-12-31
Q4 2012,8102,Pariah,Focus Features,769552.0,2012-12-28,2012-12-31
Q4 2012,8104,The Paperboy,Millennium Entertainment,693286.0,2012-10-05,2012-12-31
Q4 2012,8105,The Thieves,Well Go USA Entertainment,685839.0,2012-10-12,2012-12-31
Q4 2012,8106,Student of the Year,Eros International,670086.0,2012-10-19,2012-12-31
Q4 2012,8107,The Polar Express2012 IMAX Release,Warner Bros.,669289.0,2012-11-21,2012-12-31
Q4 2012,8112,Rust and Bone,Sony Pictures Classics,2062027.0,2012-11-23,2012-12-31
Q4 2012,8119,Galapagos,IMAX,18627957.0,2012-10-29,2012-12-31
Q4 2012,8121,The Impossible,Lionsgate,19019882.0,2012-12-21,2012-12-31
Q4 2012,8122,Melancholia,Magnolia Pictures,3030848.0,2012-11-11,2012-12-31
Q4 2012,8124,In Time,Twentieth Century Fox,37520095.0,2012-10-28,2012-12-31
Q4 2012,8133,Khiladi 786,Eros International,379466.0,2012-12-07,2012-12-31
Q4 2012,8135,Smashed,Sony Pictures Classics,376597.0,2012-10-12,2012-12-31
Q4 2012,8137,The Oranges,ATO Pictures,366377.0,2012-10-05,2012-12-31
Q4 2012,8144,Back to 1942,China Lion Film Distribution,312954.0,2012-11-30,2012-12-31
Q4 2012,8148,In the Land of Blood and Honey,FilmDistrict,303877.0,2012-12-23,2012-12-31
Q4 2012,8159,Promised Land,Focus Features,7597898.0,2012-12-28,2012-12-31
Q4 2012,8160,Amour,Sony Pictures Classics,6739492.0,2012-12-19,2012-12-31
Q4 2012,8163,Tai Chi Zero,Variance Films,212094.0,2012-10-19,2012-12-31
Q4 2012,8165,A Very Harold & Kumar 3D Christmas,Warner Bros.,35061031.0,2012-11-04,2012-12-31
Q4 2012,8172,Barbara,Adopt Films,1011109.0,2012-12-21,2012-12-31
Q4 2012,8174,Footloose2011 Re-release,Paramount Pictures,51802742.0,2012-10-14,2012-12-31
Q4 2012,8175,The House I Live In,Abramorama,180559.0,2012-10-05,2012-12-31
Q4 2012,8190,Chakravyuh,Eros International,151778.0,2012-10-24,2012-12-31
Q4 2012,8191,Hecho en México,Lionsgate,151133.0,2012-11-30,2012-12-31
Q4 2012,8195,Le Havre,Janus Films,542796.0,2012-10-21,2012-12-31
Q4 2012,8197,This Must Be the Place,The Weinstein Company,143979.0,2012-11-02,2012-12-31
Q4 2012,8198,The Skin I Live In,Sony Pictures Classics,3185812.0,2012-10-14,2012-12-31
Q4 2012,8199,Luv Shuv Tey Chicken Khurana,UTV Motion Pictures,143507.0,2012-11-02,2012-12-31
Q4 2012,8203,The Loneliest Planet,IFC Films,129579.0,2012-10-26,2012-12-31
Q4 2012,8205,The Ides of March,Sony Pictures Releasing,40962534.0,2012-10-07,2012-12-31
Q4 2012,8211,Margin Call,Roadside Attractions,5354039.0,2012-10-21,2012-12-31
Q4 2012,8213,Not Fade Away,Paramount Vantage,610792.0,2012-12-21,2012-12-31
Q4 2012,8217,Any Day Now,Music Box Films,189041.0,2012-12-14,2012-12-31
Q4 2012,8218,Escape Fire: The Fight to Rescue American Healthcare,Roadside Attractions,126238.0,2012-10-05,2012-12-31
Q4 2012,8219,Simon & the Oaks,The Film Arcade,150109.0,2012-10-12,2012-12-31
Q4 2012,8221,Burn2012 Re-release,Area 23a,113173.0,2012-11-09,2012-12-31
Q4 2012,8223,Wuthering Heights,Oscilloscope,100915.0,2012-10-05,2012-12-31
Q4 2012,8225,V/H/S,Magnolia Pictures,100345.0,2012-10-05,2012-12-31
Q4 2012,8227,Sister,Adopt Films,153561.0,2012-10-05,2012-12-31
Q4 2012,8230,In the Family,In the Family,101934.0,2012-11-04,2012-12-31
Q4 2012,8233,Hating Breitbart,Rocky Mountain Pictures,81432.0,2012-10-19,2012-12-31
Q4 2012,8234,Starlet,Music Box Films,86994.0,2012-11-09,2012-12-31
Q4 2012,8249,Deadfall,Magnolia Pictures,66351.0,2012-12-07,2012-12-31
Q4 2012,8255,T-Rex: Back to the Cretaceous,IMAX,53354743.0,2012-10-23,2012-12-31
Q4 2012,8256,Paranormal Activity 3,Paramount Pictures,104028807.0,2012-10-21,2012-12-31
Q4 2012,8266,Wake in Fright2012 Re-release,Drafthouse Films,50394.0,2012-10-05,2012-12-31
Q4 2012,8267,War of the Buttons,The Weinstein Company,47771.0,2012-10-12,2012-12-31
Q4 2012,8268,The Fitzgerald Family Christmas,Tribeca Film,50292.0,2012-12-07,2012-12-31
Q4 2012,8273,Fat Kid Rules the World,Outsider Films,41000.0,2012-10-05,2012-12-31
Q4 2012,8275,The Comedy,Tribeca Film,41113.0,2012-11-09,2012-12-31
Q4 2012,8287,District of Corruption,Rocky Mountain Pictures,31954.0,2012-10-26,2012-12-31
Q4 2012,8290,The Bay,Roadside Attractions,30668.0,2012-11-02,2012-12-31
Q4 2012,8291,The Conquest,Music Box Films,69462.0,2012-11-11,2012-12-31
Q4 2012,8292,Like Crazy,Paramount Vantage,3395391.0,2012-10-28,2012-12-31
Q4 2012,8295,Tomboy,Dada Films,125500.0,2012-11-16,2012-12-31
Q4 2012,8296,Wagner & Me2012 Re-release,First Run,37332.0,2012-12-07,2012-12-31
Q4 2012,8301,Least Among Saints,Brainstorm Media,28026.0,2012-10-12,2012-12-31
Q4 2012,8304,Nobody Walks,Magnolia Pictures,25342.0,2012-10-19,2012-12-31
Q4 2012,8305,Orchestra of Exiles,First Run,27118.0,2012-10-26,2012-12-31
Q4 2012,8308,The Bride Wore Black,The Film Desk,42324.0,2012-11-04,2012-12-31
Q4 2012,8312,The First Time,The Samuel Goldwyn Company,22836.0,2012-10-19,2012-12-31
Q4 2012,8314,West of Memphis,Sony Pictures Classics,310154.0,2012-12-25,2012-12-31
Q4 2012,8315,The Big Picture2012 Re-release,MPI Media Group,96783.0,2012-10-12,2012-12-31
Q4 2012,8318,Waiting for Lightning,The Samuel Goldwyn Company,21577.0,2012-12-07,2012-12-31
Q4 2012,8327,28 Hotel Rooms,Oscilloscope,18869.0,2012-11-09,2012-12-31
Q4 2012,8330,My Reincarnation,Long Shot Factory,91287.0,2012-10-28,2012-12-31
Q4 2012,8334,Addiction Incorporated,Variance Films,24862.0,2012-12-14,2012-12-31
Q4 2012,8343,Long Shot: The Kevin Laue Story,Dutchmen Films,16011.0,2012-10-26,2012-12-31
Q4 2012,8349,Trade of Innocents,Monterey Media,15091.0,2012-10-05,2012-12-31
Q4 2012,8352,Silent Night,Anchor Bay Films,14567.0,2012-11-30,2012-12-31
Q4 2012,8354,The Outrage,Magnolia Pictures,44745.0,2012-12-02,2012-12-31
Q4 2012,8356,Being Elmo: A Puppeteer's Journey,Submarine Deluxe,303791.0,2012-10-21,2012-12-31
Q4 2012,8362,Blackthorn,Magnolia Pictures,200558.0,2012-10-07,2012-12-31
Q4 2012,8364,Citadel,Cinedigm Entertainment Group,12995.0,2012-11-09,2012-12-31
Q4 2012,8365,California Solo,Strand Releasing,12952.0,2012-11-30,2012-12-31
Q4 2012,8370,Lost Angels: Skid Row Is My Home,Cinema Libre Studio,12025.0,2012-12-07,2012-12-31
Q4 2012,8371,Young Goethe in Love,Music Box Films,161044.0,2012-11-04,2012-12-31
Q4 2012,8372,Gayby,The Film Collaborative,14062.0,2012-10-12,2012-12-31
Q4 2012,8373,Garbo: The Spy2011 Re-release,First Run,28563.0,2012-11-18,2012-12-31
Q4 2012,8378,Special Forces,Entertainment One,10759.0,2012-10-12,2012-12-31
Q4 2012,8379,Khodorkovsky,Kino Lorber,38457.0,2012-11-30,2012-12-31
Q4 2012,8382,"Now, Forager",Argot Pictures,11146.0,2012-10-03,2012-12-31
Q4 2012,8383,Paul Goodman Changed My Life,Zeitgeist Films,34605.0,2012-10-19,2012-12-31
Q4 2012,8388,The Revisionaries,Kino Lorber,22113.0,2012-10-05,2012-12-31
Q4 2012,8393,Django,Rialto Pictures,17137.0,2012-12-21,2012-12-31
Q4 2012,8415,Price Check,IFC Films,7413.0,2012-11-16,2012-12-31
Q4 2012,8416,The Man in the White Suit,Rialto Pictures,8265.0,2012-11-16,2012-12-31
Q4 2012,8422,The Rabbi's Cat,GKIDS,23392.0,2012-12-07,2012-12-31
Q4 2012,8423,"Love, Marilyn",Submarine Deluxe,6950.0,2012-11-30,2012-12-31
Q4 2012,8424,Hitler's Children,Film Movement,27999.0,2012-11-16,2012-12-31
Q4 2012,8427,In Our Nature,Cinedigm Entertainment Group,6543.0,2012-12-07,2012-12-31
Q4 2012,8428,The Polar Express2011 IMAX Release,Warner Bros.,711168.0,2012-11-25,2012-12-31
Q4 2012,8430,My Worst Nightmare,Strand Releasing,20092.0,2012-10-19,2012-12-31
Q4 2012,8436,Tchoupitoulas,Oscilloscope,6011.0,2012-12-07,2012-12-31
Q4 2012,8438,Sigur Rós: Inni,Cinema Purgatorio,123482.0,2012-10-28,2012-12-31
Q4 2012,8445,Young and Wild,IFC Films,5514.0,2012-11-30,2012-12-31
Q4 2012,8448,A Liar's Autobiography: The Untrue Story of Monty Python's Graham Chapman,Brainstorm Media,5102.0,2012-11-02,2012-12-31
Q4 2012,8457,Tyrannosaur,Strand Releasing,20110.0,2012-11-18,2012-12-31
Q4 2012,8458,King of Devil's Island,Film Movement,6230.0,2012-11-18,2012-12-31
Q4 2012,8459,The Look,Kino Lorber,17580.0,2012-11-04,2012-12-31
Q4 2012,8461,Only the Young,Oscilloscope,10010.0,2012-12-07,2012-12-31
Q4 2012,8466,Eames: The Architect & The Painter,First Run,148000.0,2012-11-11,2012-12-31
Q4 2012,8468,Bad Blood,Gravity Arch,3731.0,2012-10-26,2012-12-31
Q4 2012,8469,Rid of Me,Submarine Deluxe,11740.0,2012-11-18,2012-12-31
Q4 2012,8470,Yangsi,Kino Lorber,4008.0,2012-12-07,2012-12-31
Q4 2012,8476,A Man Vanishes2012 Re-release,Icarus Films,6201.0,2012-11-15,2012-12-31
Q4 2012,8478,Terkel in Trouble2010 Re-release,Indican Pictures,39885.0,2012-10-15,2012-12-31
Q4 2012,8480,Vamps,Anchor Bay Films,3361.0,2012-11-02,2012-12-31
Q4 2012,8483,"El Sicario, Room 164",Icarus Films,6123.0,2012-12-28,2012-12-31
Q4 2012,8493,Cheerful Weather for the Wedding,IFC Films,2651.0,2012-12-07,2012-12-31
Q4 2012,8508,Split: A Deeper Divide,Feature Presentations Releasing,2000.0,2012-10-12,2012-12-31
Q4 2012,8510,Oka!,Dada Films,14985.0,2012-10-14,2012-12-31
Q4 2012,8517,Miss Minoes2011 Re-release,Music Box Films,8377.0,2012-12-23,2012-12-31
Q4 2012,8520,Jack & Diane,Magnolia Pictures,1142.0,2012-11-02,2012-12-31
Q4 2012,8521,Marcelino Pan y Vino2012 Re-release,Gigapix Releasing,18193.0,2012-10-26,2012-12-31
Q4 2012,8522,Jason Becker: Not Dead Yet,Kino Lorber,1094.0,2012-12-12,2012-12-31
Q4 2012,8523,Small Change,The Film Desk,37610.0,2012-11-24,2012-12-31
Q4 2012,8532,Guy and Madeline on a Park Bench,Variance Films,33841.0,2012-11-05,2012-12-31
Q4 2012,8533,Nature Calls,Magnolia Pictures,646.0,2012-11-09,2012-12-31
Q4 2012,8535,Gottfried Helnwein and the Dreaming Child,First Run,601.0,2012-11-23,2012-12-31
Q4 2012,8536,Photographic Memory,First Run,6466.0,2012-10-12,2012-12-31
Q4 2012,8543,Abandoned,Magnolia Pictures,832.0,2012-12-30,2012-12-31
Q4 2012,8553,The Ghastly Love of Johnny X,Strand Releasing,830.0,2012-10-26,2012-12-31
Q4 2012,8556,Cook County,Hannover House,9727.0,2012-12-16,2012-12-31
Q4 2012,8558,To Die Is Hard,Driving With Our Eyes Shut,4549.0,2012-12-17,2012-12-31
Q4 2012,8559,Steve Jobs: The Lost Interview,Magnolia Pictures,86354.0,2012-11-16,2012-12-31
