season,Unnamed: 0,movie,studio,gross,release,time
Q1 2011,7244,Rango,Paramount Pictures,123477607.0,2011-03-04,2011-03-31
Q1 2011,7251,Just Go with It,Sony Pictures Releasing,103028109.0,2011-02-11,2011-03-31
Q1 2011,7255,The Green Hornet,Sony Pictures Releasing,98780042.0,2011-01-14,2011-03-31
Q1 2011,7256,Gnomeo & Juliet,Walt Disney Studios Motion Pictures,99967670.0,2011-02-11,2011-03-31
Q1 2011,7260,Battle Los Angeles,Sony Pictures Releasing,83552429.0,2011-03-11,2011-03-31
Q1 2011,7265,Limitless,Relativity Media,79249455.0,2011-03-18,2011-03-31
Q1 2011,7269,Justin Bieber: Never Say Never,Paramount Pictures,73013910.0,2011-02-11,2011-03-31
Q1 2011,7272,No Strings Attached,Paramount Pictures,70662220.0,2011-01-21,2011-03-31
Q1 2011,7276,Unknown,Warner Bros.,63686397.0,2011-02-18,2011-03-31
Q1 2011,7277,The Adjustment Bureau,Universal Pictures,62495645.0,2011-03-04,2011-03-31
Q1 2011,7280,The Lincoln Lawyer,Lionsgate,58009200.0,2011-03-18,2011-03-31
Q1 2011,7285,I Am Number Four,Walt Disney Studios Motion Pictures,55092830.0,2011-02-18,2011-03-31
Q1 2011,7287,Diary of a Wimpy Kid: Rodrick Rules,Twentieth Century Fox,52682749.0,2011-03-25,2011-03-31
Q1 2011,7292,The Dilemma,Universal Pictures,48475290.0,2011-01-14,2011-03-31
Q1 2011,7294,Hall Pass,Warner Bros.,45060734.0,2011-02-25,2011-03-31
Q1 2011,7305,"Big Mommas: Like Father, Like Son",Twentieth Century Fox,37897605.0,2011-02-18,2011-03-31
Q1 2011,7306,Red Riding Hood,Warner Bros.,37662162.0,2011-03-11,2011-03-31
Q1 2011,7307,Paul,Universal Pictures,37412945.0,2011-03-18,2011-03-31
Q1 2011,7308,The Roommate,Screen Gems,37300107.0,2011-02-04,2011-03-31
Q1 2011,7314,Sucker Punch,Warner Bros.,36392502.0,2011-03-25,2011-03-31
Q1 2011,7322,The Rite,Warner Bros.,33047633.0,2011-01-28,2011-03-31
Q1 2011,7326,The Mechanic,CBS Films,29121498.0,2011-01-28,2011-03-31
Q1 2011,7329,Beastly,CBS Films,27865571.0,2011-03-04,2011-03-31
Q1 2011,7333,Season of the Witch,Relativity Media,24827228.0,2011-01-07,2011-03-31
Q1 2011,7337,Sanctum,Universal Pictures,23209310.0,2011-02-04,2011-03-31
Q1 2011,7344,Mars Needs Moms,Walt Disney Studios Motion Pictures,21193022.0,2011-03-11,2011-03-31
Q1 2011,7347,The Eagle,Focus Features,19490041.0,2011-02-11,2011-03-31
Q1 2011,7368,Jane Eyre,Focus Features,11242660.0,2011-03-11,2011-03-31
Q1 2011,7369,Drive Angry,Summit Entertainment,10721033.0,2011-02-25,2011-03-31
Q1 2011,7371,Win Win,Fox Searchlight Pictures,10150899.0,2011-03-18,2011-03-31
Q1 2011,7383,Hubble 3D,Warner Bros.,52503602.0,2011-03-19,2011-03-31
Q1 2011,7384,Take Me Home Tonight,Relativity Media,6928068.0,2011-03-04,2011-03-31
Q1 2011,7385,Cedar Rapids,Fox Searchlight Pictures,6849722.0,2011-02-11,2011-03-31
Q1 2011,7389,Biutiful,Roadside Attractions,5101237.0,2011-01-28,2011-03-31
Q1 2011,7394,Barney's Version,Sony Pictures Classics,4439201.0,2011-01-14,2011-03-31
Q1 2011,7395,The Company Men,The Weinstein Company,4441272.0,2011-01-21,2011-03-31
Q1 2011,7398,Of Gods and Men,Sony Pictures Classics,3951596.0,2011-02-25,2011-03-31
Q1 2011,7403,From Prada to Nada,Lionsgate,3033623.0,2011-01-28,2011-03-31
Q1 2011,7409,The Way Back,Newmarket Films,2658943.0,2011-01-21,2011-03-31
Q1 2011,7418,Deep Sea,Warner Bros.,46403478.0,2011-03-03,2011-03-31
Q1 2011,7421,Potiche,Music Box Films,1618844.0,2011-03-25,2011-03-31
Q1 2011,7424,I Am,Paladin,1591034.0,2011-02-18,2011-03-31
Q1 2011,7432,The Oscar Nominated Short Films 2011: Live Action,Shorts International,1352152.0,2011-02-11,2011-03-31
Q1 2011,7438,Kill the Irishman,Anchor Bay Films,1188194.0,2011-03-11,2011-03-31
Q1 2011,7442,The Heart Specialist,Freestyle Releasing,1103037.0,2011-01-14,2011-03-31
Q1 2011,7450,Yamla Pagla Deewana,Eros International,993031.0,2011-01-14,2011-03-31
Q1 2011,7459,Red State,SModcast Pictures,1065429.0,2011-03-05,2011-03-31
Q1 2011,7475,Dhobi Ghat,UTV Motion Pictures,576639.0,2011-01-21,2011-03-31
Q1 2011,7479,Oorlogswinter2010 Re-release,Sony Pictures Classics,543100.0,2011-03-18,2011-03-31
Q1 2011,7483,Even the Rain,Vitagraph Films,518017.0,2011-02-18,2011-03-31
Q1 2011,7491,Under the Sea 3D,Warner Bros.,36223935.0,2011-02-13,2011-03-31
Q1 2011,7494,No One Killed Jessica,UTV Motion Pictures,440525.0,2011-01-07,2011-03-31
Q1 2011,7498,The 5th Quarter,Rocky Mountain Pictures,408159.0,2011-03-25,2011-03-31
Q1 2011,7501,Miral,The Weinstein Company,373420.0,2011-03-25,2011-03-31
Q1 2011,7502,Mooz-Lum,Peace Film,369129.0,2011-02-11,2011-03-31
Q1 2011,7513,7 Khoon Maaf,UTV Motion Pictures,270207.0,2011-02-18,2011-03-31
Q1 2011,7517,The Music Never Stopped,Roadside Attractions,258223.0,2011-03-18,2011-03-31
Q1 2011,7525,Happythankyoumoreplease,Anchor Bay Films,216110.0,2011-03-04,2011-03-31
Q1 2011,7528,Ip Man 2,Variance Films,205675.0,2011-01-28,2011-03-31
Q1 2011,7548,Nostalgia for the Light,Icarus Films,163962.0,2011-01-13,2011-03-31
Q1 2011,7552,Cold Weather,IFC Films,141358.0,2011-02-04,2011-03-31
Q1 2011,7559,I Saw the Devil,Magnolia Pictures,129210.0,2011-03-04,2011-03-31
Q1 2011,7583,Vidal Sassoon: The Movie,Phase 4 Films,85974.0,2011-02-11,2011-03-31
Q1 2011,7586,The Robber,Kino International,83451.0,2011-02-03,2011-03-31
Q1 2011,7606,Public Speaking,Rialto Pictures,61341.0,2011-02-23,2011-03-31
Q1 2011,7616,"The Butcher, the Chef, and the Swordsman",China Lion Film Distribution,47896.0,2011-03-18,2011-03-31
Q1 2011,7618,Diary of a Country Priest,Rialto Pictures,46979.0,2011-02-25,2011-03-31
Q1 2011,7623,Every Day,Image Entertainment,46029.0,2011-01-14,2011-03-31
Q1 2011,7628,Desert Flower2009 Re-release,National Geographic Entertainment,44348.0,2011-03-18,2011-03-31
Q1 2011,7633,3 Backyards,Screen Media Films,43073.0,2011-03-11,2011-03-31
Q1 2011,7636,Into Eternity,International Film Circuit,54737.0,2011-02-02,2011-03-31
Q1 2011,7647,Battleship Potemkin,Kino International,50526.0,2011-01-14,2011-03-31
Q1 2011,7653,A Somewhat Gentle Man,Strand Releasing,34936.0,2011-01-14,2011-03-31
Q1 2011,7663,Clash,Variance Films,27052.0,2011-03-11,2011-03-31
Q1 2011,7666,Waiting for Forever,Freestyle Releasing,25517.0,2011-02-04,2011-03-31
Q1 2011,7670,Immigration Tango,Roadside Attractions,24554.0,2011-02-18,2011-03-31
Q1 2011,7676,Vanishing on 7th Street,Magnolia Pictures,22729.0,2011-02-18,2011-03-31
Q1 2011,7677,Black Death,Magnolia Pictures,22554.0,2011-03-11,2011-03-31
Q1 2011,7684,Monogamy,Oscilloscope,21527.0,2011-03-11,2011-03-31
Q1 2011,7690,Brotherhood,Phase 4 Films,19722.0,2011-02-18,2011-03-31
Q1 2011,7691,When We Leave,Olive Films,19631.0,2011-01-28,2011-03-31
Q1 2011,7702,Mia and the Migoo2010 Re-release,GKIDS,16975.0,2011-03-25,2011-03-31
Q1 2011,7703,House,Janus Films,209339.0,2011-01-15,2011-03-31
Q1 2011,7706,Making the Boys,First Run,32737.0,2011-03-11,2011-03-31
Q1 2011,7707,Ong-bak 3,Magnolia Pictures,14890.0,2011-01-14,2011-03-31
Q1 2011,7718,Under the Boardwalk: The Monopoly Story,Tostie Productions,13080.0,2011-03-04,2011-03-31
Q1 2011,7719,See What I'm Saying: The Deaf Entertainers Documentary,Worldplay,116109.0,2011-03-19,2011-03-31
Q1 2011,7721,Phil Ochs: There But for Fortune,First Run,262823.0,2011-01-05,2011-03-31
Q1 2011,7727,Elektra Luxx,The Samuel Goldwyn Company,11514.0,2011-03-11,2011-03-31
Q1 2011,7731,What Women Want,China Lion Film Distribution,10829.0,2011-02-03,2011-03-31
Q1 2011,7736,Shanghai Red2010 Re-release,Indican Pictures,18784.0,2011-02-12,2011-03-31
Q1 2011,7741,How I Ended This Summer,Film Movement,8733.0,2011-02-04,2011-03-31
Q1 2011,7744,The Woodmans,Lorber Films,38666.0,2011-01-19,2011-03-31
Q1 2011,7746,Poetry,Kino International,355566.0,2011-02-11,2011-03-31
Q1 2011,7754,Monsieur Verdoux,The Film Desk,63643.0,2011-03-14,2011-03-31
Q1 2011,7775,Peep World,IFC Films,14351.0,2011-03-25,2011-03-31
Q1 2011,7777,Orgasm Inc.,First Run,48846.0,2011-02-11,2011-03-31
Q1 2011,7799,Putty Hill,The Cinema Guild,49723.0,2011-02-18,2011-03-31
Q1 2011,7811,My Perestroika,International Film Circuit,241311.0,2011-03-23,2011-03-31
Q1 2011,7813,Bonnie & Clyde vs. Dracula,Indican Pictures,24413.0,2011-03-11,2011-03-31
Q1 2011,7819,Now & Later,Cinema Libre Studio,1808.0,2011-02-18,2011-03-31
Q1 2011,7824,Korkoro,Lorber Films,6305.0,2011-03-25,2011-03-31
Q1 2011,7829,Carancho,Strand Releasing,85037.0,2011-02-11,2011-03-31
Q1 2011,7835,Plastic Planet,First Run,2202.0,2011-01-14,2011-03-31
Q1 2011,7836,White Irish Drinkers,Screen Media Films,22678.0,2011-03-25,2011-03-31
Q1 2011,7840,Zero Bridge,The Film Desk,10171.0,2011-02-16,2011-03-31
Q1 2011,7842,Illégal,Film Movement,651.0,2011-03-25,2011-03-31
Q1 2011,7843,Brutal Beauty: Tales of the Rose City Rollers,Cinema Purgatorio,8784.0,2011-01-08,2011-03-31
Q1 2011,7847,Promised Lands,The Film Desk,4261.0,2011-02-05,2011-03-31
Q1 2011,7849,The Girl with the Dragon Tattoo,Music Box Films,10095033.0,2011-03-19,2011-03-31
Q2 2011,7226,Transformers: Dark of the Moon,DreamWorks,352390543.0,2011-06-29,2011-06-30
Q2 2011,7228,The Hangover Part II,Warner Bros.,254464305.0,2011-05-26,2011-06-30
Q2 2011,7229,Pirates of the Caribbean: On Stranger Tides,Walt Disney Studios Motion Pictures,237710309.0,2011-05-20,2011-06-30
Q2 2011,7230,Fast Five,Universal Pictures,209837675.0,2011-04-29,2011-06-30
Q2 2011,7231,Cars 2,Walt Disney Studios Motion Pictures,191393981.0,2011-06-24,2011-06-30
Q2 2011,7232,Thor,Paramount Pictures,181030624.0,2011-05-06,2011-06-30
Q2 2011,7235,Bridesmaids,Universal Pictures,169106725.0,2011-05-13,2011-06-30
Q2 2011,7237,Kung Fu Panda 2,DreamWorks,165249063.0,2011-05-26,2011-06-30
Q2 2011,7238,X-Men: First Class,Twentieth Century Fox,146372861.0,2011-06-03,2011-06-30
Q2 2011,7240,Rio,Twentieth Century Fox,143619809.0,2011-04-15,2011-06-30
Q2 2011,7242,Super 8,Paramount Pictures,127004179.0,2011-06-10,2011-06-30
Q2 2011,7248,Green Lantern,Warner Bros.,116601172.0,2011-06-17,2011-06-30
Q2 2011,7249,Hop,Universal Pictures,108085305.0,2011-04-01,2011-06-30
Q2 2011,7254,Bad Teacher,Sony Pictures Releasing,100292856.0,2011-06-24,2011-06-30
Q2 2011,7273,Mr. Popper's Penguins,Twentieth Century Fox,68224452.0,2011-06-17,2011-06-30
Q2 2011,7279,Water for Elephants,Twentieth Century Fox,58684819.0,2011-04-22,2011-06-30
Q2 2011,7282,Source Code,Summit Entertainment,54712227.0,2011-04-01,2011-06-30
Q2 2011,7284,Insidious,FilmDistrict,54009150.0,2011-04-01,2011-06-30
Q2 2011,7286,Madea's Big Happy Family,Lionsgate,53345287.0,2011-04-22,2011-06-30
Q2 2011,7301,Hanna,Focus Features,40259119.0,2011-04-08,2011-06-30
Q2 2011,7302,Something Borrowed,Warner Bros.,39046489.0,2011-05-06,2011-06-30
Q2 2011,7323,Arthur,Warner Bros.,33035397.0,2011-04-08,2011-06-30
Q2 2011,7327,Priest,Screen Gems,29136626.0,2011-05-13,2011-06-30
Q2 2011,7341,Your Highness,Universal Pictures,21596445.0,2011-04-08,2011-06-30
Q2 2011,7349,Space Station 3D,IMAX,93379882.0,2011-04-19,2011-06-30
Q2 2011,7350,Midnight in Paris,Sony Pictures Classics,56817045.0,2011-05-20,2011-06-30
Q2 2011,7356,Born to Be Wild,Warner Bros.,25921547.0,2011-04-08,2011-06-30
Q2 2011,7357,Judy Moody and the Not Bummer Summer,Relativity Media,15013650.0,2011-06-10,2011-06-30
Q2 2011,7358,African Cats,Walt Disney Studios Motion Pictures,14800748.0,2011-04-22,2011-06-30
Q2 2011,7362,The Tree of Life,Fox Searchlight Pictures,13303319.0,2011-05-27,2011-06-30
Q2 2011,7366,The Conspirator,Roadside Attractions,11538204.0,2011-04-15,2011-06-30
Q2 2011,7372,Hoodwinked!2011 Re-release,The Weinstein Company,10143779.0,2011-04-29,2011-06-30
Q2 2011,7376,Prom,Walt Disney Studios Motion Pictures,9882744.0,2011-04-29,2011-06-30
Q2 2011,7386,Beginners,Focus Features,5790894.0,2011-06-03,2011-06-30
Q2 2011,7401,The King's SpeechPG-13 Version,The Weinstein Company,3344306.0,2011-04-01,2011-06-30
Q2 2011,7406,Atlas Shrugged: Part I,Rocky Mountain Pictures,4627375.0,2011-04-15,2011-06-30
Q2 2011,7407,Cave of Forgotten Dreams,IFC Films,5304920.0,2011-04-29,2011-06-30
Q2 2011,7408,Everything Must Go,Roadside Attractions,2711643.0,2011-05-13,2011-06-30
Q2 2011,7413,Incendies,Sony Pictures Classics,2071334.0,2011-04-22,2011-06-30
Q2 2011,7417,A Better Life,Summit Entertainment,1759252.0,2011-06-24,2011-06-30
Q2 2011,7427,The Double Hour,The Samuel Goldwyn Company,1514942.0,2011-04-15,2011-06-30
Q2 2011,7429,The Art of Getting By,Fox Searchlight Pictures,1427954.0,2011-06-17,2011-06-30
Q2 2011,7434,"It's Not You, It's Me",Lionsgate,1339911.0,2011-04-08,2011-06-30
Q2 2011,7445,There Be Dragons,The Samuel Goldwyn Company,1069334.0,2011-05-06,2011-06-30
Q2 2011,7447,Page One: Inside the New York Times,Magnolia Pictures,1067028.0,2011-06-17,2011-06-30
Q2 2011,7449,In a Better World,Sony Pictures Classics,1008098.0,2011-04-01,2011-06-30
Q2 2011,7452,Meek's Cutoff,Oscilloscope,977772.0,2011-04-08,2011-06-30
Q2 2011,7453,The Beaver,Summit Entertainment,970816.0,2011-05-06,2011-06-30
Q2 2011,7454,Ready,Eros International,955148.0,2011-06-03,2011-06-30
Q2 2011,7462,The Lord of the Rings: The Return of the King2011 Re-release,Warner Bros.,818580.0,2011-06-28,2011-06-30
Q2 2011,7463,13 Assassins,Magnolia Pictures,802778.0,2011-04-29,2011-06-30
Q2 2011,7464,The Lord of the Rings: The Fellowship of the Ring2011 Re-release,Warner Bros.,768580.0,2011-06-14,2011-06-30
Q2 2011,7465,The Lord of the Rings: The Two Towers2011 Re-release,Warner Bros.,764607.0,2011-06-21,2011-06-30
Q2 2011,7477,Dum Maaro Dum,Fox Searchlight Pictures,563479.0,2011-04-22,2011-06-30
Q2 2011,7478,Double Dhamaal,Reliance Big Pictures,543646.0,2011-06-24,2011-06-30
Q2 2011,7484,The Names of Love,Music Box Films,514237.0,2011-06-24,2011-06-30
Q2 2011,7487,Queen to Play,Zeitgeist Films,478710.0,2011-04-01,2011-06-30
Q2 2011,7488,Submarine,The Weinstein Company,467602.0,2011-06-03,2011-06-30
Q2 2011,7490,Thank You,UTV Motion Pictures,463540.0,2011-04-08,2011-06-30
Q2 2011,7500,Turtle: The Incredible Journey,Hannover House,386073.0,2011-06-24,2011-06-30
Q2 2011,7507,Winter's Bone,Roadside Attractions,6531503.0,2011-06-11,2011-06-30
Q2 2011,7514,Conan O'Brien Can't Stop,Abramorama,267965.0,2011-06-24,2011-06-30
Q2 2011,7519,Passione,Abramorama,255355.0,2011-06-22,2011-06-30
Q2 2011,7520,Trollhunter,Magnolia Pictures,253444.0,2011-06-10,2011-06-30
Q2 2011,7533,Hobo with a Shotgun,Magnolia Pictures,703372.0,2011-05-06,2011-06-30
Q2 2011,7537,Go for It!,Lionsgate,180237.0,2011-05-13,2011-06-30
Q2 2011,7541,The Last Godfather,Roadside Attractions,164247.0,2011-04-01,2011-06-30
Q2 2011,7547,Beginning of the Great Revival,China Lion Film Distribution,151000.0,2011-06-24,2011-06-30
Q2 2011,7554,Game,Eros International,139528.0,2011-04-01,2011-06-30
Q2 2011,7561,The Last Mountain,Dada Films,122961.0,2011-06-03,2011-06-30
Q2 2011,7567,35 and Ticking,Image Entertainment,113794.0,2011-05-20,2011-06-30
Q2 2011,7571,Rubber,Magnolia Pictures,100370.0,2011-04-01,2011-06-30
Q2 2011,7572,Rejoice and Shout,Magnolia Pictures,100237.0,2011-06-03,2011-06-30
Q2 2011,7574,Last Night,Tribeca Film,99000.0,2011-05-06,2011-06-30
Q2 2011,7578,Chalo Dilli,Eros International,94300.0,2011-04-29,2011-06-30
Q2 2011,7579,The Man Who Fell to Earth,Rialto Pictures,100072.0,2011-06-24,2011-06-30
Q2 2011,7581,Exporting Raymond,The Samuel Goldwyn Company,87727.0,2011-04-29,2011-06-30
Q2 2011,7587,Beautiful Boy,Anchor Bay Films,77247.0,2011-06-03,2011-06-30
Q2 2011,7588,Jig,Screen Media Films,182507.0,2011-06-17,2011-06-30
Q2 2011,7596,A Beautiful Life,China Lion Film Distribution,66171.0,2011-05-20,2011-06-30
Q2 2011,7598,Battle of the Brides,Variance Films,64572.0,2011-05-06,2011-06-30
Q2 2011,7601,If a Tree Falls: A Story of the Earth Liberation Front,Oscilloscope,61794.0,2011-06-22,2011-06-30
Q2 2011,7613,Legend of the Fist: The Return of Chen Zhen,Variance Films,50433.0,2011-04-22,2011-06-30
Q2 2011,7615,Love U... Mr. Kalakaar!,Eros International,48557.0,2011-05-13,2011-06-30
Q2 2011,7624,Went the Day Well?,Rialto Pictures,46048.0,2011-05-20,2011-06-30
Q2 2011,7641,Summer2011 Re-release,The Film Desk,43323.0,2011-06-09,2011-06-30
Q2 2011,7646,Dogtooth,Kino International,107040.0,2011-06-25,2011-06-30
Q2 2011,7648,Meet Monica Velour,Anchor Bay Films,33042.0,2011-04-08,2011-06-30
Q2 2011,7658,The Topp Twins: Untouchable Girls2011 Re-release,Argot Pictures,29316.0,2011-05-13,2011-06-30
Q2 2011,7667,Pianomania,First Run,49534.0,2011-05-27,2011-06-30
Q2 2011,7672,Feed the Fish,Strand Releasing,101035.0,2011-04-23,2011-06-30
Q2 2011,7680,Ceremony,Magnolia Pictures,22270.0,2011-04-08,2011-06-30
Q2 2011,7685,Always Kabhi Kabhi,Eros International,21381.0,2011-06-17,2011-06-30
Q2 2011,7689,!Women Art Revolution,Zeitgeist Films,52681.0,2011-06-01,2011-06-30
Q2 2011,7692,Skateland,Freestyle Releasing,19411.0,2011-05-13,2011-06-30
Q2 2011,7696,Battle for Brooklyn,Rumur Releasing,18000.0,2011-06-17,2011-06-30
Q2 2011,7700,City of Life and Death,Kino International,121681.0,2011-05-11,2011-06-30
Q2 2011,7711,Sympathy for Delicious,Maya Entertainment,13826.0,2011-04-29,2011-06-30
Q2 2011,7713,Carbon Nation,Clay Way Media,15057.0,2011-05-07,2011-06-30
Q2 2011,7720,Bloodworth,The Samuel Goldwyn Company,12971.0,2011-05-20,2011-06-30
Q2 2011,7722,Beautiful Darling,Corinth Films,12406.0,2011-04-22,2011-06-30
Q2 2011,7729,October,New Yorker Films,32127.0,2011-05-06,2011-06-30
Q2 2011,7749,I'm Not Jesus Mommy,FilmDemic,12620.0,2011-05-06,2011-06-30
Q2 2011,7750,Film socialisme2010 Re-release,Lorber Films,36495.0,2011-06-03,2011-06-30
Q2 2011,7758,The Arbor,Strand Releasing,19563.0,2011-04-27,2011-06-30
Q2 2011,7761,Cameraman: The Life and Work of Jack Cardiff,Strand Releasing,16185.0,2011-05-13,2011-06-30
Q2 2011,7763,Le Amiche,The Film Desk,68167.0,2011-06-18,2011-06-30
Q2 2011,7767,The Cremaster Cycle2010 Re-release,International Film Circuit,146019.0,2011-04-09,2011-06-30
Q2 2011,7771,How to Live Forever,Variance Films,58925.0,2011-05-13,2011-06-30
Q2 2011,7773,Circo,First Run,73869.0,2011-04-01,2011-06-30
Q2 2011,7774,"Tuesday, After Christmas",Lorber Films,27813.0,2011-05-25,2011-06-30
Q2 2011,7778,Viva Riva!,Music Box Films,58419.0,2011-06-10,2011-06-30
Q2 2011,7780,Armadillo,Lorber Films,14566.0,2011-04-15,2011-06-30
Q2 2011,7782,Caterpillar,Lorber Films,4157.0,2011-05-06,2011-06-30
Q2 2011,7787,Passion Play,Image Entertainment,3669.0,2011-05-06,2011-06-30
Q2 2011,7792,Leap Year,Strand Releasing,12979.0,2011-06-24,2011-06-30
Q2 2011,7797,The Imperialists Are Still Alive!,IFC Films,5874.0,2011-04-15,2011-06-30
Q2 2011,7800,Zokkomon,UTV Motion Pictures,2815.0,2011-04-22,2011-06-30
Q2 2011,7801,The Trip,IFC Films,2030962.0,2011-06-10,2011-06-30
Q2 2011,7806,United Red Army2011 Re-release,Lorber Films,2659.0,2011-05-27,2011-06-30
Q2 2011,7816,Aurora,The Cinema Guild,5558.0,2011-06-29,2011-06-30
Q2 2011,7826,Small Town Murder Songs,Monterey Media,31133.0,2011-06-03,2011-06-30
Q2 2011,7831,Strangers Online,Breaking Glass Pictures,968.0,2011-06-24,2011-06-30
Q2 2011,7832,Rosencrantz and Guildenstern Are Undead,Indican Pictures,70563.0,2011-06-04,2011-06-30
Q2 2011,7837,American Grindhouse,Lorber Films,3598.0,2011-06-18,2011-06-30
Q2 2011,7853,American: The Bill Hicks Story,Variance Films,91326.0,2011-04-08,2011-06-30
Q3 2011,7225,Harry Potter and the Deathly Hallows: Part 2,Warner Bros.,381011219.0,2011-07-15,2011-09-30
Q3 2011,7233,Captain America: The First Avenger,Paramount Pictures,176654505.0,2011-07-22,2011-09-30
Q3 2011,7234,Rise of the Planet of the Apes,Twentieth Century Fox,176760185.0,2011-08-05,2011-09-30
Q3 2011,7236,The Help,Walt Disney Studios Motion Pictures,169708112.0,2011-08-10,2011-09-30
Q3 2011,7241,The Smurfs,Sony Pictures Releasing,142614158.0,2011-07-29,2011-09-30
Q3 2011,7247,Horrible Bosses,Warner Bros.,117538559.0,2011-07-08,2011-09-30
Q3 2011,7253,Cowboys & Aliens,Universal Pictures,100240551.0,2011-07-29,2011-09-30
Q3 2011,7257,The Lion King2011 3D Release,Walt Disney Studios Motion Pictures,94242001.0,2011-09-16,2011-09-30
Q3 2011,7259,"Crazy, Stupid, Love.",Warner Bros.,84351197.0,2011-07-29,2011-09-30
Q3 2011,7264,Zookeeper,Sony Pictures Releasing,80360843.0,2011-07-08,2011-09-30
Q3 2011,7267,Contagion,Warner Bros.,75658097.0,2011-09-09,2011-09-30
Q3 2011,7268,Moneyball,Sony Pictures Releasing,75605492.0,2011-09-23,2011-09-30
Q3 2011,7270,Dolphin Tale,Warner Bros.,72286779.0,2011-09-23,2011-09-30
Q3 2011,7281,Friends with Benefits,Screen Gems,55802754.0,2011-07-22,2011-09-30
Q3 2011,7298,Final Destination 5,Warner Bros.,42587643.0,2011-08-12,2011-09-30
Q3 2011,7310,The Change-Up,Universal Pictures,37081475.0,2011-08-05,2011-09-30
Q3 2011,7311,30 Minutes or Less,Sony Pictures Releasing,37053924.0,2011-08-12,2011-09-30
Q3 2011,7317,Larry Crowne,Universal Pictures,35608245.0,2011-07-01,2011-09-30
Q3 2011,7318,50/50,Summit Entertainment,35014192.0,2011-09-30,2011-09-30
Q3 2011,7320,Drive,FilmDistrict,35061555.0,2011-09-16,2011-09-30
Q3 2011,7325,The Debt,Focus Features,31177548.0,2011-08-31,2011-09-30
Q3 2011,7328,Abduction,Lionsgate,28087155.0,2011-09-23,2011-09-30
Q3 2011,7331,Killer Elite,Open Road Films (II),25124966.0,2011-09-23,2011-09-30
Q3 2011,7332,Winnie the Pooh,Walt Disney Studios Motion Pictures,24908064.0,2011-07-15,2011-09-30
Q3 2011,7334,Our Idiot Brother,The Weinstein Company,24816118.0,2011-08-26,2011-09-30
Q3 2011,7336,Don't Be Afraid of the Dark,FilmDistrict,24046682.0,2011-08-26,2011-09-30
Q3 2011,7338,Monte Carlo,Twentieth Century Fox,23186769.0,2011-07-01,2011-09-30
Q3 2011,7342,Dream House,Universal Pictures,21302340.0,2011-09-30,2011-09-30
Q3 2011,7343,Conan the Barbarian,Lionsgate,21295021.0,2011-08-19,2011-09-30
Q3 2011,7348,Shark Night 3D,Relativity Media,18877153.0,2011-09-02,2011-09-30
Q3 2011,7353,Fright Night,Walt Disney Studios Motion Pictures,18302607.0,2011-08-19,2011-09-30
Q3 2011,7359,One Day,Focus Features,13843771.0,2011-08-19,2011-09-30
Q3 2011,7360,Warrior,Lionsgate,13657115.0,2011-09-09,2011-09-30
Q3 2011,7361,What's Your Number?,Twentieth Century Fox,14011084.0,2011-09-30,2011-09-30
Q3 2011,7364,Glee: The 3D Concert Movie,Twentieth Century Fox,11839236.0,2011-08-12,2011-09-30
Q3 2011,7370,Straw Dogs,Screen Gems,10324441.0,2011-09-16,2011-09-30
Q3 2011,7374,I Don't Know How She Does It,The Weinstein Company,9662284.0,2011-09-16,2011-09-30
Q3 2011,7381,Kevin Hart: Laugh at My Pain,Codeblack Entertainment,7705965.0,2011-09-09,2011-09-30
Q3 2011,7382,Sarah's Key,The Weinstein Company,7693187.0,2011-07-22,2011-09-30
Q3 2011,7387,The Guard,Sony Pictures Classics,5360274.0,2011-07-29,2011-09-30
Q3 2011,7396,Seven Days in Utopia,Visio Entertainment,4367448.0,2011-09-02,2011-09-30
Q3 2011,7402,Zindagi Na Milegi Dobara,Eros International,3108485.0,2011-07-15,2011-09-30
Q3 2011,7410,Bucky Larson: Born to Be a Star,Sony Pictures Releasing,2529395.0,2011-09-09,2011-09-30
Q3 2011,7416,Bodyguard,Reliance Big Pictures,1834384.0,2011-08-31,2011-09-30
Q3 2011,7419,Take Shelter,Sony Pictures Classics,1730296.0,2011-09-30,2011-09-30
Q3 2011,7426,Delhi Belly,UTV Motion Pictures,1532594.0,2011-07-01,2011-09-30
Q3 2011,7430,Saving Private Perez,Lionsgate,1400726.0,2011-09-02,2011-09-30
Q3 2011,7431,The Devil's Double,Lionsgate,1361512.0,2011-07-29,2011-09-30
Q3 2011,7433,Snow Flower and the Secret Fan,Fox Searchlight Pictures,1343069.0,2011-07-15,2011-09-30
Q3 2011,7435,Another Earth,Fox Searchlight Pictures,1321194.0,2011-07-22,2011-09-30
Q3 2011,7437,"Beats, Rhymes & Life: The Travels of A Tribe Called Quest",Sony Pictures Classics,1200326.0,2011-07-08,2011-09-30
Q3 2011,7441,The Whistleblower,The Samuel Goldwyn Company,1124966.0,2011-08-05,2011-09-30
Q3 2011,7448,Attack the Block,Screen Gems,1024175.0,2011-07-29,2011-09-30
Q3 2011,7460,Sholem Aleichem: Laughing in the Darkness,International Film Circuit,899736.0,2011-07-08,2011-09-30
Q3 2011,7461,Higher Ground2011 Re-release,Sony Pictures Classics,841733.0,2011-08-26,2011-09-30
Q3 2011,7466,Mausam,Eros International,728316.0,2011-09-23,2011-09-30
Q3 2011,7467,Point Blank,Magnolia Pictures,708215.0,2011-07-29,2011-09-30
Q3 2011,7468,The Hedgehog2009 Re-release,NeoClassics Films,707945.0,2011-08-19,2011-09-30
Q3 2011,7471,Mozart's Sister,Music Box Films,705504.0,2011-08-19,2011-09-30
Q3 2011,7472,Terri,ATO Pictures,655802.0,2011-07-01,2011-09-30
Q3 2011,7473,Aarakshan,Reliance Big Pictures,651096.0,2011-08-12,2011-09-30
Q3 2011,7476,The Future,Roadside Attractions,568662.0,2011-07-29,2011-09-30
Q3 2011,7480,Love Crime,IFC Films,539792.0,2011-09-02,2011-09-30
Q3 2011,7481,Machine Gun Preacher,Relativity Media,538690.0,2011-09-23,2011-09-30
Q3 2011,7493,Circumstance,Roadside Attractions,454121.0,2011-08-26,2011-09-30
Q3 2011,7496,Despicable Me,Universal Pictures,251513985.0,2011-07-09,2011-09-30
Q3 2011,7497,Project Nim,Roadside Attractions,411184.0,2011-07-08,2011-09-30
Q3 2011,7503,Singham,Reliance Big Pictures,350864.0,2011-07-22,2011-09-30
Q3 2011,7504,Poema de salvación,CanZion Films,914200.0,2011-08-27,2011-09-30
Q3 2011,7509,Pearl Jam Twenty,Abramorama,471334.0,2011-09-20,2011-09-30
Q3 2011,7510,The Interrupters,The Cinema Guild,278239.0,2011-07-29,2011-09-30
Q3 2011,7516,Munger Road,Freestyle Releasing,266689.0,2011-09-30,2011-09-30
Q3 2011,7521,War of the Arrows,CJ Entertainment,251200.0,2011-09-30,2011-09-30
Q3 2011,7524,Tucker and Dale vs Evil,Magnolia Pictures,223838.0,2011-09-30,2011-09-30
Q3 2011,7529,"Filth to Ashes, Flesh to Dust",Nocturnal Features,202531.0,2011-09-30,2011-09-30
Q3 2011,7531,A Good Old Fashioned Orgy,The Samuel Goldwyn Company,200227.0,2011-09-02,2011-09-30
Q3 2011,7534,Legend of the Guardians: The Owls of Ga'Hoole,Warner Bros.,55675313.0,2011-09-24,2011-09-30
Q3 2011,7535,Bol,Eros International,188850.0,2011-08-31,2011-09-30
Q3 2011,7538,Amigo,Variance Films,183597.0,2011-08-19,2011-09-30
Q3 2011,7540,Bellflower,Oscilloscope,168226.0,2011-08-05,2011-09-30
Q3 2011,7542,Restless,Sony Pictures Classics,163265.0,2011-09-16,2011-09-30
Q3 2011,7546,Magic Trip: Ken Kesey's Search for a Kool Place,Magnolia Pictures,154521.0,2011-08-05,2011-09-30
Q3 2011,7550,Thunder Soul,Roadside Attractions,143986.0,2011-09-23,2011-09-30
Q3 2011,7565,The Undefeated,Arc Entertainment,116381.0,2011-07-15,2011-09-30
Q3 2011,7568,Mysteries of Lisbon,Music Box Films,110507.0,2011-08-05,2011-09-30
Q3 2011,7576,A Little Help,Freestyle Releasing,96868.0,2011-07-22,2011-09-30
Q3 2011,7580,Gun Hill Road,Motion Film Group,145120.0,2011-08-05,2011-09-30
Q3 2011,7591,The Tree,Zeitgeist Films,71158.0,2011-07-15,2011-09-30
Q3 2011,7593,Puncture,Millennium Entertainment,68945.0,2011-09-23,2011-09-30
Q3 2011,7594,Get Low,Sony Pictures Classics,9176933.0,2011-07-30,2011-09-30
Q3 2011,7597,Shaolin,Variance Films,66099.0,2011-09-09,2011-09-30
Q3 2011,7602,Enemies of the People,International Film Circuit,71855.0,2011-07-30,2011-09-30
Q3 2011,7604,Limelight,Magnolia Pictures,60335.0,2011-09-23,2011-09-30
Q3 2011,7607,Finding Joe,Balcony Releasing,55518.0,2011-09-30,2011-09-30
Q3 2011,7612,Undertow,The Film Collaborative,102990.0,2011-09-17,2011-09-30
Q3 2011,7614,The Perfect Host,Magnolia Pictures,48764.0,2011-07-01,2011-09-30
Q3 2011,7620,"Connected: An Autoblogography About Love, Death & Technology",Paladin,46782.0,2011-09-16,2011-09-30
Q3 2011,7626,"Happy, Happy",Magnolia Pictures,45154.0,2011-09-16,2011-09-30
Q3 2011,7629,Magnificent Desolation: Walking on the Moon 3D,IMAX,34136978.0,2011-09-23,2011-09-30
Q3 2011,7632,Love Etc.,Paladin,43593.0,2011-07-01,2011-09-30
Q3 2011,7634,Margaret,Fox Searchlight Pictures,43058.0,2011-09-30,2011-09-30
Q3 2011,7638,The Last Circus,Magnolia Pictures,40548.0,2011-08-19,2011-09-30
Q3 2011,7639,CornerStore,Shotown Pictures,40409.0,2011-08-12,2011-09-30
Q3 2011,7643,My Kingdom,China Lion Film Distribution,36533.0,2011-09-09,2011-09-30
Q3 2011,7645,Love in Space,China Lion Film Distribution,34787.0,2011-09-09,2011-09-30
Q3 2011,7650,Howl,Oscilloscope,617334.0,2011-09-24,2011-09-30
Q3 2011,7651,The Town,Warner Bros.,92186262.0,2011-09-17,2011-09-30
Q3 2011,7654,Muran,UTV Motion Pictures,30116.0,2011-09-30,2011-09-30
Q3 2011,7655,Evidence of a Haunting,Nocturnal Features,29904.0,2011-08-26,2011-09-30
Q3 2011,7657,Redemption Road,Freestyle Releasing,29384.0,2011-08-26,2011-09-30
Q3 2011,7659,Animal Kingdom,Sony Pictures Classics,1044039.0,2011-08-13,2011-09-30
Q3 2011,7660,Salvation Boulevard,IFC Films,28468.0,2011-07-15,2011-09-30
Q3 2011,7665,Caesar and Otto's Summer Camp Massacre,Nocturnal Features,25844.0,2011-09-16,2011-09-30
Q3 2011,7675,You Will Meet a Tall Dark Stranger,Sony Pictures Classics,3248246.0,2011-09-22,2011-09-30
Q3 2011,7678,Nine Nation Animation,The World According to Shorts,37528.0,2011-09-29,2011-09-30
Q3 2011,7679,Incendiary,Truly Indie,22457.0,2011-09-23,2011-09-30
Q3 2011,7683,Kings of Pastry,First Run,336095.0,2011-09-15,2011-09-30
Q3 2011,7686,Resurrect Dead: The Mystery of the Toynbee Tiles,Argot Pictures,21098.0,2011-09-02,2011-09-30
Q3 2011,7694,Mesrine Part 1: Killer Instinct2010 Re-release,Music Box Films,551697.0,2011-08-27,2011-09-30
Q3 2011,7695,Inception,Warner Bros.,292576195.0,2011-07-16,2011-09-30
Q3 2011,7697,Murder 2,Eros International,59472.0,2011-07-08,2011-09-30
Q3 2011,7698,5 Days of War,Anchor Bay Films,17479.0,2011-08-19,2011-09-30
Q3 2011,7699,Archie's Final Project,Rocket Releasing,17282.0,2011-09-23,2011-09-30
Q3 2011,7709,Saheb Biwi Aur Gangster,UTV Motion Pictures,14231.0,2011-09-30,2011-09-30
Q3 2011,7714,Benda Bilili!,National Geographic Entertainment,13420.0,2011-09-30,2011-09-30
Q3 2011,7716,Mesrine Part 2: Public Enemy #12010 Re-release,Music Box Films,275387.0,2011-09-03,2011-09-30
Q3 2011,7717,Littlerock,Variance Films,16498.0,2011-08-12,2011-09-30
Q3 2011,7723,Rebirth,Oscilloscope,12358.0,2011-08-31,2011-09-30
Q3 2011,7730,Sarah Palin: You Betcha!,Freestyle Releasing,10935.0,2011-09-30,2011-09-30
Q3 2011,7733,Tabloid,IFC Films,696921.0,2011-07-15,2011-09-30
Q3 2011,7735,A Bird of the Air,Paladin,10152.0,2011-09-23,2011-09-30
Q3 2011,7737,Rapt2011 Re-release,Lorber Films,43961.0,2011-07-06,2011-09-30
Q3 2011,7739,The Woman with the 5 Elephants2011 Re-release,The Cinema Guild,9666.0,2011-07-20,2011-09-30
Q3 2011,7740,Alamar,Film Movement,61436.0,2011-07-14,2011-09-30
Q3 2011,7742,Lucky,Phase 4 Films,8564.0,2011-07-15,2011-09-30
Q3 2011,7751,Good Neighbours,Magnolia Pictures,7072.0,2011-07-29,2011-09-30
Q3 2011,7760,Chillar Party,UTV Motion Pictures,6330.0,2011-07-08,2011-09-30
Q3 2011,7762,Granito,International Film Circuit,38340.0,2011-09-14,2011-09-30
Q3 2011,7764,The Family Tree,Entertainment One,6035.0,2011-08-26,2011-09-30
Q3 2011,7766,Special Treatment,First Run,8512.0,2011-08-26,2011-09-30
Q3 2011,7770,Tanner Hall,Anchor Bay Films,5073.0,2011-09-09,2011-09-30
Q3 2011,7772,Mississippi Mermaid,The Film Desk,31413.0,2011-07-10,2011-09-30
Q3 2011,7781,The Sleeping Beauty,Strand Releasing,28240.0,2011-07-08,2011-09-30
Q3 2011,7784,Around a Small Mountain,The Cinema Guild,32584.0,2011-07-09,2011-09-30
Q3 2011,7785,Ranchero,Indican Pictures,20163.0,2011-07-08,2011-09-30
Q3 2011,7786,The Harvest/La Cosecha,Cinema Libre Studio,3709.0,2011-07-29,2011-09-30
Q3 2011,7791,Four Adventures of Reinette and Mirabelle,The Film Desk,21632.0,2011-07-20,2011-09-30
Q3 2011,7794,Protector2010 Re-release,Film Movement,2968.0,2011-08-05,2011-09-30
Q3 2011,7808,Main Street,Magnolia Pictures,2560.0,2011-09-09,2011-09-30
Q3 2011,7812,The Pool Boys,Cinedigm Entertainment Group,2269.0,2011-09-30,2011-09-30
Q3 2011,7815,The Worst Movie Ever!,Driving With Our Eyes Shut,23696.0,2011-08-19,2011-09-30
Q3 2011,7821,The Autobiography of Nicolae Ceausescu,The Film Desk,29272.0,2011-09-09,2011-09-30
Q3 2011,7823,The Tunnel,Blackrock Films,1532.0,2011-08-05,2011-09-30
Q3 2011,7825,Daylight,Cinema Purgatorio,4171.0,2011-07-15,2011-09-30
Q3 2011,7827,Inferno,Flicker Alley,24328.0,2011-07-16,2011-09-30
Q3 2011,7828,Romeos,Strand Releasing,1081.0,2011-09-16,2011-09-30
Q3 2011,7833,I'm Glad My Mother Is Alive,Strand Releasing,8558.0,2011-09-02,2011-09-30
Q3 2011,7838,The Afterlight,Cinema Purgatorio,3059.0,2011-09-10,2011-09-30
Q3 2011,7841,My Joy,Kino Lorber,5560.0,2011-09-30,2011-09-30
Q3 2011,7846,Picture Me,Strand Releasing,12008.0,2011-09-17,2011-09-30
Q3 2011,7851,InSight,Check Entertainment,11100.0,2011-09-02,2011-09-30
Q4 2011,7227,The Twilight Saga: Breaking Dawn - Part 1,Summit Entertainment,281287133.0,2011-11-18,2011-12-31
Q4 2011,7239,Puss in Boots,DreamWorks,149260504.0,2011-10-28,2011-12-31
Q4 2011,7243,Sherlock Holmes: A Game of Shadows,Warner Bros.,186848418.0,2011-12-16,2011-12-31
Q4 2011,7245,Mission: Impossible - Ghost Protocol,Paramount Pictures,209397903.0,2011-12-16,2011-12-31
Q4 2011,7246,The King's Speech,The Weinstein Company,135453143.0,2011-11-26,2011-12-31
Q4 2011,7250,Paranormal Activity 3,Paramount Pictures,104028807.0,2011-10-21,2011-12-31
Q4 2011,7252,True Grit,Paramount Pictures,171243005.0,2011-12-22,2011-12-31
Q4 2011,7258,Alvin and the Chipmunks: Chipwrecked,Twentieth Century Fox,133110742.0,2011-12-16,2011-12-31
Q4 2011,7261,Real Steel,Walt Disney Studios Motion Pictures,85468508.0,2011-10-07,2011-12-31
Q4 2011,7262,Immortals,Relativity Media,83504017.0,2011-11-11,2011-12-31
Q4 2011,7263,The Muppets,Walt Disney Studios Motion Pictures,88631237.0,2011-11-23,2011-12-31
Q4 2011,7266,Tower Heist,Universal Pictures,78046570.0,2011-11-04,2011-12-31
Q4 2011,7271,Jack and Jill,Sony Pictures Releasing,74158157.0,2011-11-11,2011-12-31
Q4 2011,7274,Black Swan,Fox Searchlight Pictures,106950757.0,2011-12-03,2011-12-31
Q4 2011,7275,Little Fockers,Universal Pictures,148438600.0,2011-12-22,2011-12-31
Q4 2011,7278,Happy Feet Two,Warner Bros.,64006466.0,2011-11-18,2011-12-31
Q4 2011,7283,The Fighter,Paramount Pictures,93617009.0,2011-12-10,2011-12-31
Q4 2011,7288,TRON: Legacy,Walt Disney Studios Motion Pictures,170669481.0,2011-12-17,2011-12-31
Q4 2011,7289,Footloose2011 Re-release,Paramount Pictures,51802742.0,2011-10-14,2011-12-31
Q4 2011,7290,The Girl with the Dragon Tattoo,Sony Pictures Releasing,102515793.0,2011-12-21,2011-12-31
Q4 2011,7291,Hugo,Paramount Pictures,73864507.0,2011-11-23,2011-12-31
Q4 2011,7293,Arthur Christmas,Sony Pictures Releasing,46462469.0,2011-11-23,2011-12-31
Q4 2011,7295,New Year's Eve,Warner Bros.,54544638.0,2011-12-09,2011-12-31
Q4 2011,7297,Yogi Bear,Warner Bros.,100246011.0,2011-12-17,2011-12-31
Q4 2011,7299,The Ides of March,Sony Pictures Releasing,40962534.0,2011-10-07,2011-12-31
Q4 2011,7300,The Adventures of Tintin,Paramount Pictures,77591831.0,2011-12-21,2011-12-31
Q4 2011,7312,We Bought a Zoo,Twentieth Century Fox,75624550.0,2011-12-23,2011-12-31
Q4 2011,7313,J. Edgar,Warner Bros.,37306030.0,2011-11-09,2011-12-31
Q4 2011,7316,War Horse,Walt Disney Studios Motion Pictures,79120998.0,2011-12-25,2011-12-31
Q4 2011,7319,A Very Harold & Kumar 3D Christmas,Warner Bros.,35061031.0,2011-11-04,2011-12-31
Q4 2011,7324,Tangled,Walt Disney Studios Motion Pictures,200807262.0,2011-11-24,2011-12-31
Q4 2011,7330,The Sitter,Twentieth Century Fox,30441326.0,2011-12-09,2011-12-31
Q4 2011,7335,The Chronicles of Narnia: The Voyage of the Dawn Treader,Twentieth Century Fox,104367133.0,2011-12-10,2011-12-31
Q4 2011,7339,The Descendants,Fox Searchlight Pictures,82584160.0,2011-11-16,2011-12-31
Q4 2011,7340,Gulliver's Travels,Twentieth Century Fox,42763879.0,2011-12-25,2011-12-31
Q4 2011,7345,The Three Musketeers,Summit Entertainment,20374484.0,2011-10-21,2011-12-31
Q4 2011,7346,Country Strong,Screen Gems,20218921.0,2011-12-22,2011-12-31
Q4 2011,7352,The Tourist,Sony Pictures Releasing,67631157.0,2011-12-10,2011-12-31
Q4 2011,7354,The Thing,Universal Pictures,16928670.0,2011-10-14,2011-12-31
Q4 2011,7355,Harry Potter and the Deathly Hallows: Part 1,Warner Bros.,295983305.0,2011-11-19,2011-12-31
Q4 2011,7363,The Rum Diary,FilmDistrict,13109815.0,2011-10-28,2011-12-31
Q4 2011,7365,The Darkest Hour,Summit Entertainment,21443494.0,2011-12-25,2011-12-31
Q4 2011,7367,Young Adult,Paramount Pictures,16311571.0,2011-12-09,2011-12-31
Q4 2011,7373,In Time,Twentieth Century Fox,37520095.0,2011-10-28,2011-12-31
Q4 2011,7375,Blue Valentine,The Weinstein Company,9706328.0,2011-12-29,2011-12-31
Q4 2011,7377,My Week with Marilyn,The Weinstein Company,14600347.0,2011-11-23,2011-12-31
Q4 2011,7378,How Do You Know,Sony Pictures Releasing,30212620.0,2011-12-17,2011-12-31
Q4 2011,7379,Johnny English Reborn,Universal Pictures,8305970.0,2011-10-21,2011-12-31
Q4 2011,7380,127 Hours,Fox Searchlight Pictures,18292814.0,2011-11-05,2011-12-31
Q4 2011,7388,Margin Call,Roadside Attractions,5354039.0,2011-10-21,2011-12-31
Q4 2011,7390,The Big Year,Twentieth Century Fox,7204138.0,2011-10-14,2011-12-31
Q4 2011,7391,Megamind,DreamWorks,148415853.0,2011-11-05,2011-12-31
Q4 2011,7392,The Artist,The Weinstein Company,44671682.0,2011-11-25,2011-12-31
Q4 2011,7393,Anonymous,Sony Pictures Releasing,4463292.0,2011-10-28,2011-12-31
Q4 2011,7397,The Social Network,Sony Pictures Releasing,96962694.0,2011-10-01,2011-12-31
Q4 2011,7399,Tinker Tailor Soldier Spy,Focus Features,24149393.0,2011-12-09,2011-12-31
Q4 2011,7400,Like Crazy,Paramount Vantage,3395391.0,2011-10-28,2011-12-31
Q4 2011,7404,The Skin I Live In,Sony Pictures Classics,3185812.0,2011-10-14,2011-12-31
Q4 2011,7405,Don 2,Reliance Big Pictures,3680306.0,2011-12-22,2011-12-31
Q4 2011,7411,Unstoppable,Twentieth Century Fox,81537988.0,2011-11-12,2011-12-31
Q4 2011,7412,The Illusionist,Sony Pictures Classics,2231474.0,2011-12-25,2011-12-31
Q4 2011,7414,Rabbit Hole,Lionsgate,2229058.0,2011-12-17,2011-12-31
Q4 2011,7415,The Mighty Macs,Quaker Media,1891936.0,2011-10-21,2011-12-31
Q4 2011,7420,Burlesque,Screen Gems,39440655.0,2011-11-24,2011-12-31
Q4 2011,7423,Due Date,Warner Bros.,100539043.0,2011-11-05,2011-12-31
Q4 2011,7425,Shame,Fox Searchlight Pictures,3909002.0,2011-12-02,2011-12-31
Q4 2011,7428,Somewhere,Focus Features,1785645.0,2011-12-22,2011-12-31
Q4 2011,7436,Love & Other Drugs,Twentieth Century Fox,32343814.0,2011-11-24,2011-12-31
Q4 2011,7443,RED,Summit Entertainment,90380162.0,2011-10-15,2011-12-31
Q4 2011,7444,Desi Boyz,Eros International,1078826.0,2011-11-25,2011-12-31
Q4 2011,7446,I Love You Phillip Morris2010 Re-release,Roadside Attractions,2037459.0,2011-12-03,2011-12-31
Q4 2011,7451,Rockstar,Eros International,986697.0,2011-11-11,2011-12-31
Q4 2011,7455,Inside Job,Sony Pictures Classics,4312735.0,2011-10-08,2011-12-31
Q4 2011,7456,Martha Marcy May Marlene,Fox Searchlight Pictures,2990625.0,2011-10-21,2011-12-31
Q4 2011,7457,Casino Jack,ATO Pictures,1042959.0,2011-12-17,2011-12-31
Q4 2011,7458,Secretariat,Walt Disney Studios Motion Pictures,59713955.0,2011-10-08,2011-12-31
Q4 2011,7469,Made in Dagenham,Sony Pictures Classics,1095369.0,2011-11-19,2011-12-31
Q4 2011,7470,The Polar Express2011 IMAX Release,Warner Bros.,711168.0,2011-11-25,2011-12-31
Q4 2011,7474,Life as We Know It,Warner Bros.,53374681.0,2011-10-08,2011-12-31
Q4 2011,7486,Fair Game,Summit Entertainment,9540691.0,2011-11-05,2011-12-31
Q4 2011,7492,The Women on the 6th Floor,Strand Releasing,709671.0,2011-10-07,2011-12-31
Q4 2011,7495,Faster,CBS Films,23240020.0,2011-11-24,2011-12-31
Q4 2011,7505,Galapagos,IMAX,18627957.0,2011-10-29,2011-12-31
Q4 2011,7506,All Good Things2010 Re-release,Magnolia Pictures,582024.0,2011-12-03,2011-12-31
Q4 2011,7508,Morning Glory,Paramount Pictures,31011732.0,2011-11-10,2011-12-31
Q4 2011,7511,Rascals,Eros International,273829.0,2011-10-07,2011-12-31
Q4 2011,7515,Extremely Loud & Incredibly Close,Warner Bros.,31847881.0,2011-12-25,2011-12-31
Q4 2011,7518,Carnage,Sony Pictures Classics,2547047.0,2011-12-16,2011-12-31
Q4 2011,7522,Being Elmo: A Puppeteer's Journey,Submarine Deluxe,303791.0,2011-10-21,2011-12-31
Q4 2011,7523,Into the Abyss,IFC Films,223880.0,2011-11-11,2011-12-31
Q4 2011,7526,The Afflicted,Nocturnal Features,212940.0,2011-10-21,2011-12-31
Q4 2011,7527,The Girl Who Kicked the Hornet's Nest,Music Box Films,5190196.0,2011-10-29,2011-12-31
Q4 2011,7532,October Baby,Five & Two Pictures,199442.0,2011-10-28,2011-12-31
Q4 2011,7536,Blackthorn,Magnolia Pictures,200558.0,2011-10-07,2011-12-31
Q4 2011,7539,Jackass 3D,Paramount Pictures,117229692.0,2011-10-15,2011-12-31
Q4 2011,7543,Pastorela,Lionsgate,161194.0,2011-12-02,2011-12-31
Q4 2011,7544,Pina,IFC Films,3524826.0,2011-12-23,2011-12-31
Q4 2011,7545,Sea Monsters: A Prehistoric Adventure,National Geographic Entertainment,23744066.0,2011-10-05,2011-12-31
Q4 2011,7549,If You Are the One 2,China Lion Film Distribution,426894.0,2011-12-24,2011-12-31
Q4 2011,7551,The Iron Lady,The Weinstein Company,30017992.0,2011-12-30,2011-12-31
Q4 2011,7553,Paranormal Activity 2,Paramount Pictures,84752907.0,2011-10-22,2011-12-31
Q4 2011,7555,The Double,Image Entertainment,137921.0,2011-10-28,2011-12-31
Q4 2011,7556,Labios rojos,Lionsgate,136163.0,2011-10-14,2011-12-31
Q4 2011,7557,1911,Variance Films,135739.0,2011-10-07,2011-12-31
Q4 2011,7558,Eames: The Architect & The Painter,First Run,148000.0,2011-11-11,2011-12-31
Q4 2011,7560,Tees Maar Khan,UTV Motion Pictures,1076443.0,2011-12-22,2011-12-31
Q4 2011,7562,Vision,Zeitgeist Films,435274.0,2011-10-13,2011-12-31
Q4 2011,7563,Tiny Furniture,IFC Films,391674.0,2011-11-12,2011-12-31
Q4 2011,7564,Sigur Rós: Inni,Cinema Purgatorio,123482.0,2011-10-28,2011-12-31
Q4 2011,7569,The Warrior's Way,Relativity Media,5666340.0,2011-12-03,2011-12-31
Q4 2011,7573,Young Goethe in Love,Music Box Films,161044.0,2011-11-04,2011-12-31
Q4 2011,7575,T-Rex: Back to the Cretaceous,IMAX,53354743.0,2011-10-23,2011-12-31
Q4 2011,7577,Tomboy,Dada Films,125500.0,2011-11-16,2011-12-31
Q4 2011,7582,Waste Land,Arthouse Films,187716.0,2011-10-29,2011-12-31
Q4 2011,7584,Elite Squad: The Enemy Within,Variance Films,92129.0,2011-11-11,2011-12-31
Q4 2011,7585,Inkubus,Screen Media Films,81600.0,2011-10-28,2011-12-31
Q4 2011,7589,Four Lions,Drafthouse Films,304616.0,2011-11-05,2011-12-31
Q4 2011,7590,Summer Wars,GKIDS,80768.0,2011-12-24,2011-12-31
Q4 2011,7595,Pariah,Focus Features,769552.0,2011-12-28,2011-12-31
Q4 2011,7599,White Material,IFC Films,304020.0,2011-11-19,2011-12-31
Q4 2011,7600,Hereafter,Warner Bros.,32746941.0,2011-10-15,2011-12-31
Q4 2011,7603,For Colored Girls,Lionsgate,37729698.0,2011-11-05,2011-12-31
Q4 2011,7608,Dirty Girl,The Weinstein Company,55125.0,2011-10-07,2011-12-31
Q4 2011,7609,Snowmen,Cinedigm Entertainment Group,54805.0,2011-10-21,2011-12-31
Q4 2011,7610,The Other F Word,Oscilloscope,53714.0,2011-11-04,2011-12-31
Q4 2011,7611,My Reincarnation,Long Shot Factory,91287.0,2011-10-28,2011-12-31
Q4 2011,7619,Marwencol,The Cinema Guild,111837.0,2011-10-08,2011-12-31
Q4 2011,7621,The Next Three Days,Lionsgate,21148651.0,2011-11-19,2011-12-31
Q4 2011,7625,Texas Killing Fields,Anchor Bay Films,45469.0,2011-10-14,2011-12-31
Q4 2011,7627,In the Land of Blood and Honey,FilmDistrict,303877.0,2011-12-23,2011-12-31
Q4 2011,7637,Rare Exports,Oscilloscope,236347.0,2011-12-03,2011-12-31
Q4 2011,7640,We Need to Talk About Kevin,Oscilloscope,39297.0,2011-12-09,2011-12-31
Q4 2011,7642,Sleeping Beauty,IFC Films,36578.0,2011-12-02,2011-12-31
Q4 2011,7649,11-11-11,Rocket Releasing,32771.0,2011-11-11,2011-12-31
Q4 2011,7652,The Son of No One,Anchor Bay Films,30680.0,2011-11-04,2011-12-31
Q4 2011,7656,The Outrage,Magnolia Pictures,44745.0,2011-12-02,2011-12-31
Q4 2011,7661,Khodorkovsky,Kino Lorber,38457.0,2011-11-30,2011-12-31
Q4 2011,7668,Guy and Madeline on a Park Bench,Variance Films,33841.0,2011-11-05,2011-12-31
Q4 2011,7669,Night Catches Us,Magnolia Pictures,76185.0,2011-12-03,2011-12-31
Q4 2011,7673,Trespass,Millennium Entertainment,24094.0,2011-10-14,2011-12-31
Q4 2011,7681,All's Faire in Love,Hannover House,22180.0,2011-10-28,2011-12-31
Q4 2011,7682,Answers to Nothing,Roadside Attractions,22029.0,2011-12-02,2011-12-31
Q4 2011,7687,Terkel in Trouble2010 Re-release,Indican Pictures,39885.0,2011-10-15,2011-12-31
Q4 2011,7688,Client 9: The Rise and Fall of Eliot Spitzer,Magnolia Pictures,189416.0,2011-11-05,2011-12-31
Q4 2011,7693,House of Tolerance,IFC Films,19327.0,2011-11-25,2011-12-31
Q4 2011,7701,The Strange Case of Angelica,The Cinema Guild,49429.0,2011-12-29,2011-12-31
Q4 2011,7708,Every Man for Himself,The Film Desk,46793.0,2011-11-12,2011-12-31
Q4 2011,7710,William S. Burroughs: A Man Within,Oscilloscope,46380.0,2011-11-17,2011-12-31
Q4 2011,7712,The Tempest,Miramax,237254.0,2011-12-10,2011-12-31
Q4 2011,7715,Strange Powers: Stephin Merritt and the Magnetic Fields,Variance Films,67521.0,2011-10-27,2011-12-31
Q4 2011,7724,Carlos,IFC Films,145526.0,2011-10-15,2011-12-31
Q4 2011,7725,The Polar Express2010 IMAX Release,Warner Bros.,672796.0,2011-12-03,2011-12-31
Q4 2011,7726,Bhutto,First Run,99277.0,2011-12-03,2011-12-31
Q4 2011,7728,Nénette,Kino International,17886.0,2011-12-22,2011-12-31
Q4 2011,7732,Happy Magic,China Lion Film Distribution,10697.0,2011-12-09,2011-12-31
Q4 2011,7738,Cook County,Hannover House,9727.0,2011-12-16,2011-12-31
Q4 2011,7743,Another Happy Day,Phase 4 Films,8464.0,2011-11-18,2011-12-31
Q4 2011,7745,The Heir Apparent: Largo Winch2011 Re-release,Music Box Films,8019.0,2011-11-18,2011-12-31
Q4 2011,7752,Addiction Incorporated,Variance Films,24862.0,2011-12-14,2011-12-31
Q4 2011,7753,Shoah,IFC Films,20175.0,2011-12-10,2011-12-31
Q4 2011,7755,Corman's World: Exploits of a Hollywood Rebel,Anchor Bay Films,7000.0,2011-12-16,2011-12-31
Q4 2011,7756,My Piece of the Pie,IFC Films,6850.0,2011-12-09,2011-12-31
Q4 2011,7757,Janie Jones,Tribeca Film,6840.0,2011-10-28,2011-12-31
Q4 2011,7759,I Melt with You,Magnolia Pictures,6361.0,2011-12-09,2011-12-31
Q4 2011,7765,Saint Misbehavin': The Wavy Gravy Movie,Argot Pictures,29893.0,2011-12-03,2011-12-31
Q4 2011,7768,And They're Off,Kinobild Releasing,5154.0,2011-10-28,2011-12-31
Q4 2011,7776,Miss Minoes2011 Re-release,Music Box Films,8377.0,2011-12-23,2011-12-31
Q4 2011,7779,Red Hill,Strand Releasing,21087.0,2011-11-05,2011-12-31
Q4 2011,7789,The Sons of Tennessee Williams,First Run,3242.0,2011-10-07,2011-12-31
Q4 2011,7790,Balls to the Wall,Rocky Mountain Pictures,3140.0,2011-10-21,2011-12-31
Q4 2011,7793,The Lie,Screen Media Films,3000.0,2011-11-18,2011-12-31
Q4 2011,7796,The Legend of Pale Male,Balcony Releasing,38083.0,2011-11-24,2011-12-31
Q4 2011,7802,"El Sicario, Room 164",Icarus Films,6123.0,2011-12-28,2011-12-31
Q4 2011,7804,Garbo: The Spy2011 Re-release,First Run,28563.0,2011-11-18,2011-12-31
Q4 2011,7805,Restitution,Monterey Media,2664.0,2011-10-28,2011-12-31
Q4 2011,7807,Knuckle,Vitagraph Films,2647.0,2011-12-09,2011-12-31
Q4 2011,7809,The Look,Kino Lorber,17580.0,2011-11-04,2011-12-31
Q4 2011,7810,Paul Goodman Changed My Life,Zeitgeist Films,34605.0,2011-10-19,2011-12-31
Q4 2011,7814,Hadewijch,IFC Films,5006.0,2011-12-24,2011-12-31
Q4 2011,7817,To Die Is Hard,Driving With Our Eyes Shut,4549.0,2011-12-17,2011-12-31
Q4 2011,7820,Violet Tendencies,Embrem Entertainment,13304.0,2011-11-05,2011-12-31
Q4 2011,7822,America the Beautiful 2: The Thin Commandments,Rogers & Cowan/PMK,9744.0,2011-10-14,2011-12-31
Q4 2011,7830,Come Undone,Film Movement,6203.0,2011-12-03,2011-12-31
Q4 2011,7834,Small Change,The Film Desk,37610.0,2011-11-24,2011-12-31
Q4 2011,7844,Oka!,Dada Films,14985.0,2011-10-14,2011-12-31
Q4 2011,7848,Budrus,Balcony Releasing,68353.0,2011-10-08,2011-12-31
Q4 2011,7850,Zenith,Cinema Purgatorio,4881.0,2011-10-01,2011-12-31
Q4 2011,7852,King of Devil's Island,Film Movement,6230.0,2011-11-18,2011-12-31
