season,Unnamed: 0,movie,studio,gross,release,time
Q1 2010,6632,Alice in Wonderland,Walt Disney Studios Motion Pictures,332430200.0,2010-03-05,2010-03-31
Q1 2010,6639,How to Train Your Dragon,DreamWorks,217581231.0,2010-03-26,2010-03-31
Q1 2010,6646,Shutter Island,Paramount Pictures,128012934.0,2010-02-19,2010-03-31
Q1 2010,6651,Valentine's Day,Warner Bros.,110485654.0,2010-02-12,2010-03-31
Q1 2010,6659,The Book of Eli,Warner Bros.,94835059.0,2010-01-15,2010-03-31
Q1 2010,6663,Percy Jackson & the Olympians: The Lightning Thief,Twentieth Century Fox,88731293.0,2010-02-12,2010-03-31
Q1 2010,6669,Dear John,Screen Gems,80014842.0,2010-02-05,2010-03-31
Q1 2010,6676,The Bounty Hunter,Sony Pictures Releasing,67061228.0,2010-03-19,2010-03-31
Q1 2010,6677,Diary of a Wimpy Kid,Twentieth Century Fox,63901573.0,2010-03-19,2010-03-31
Q1 2010,6679,The Wolfman,Universal Pictures,61979680.0,2010-02-12,2010-03-31
Q1 2010,6680,The Last Song,Walt Disney Studios Motion Pictures,61723843.0,2010-03-31,2010-03-31
Q1 2010,6684,Tooth Fairy,Twentieth Century Fox,60008770.0,2010-01-22,2010-03-31
Q1 2010,6696,Hot Tub Time Machine,Metro-Goldwyn-Mayer (MGM),50287556.0,2010-03-26,2010-03-31
Q1 2010,6701,Cop Out,Warner Bros.,44875481.0,2010-02-26,2010-03-31
Q1 2010,6705,Edge of Darkness,Warner Bros.,43313890.0,2010-01-29,2010-03-31
Q1 2010,6710,Legion,Screen Gems,40168080.0,2010-01-22,2010-03-31
Q1 2010,6711,The Crazies,Overture Films,39123589.0,2010-02-26,2010-03-31
Q1 2010,6719,Green Zone,Universal Pictures,35053660.0,2010-03-12,2010-03-31
Q1 2010,6723,She's Out of My League,Paramount Pictures,32010860.0,2010-03-12,2010-03-31
Q1 2010,6726,When in Rome,Walt Disney Studios Motion Pictures,31145051.0,2010-01-29,2010-03-31
Q1 2010,6729,Daybreakers,Lionsgate,30101577.0,2010-01-08,2010-03-31
Q1 2010,6731,Brooklyn's Finest,Overture Films,27163593.0,2010-03-05,2010-03-31
Q1 2010,6735,Leap Year,Universal Pictures,25918920.0,2010-01-08,2010-03-31
Q1 2010,6739,The Spy Next Door,Lionsgate,24307086.0,2010-01-15,2010-03-31
Q1 2010,6740,From Paris with Love,Lionsgate,24077427.0,2010-02-05,2010-03-31
Q1 2010,6751,Our Family Wedding,Fox Searchlight Pictures,20255281.0,2010-03-12,2010-03-31
Q1 2010,6752,Hubble 3D,Warner Bros.,52503602.0,2010-03-19,2010-03-31
Q1 2010,6753,Remember Me,Summit Entertainment,19068240.0,2010-03-12,2010-03-31
Q1 2010,6759,The Ghost Writer,Summit Entertainment,15541549.0,2010-02-19,2010-03-31
Q1 2010,6762,Repo Men,Universal Pictures,13794835.0,2010-03-19,2010-03-31
Q1 2010,6766,Extraordinary Measures,CBS Films,12068313.0,2010-01-22,2010-03-31
Q1 2010,6771,The Girl with the Dragon Tattoo,Music Box Films,10095033.0,2010-03-19,2010-03-31
Q1 2010,6783,City Island,Anchor Bay Films,6671036.0,2010-03-19,2010-03-31
Q1 2010,6784,The Last Station,Sony Pictures Classics,6617867.0,2010-01-15,2010-03-31
Q1 2010,6789,Under the Sea 3D,Warner Bros.,36223935.0,2010-02-13,2010-03-31
Q1 2010,6797,Greenberg,Focus Features,4234170.0,2010-03-19,2010-03-31
Q1 2010,6799,My Name Is Khan,Fox Searchlight Pictures,4015569.0,2010-02-12,2010-03-31
Q1 2010,6800,The Runaways,Apparition,3573673.0,2010-03-19,2010-03-31
Q1 2010,6808,Chloe,Sony Pictures Classics,3075255.0,2010-03-26,2010-03-31
Q1 2010,6812,To Save a Life,The Samuel Goldwyn Company,2569955.0,2010-01-22,2010-03-31
Q1 2010,6819,A Prophet,Sony Pictures Classics,2087720.0,2010-02-26,2010-03-31
Q1 2010,6837,Deep Sea,Warner Bros.,46403478.0,2010-03-03,2010-03-31
Q1 2010,6840,The Oscar Nominated Short Films 2010: Live Action,Shorts International,1018169.0,2010-02-19,2010-03-31
Q1 2010,6857,North Face,Music Box Films,711421.0,2010-01-29,2010-03-31
Q1 2010,6859,Mid-August Lunch,Zeitgeist Films,675299.0,2010-03-17,2010-03-31
Q1 2010,6861,The Secret of Kells,GKIDS,676775.0,2010-03-05,2010-03-31
Q1 2010,6869,Mother,Magnolia Pictures,551509.0,2010-03-12,2010-03-31
Q1 2010,6871,The Art of the Steal,IFC Films,544890.0,2010-02-26,2010-03-31
Q1 2010,6876,Veer,Eros International,527193.0,2010-01-22,2010-03-31
Q1 2010,6878,Preacher's Kid,8x Entertainment,515065.0,2010-01-29,2010-03-31
Q1 2010,6883,Dolphins and Whales 3D: Tribes of the Ocean,3D Entertainment,7714996.0,2010-02-15,2010-03-31
Q1 2010,6894,Fish Tank,IFC Films,374675.0,2010-01-15,2010-03-31
Q1 2010,6898,Creation,Newmarket Films,341323.0,2010-01-22,2010-03-31
Q1 2010,6905,The Yellow Handkerchief,The Samuel Goldwyn Company,318623.0,2010-02-26,2010-03-31
Q1 2010,6918,Frozen,Anchor Bay Films,246176.0,2010-02-05,2010-03-31
Q1 2010,6923,Formosa Betrayed,Screen Media Films,225341.0,2010-02-26,2010-03-31
Q1 2010,6928,U2 3D,National Geographic Entertainment,10335294.0,2010-01-23,2010-03-31
Q1 2010,6937,Sweetgrass,The Cinema Guild,206728.0,2010-01-06,2010-03-31
Q1 2010,6946,Terribly Happy,Oscilloscope,170943.0,2010-02-05,2010-03-31
Q1 2010,6948,Chance Pe Dance,UTV Motion Pictures,168643.0,2010-01-15,2010-03-31
Q1 2010,6953,Red Riding: The Year of Our Lord 1974,IFC Films,151644.0,2010-02-05,2010-03-31
Q1 2010,6957,The Weathered Underground,Indican Pictures,140091.0,2010-01-26,2010-03-31
Q1 2010,6961,The Eclipse,Magnolia Pictures,133411.0,2010-03-26,2010-03-31
Q1 2010,6973,Blood Done Sign My Name,Paladin,109383.0,2010-02-19,2010-03-31
Q1 2010,6979,Saint John of Las Vegas,IndieVest Pictures,102645.0,2010-01-29,2010-03-31
Q1 2010,6982,The Good Guy,Roadside Attractions,100688.0,2010-02-19,2010-03-31
Q1 2010,6988,Crazy on the Outside,Freestyle Releasing,88335.0,2010-01-08,2010-03-31
Q1 2010,6989,Ran2010 Re-release,Rialto Pictures,124673.0,2010-02-05,2010-03-31
Q1 2010,6996,See What I'm Saying: The Deaf Entertainers Documentary,Worldplay,116109.0,2010-03-19,2010-03-31
Q1 2010,6998,Waking Sleeping Beauty,Walt Disney Studios Motion Pictures,68445.0,2010-03-26,2010-03-31
Q1 2010,7016,The Harimaya Bridge,Eleven Arts,53135.0,2010-03-12,2010-03-31
Q1 2010,7017,House,Janus Films,209339.0,2010-01-15,2010-03-31
Q1 2010,7020,Ca$h,Roadside Attractions,46488.0,2010-03-26,2010-03-31
Q1 2010,7023,Defendor,Darius Films,44462.0,2010-02-19,2010-03-31
Q1 2010,7027,44 Inch Chest2010 Re-release,Image Entertainment,39033.0,2010-01-15,2010-03-31
Q1 2010,7031,District 13: Ultimatum,Magnolia Pictures,36136.0,2010-02-05,2010-03-31
Q1 2010,7032,The Red Baron2010 Re-release,Monterey Media,37189.0,2010-03-19,2010-03-31
Q1 2010,7052,Monsieur Verdoux,The Film Desk,63643.0,2010-03-14,2010-03-31
Q1 2010,7056,Eyes Wide Open,New American Vision,26258.0,2010-02-05,2010-03-31
Q1 2010,7057,The Exploding Girl,Oscilloscope,25572.0,2010-03-12,2010-03-31
Q1 2010,7063,October Country,International Film Circuit,25365.0,2010-02-12,2010-03-31
Q1 2010,7065,Happy Tears,Roadside Attractions,22464.0,2010-02-19,2010-03-31
Q1 2010,7072,The Korean,Indican Pictures,20279.0,2010-02-05,2010-03-31
Q1 2010,7076,Bitch Slap,Freestyle Releasing,17365.0,2010-01-08,2010-03-31
Q1 2010,7081,Dreamkiller,Delaware Pictures,15514.0,2010-02-19,2010-03-31
Q1 2010,7096,Terkel in Trouble2010 Re-release,Indican Pictures,10783.0,2010-03-26,2010-03-31
Q1 2010,7106,Wonderful World,Magnolia Pictures,9309.0,2010-01-08,2010-03-31
Q1 2010,7108,Harlan: In the Shadow of Jew Suess,Zeitgeist Films,47853.0,2010-03-03,2010-03-31
Q1 2010,7119,Tales from the Script,First Run,7535.0,2010-03-12,2010-03-31
Q1 2010,7138,Ajami,Kino International,621859.0,2010-02-03,2010-03-31
Q1 2010,7140,Lbs.,Truly Indie,27301.0,2010-03-26,2010-03-31
Q1 2010,7146,Off and Running,First Run,16738.0,2010-01-29,2010-03-31
Q1 2010,7150,Brutal Beauty: Tales of the Rose City Rollers,Cinema Purgatorio,8784.0,2010-01-08,2010-03-31
Q1 2010,7155,The Girl on the Train2009 Re-release,Strand Releasing,205921.0,2010-01-22,2010-03-31
Q1 2010,7163,The Sun Behind the Clouds: Tibet's Struggle for Freedom,Balcony Releasing,41779.0,2010-03-31,2010-03-31
Q1 2010,7164,Videocracy,Kino International,23204.0,2010-02-12,2010-03-31
Q1 2010,7168,Prodigal Sons,First Run,73084.0,2010-02-26,2010-03-31
Q1 2010,7183,Falling Awake,IFC Films,1978.0,2010-01-29,2010-03-31
Q1 2010,7185,Promised Lands,The Film Desk,4261.0,2010-02-05,2010-03-31
Q1 2010,7190,Bluebeard,Strand Releasing,29711.0,2010-03-26,2010-03-31
Q1 2010,7193,Drool,Strand Releasing,1403.0,2010-01-22,2010-03-31
Q1 2010,7197,Shall We Kiss?,Music Box Films,534684.0,2010-03-27,2010-03-31
Q1 2010,7204,Watercolors,Regent Releasing,5478.0,2010-01-22,2010-03-31
Q1 2010,7206,Misconceptions,Regent Releasing,6232.0,2010-01-22,2010-03-31
Q1 2010,7213,The Most Dangerous Man in America: Daniel Ellsberg and the Pentagon Papers,First Run,453336.0,2010-01-29,2010-03-31
Q1 2010,7214,Dream Boy,Regent Releasing,6146.0,2010-03-26,2010-03-31
Q1 2010,7217,Fashion Victim,Regent Releasing,2322.0,2010-01-22,2010-03-31
Q2 2010,6631,Toy Story 3,Walt Disney Studios Motion Pictures,415004880.0,2010-06-18,2010-06-30
Q2 2010,6633,Iron Man 2,Paramount Pictures,312433331.0,2010-05-07,2010-06-30
Q2 2010,6634,The Twilight Saga: Eclipse,Summit Entertainment,300531751.0,2010-06-30,2010-06-30
Q2 2010,6638,Shrek Forever After,DreamWorks,238736787.0,2010-05-21,2010-06-30
Q2 2010,6640,The Karate Kid,Sony Pictures Releasing,176591618.0,2010-06-11,2010-06-30
Q2 2010,6641,Clash of the Titans,Warner Bros.,163214888.0,2010-04-02,2010-06-30
Q2 2010,6642,Grown Ups,Sony Pictures Releasing,162001186.0,2010-06-25,2010-06-30
Q2 2010,6653,Robin Hood,Universal Pictures,105269730.0,2010-05-14,2010-06-30
Q2 2010,6657,Date Night,Twentieth Century Fox,98669097.0,2010-04-09,2010-06-30
Q2 2010,6658,Sex and the City 2,Warner Bros.,95347692.0,2010-05-27,2010-06-30
Q2 2010,6664,Prince of Persia: The Sands of Time,Walt Disney Studios Motion Pictures,88656132.0,2010-05-28,2010-06-30
Q2 2010,6671,The A-Team,Twentieth Century Fox,77196316.0,2010-06-11,2010-06-30
Q2 2010,6672,Knight and Day2010 Re-release,Twentieth Century Fox,76423035.0,2010-06-23,2010-06-30
Q2 2010,6678,A Nightmare on Elm Street,Warner Bros.,63075011.0,2010-04-30,2010-06-30
Q2 2010,6681,Get Him to the Greek,Universal Pictures,60974475.0,2010-06-04,2010-06-30
Q2 2010,6682,Why Did I Get Married Too?,Lionsgate,60095852.0,2010-04-02,2010-06-30
Q2 2010,6692,Letters to Juliet,Summit Entertainment,53032453.0,2010-05-14,2010-06-30
Q2 2010,6699,Kick-Ass,Lionsgate,48071303.0,2010-04-16,2010-06-30
Q2 2010,6700,Killers,Lionsgate,47059963.0,2010-06-04,2010-06-30
Q2 2010,6706,Death at a Funeral,Screen Gems,42739347.0,2010-04-16,2010-06-30
Q2 2010,6715,The Back-up Plan,CBS Films,37490007.0,2010-04-23,2010-06-30
Q2 2010,6720,Marmaduke,Twentieth Century Fox,33633597.0,2010-06-04,2010-06-30
Q2 2010,6741,The Losers,Warner Bros.,23591432.0,2010-04-23,2010-06-30
Q2 2010,6746,Just Wright,Fox Searchlight Pictures,21540363.0,2010-05-14,2010-06-30
Q2 2010,6754,Oceans2010 Re-release,Walt Disney Studios Motion Pictures,18735398.0,2010-04-22,2010-06-30
Q2 2010,6757,Furry Vengeance,Summit Entertainment,17630465.0,2010-04-30,2010-06-30
Q2 2010,6758,Splice2010 Re-release,Warner Bros.,17010170.0,2010-06-04,2010-06-30
Q2 2010,6769,Jonah Hex,Warner Bros.,10547117.0,2010-06-18,2010-06-30
Q2 2010,6777,MacGruber,Universal Pictures,8525600.0,2010-05-21,2010-06-30
Q2 2010,6779,Cyrus,Fox Searchlight Pictures,7468936.0,2010-06-18,2010-06-30
Q2 2010,6780,Babies,Focus Features,7320323.0,2010-05-07,2010-06-30
Q2 2010,6786,The Secret in Their Eyes,Sony Pictures Classics,6391436.0,2010-04-16,2010-06-30
Q2 2010,6788,Winter's Bone,Roadside Attractions,6531503.0,2010-06-11,2010-06-30
Q2 2010,6791,I Am Love,Magnolia Pictures,5005465.0,2010-06-18,2010-06-30
Q2 2010,6796,Solitary Man,Anchor Bay Films,4360548.0,2010-05-21,2010-06-30
Q2 2010,6798,Please Give,Sony Pictures Classics,4033574.0,2010-04-30,2010-06-30
Q2 2010,6809,Joan Rivers: A Piece of Work,IFC Films,2930687.0,2010-06-11,2010-06-30
Q2 2010,6810,Letters to God,Vivendi Entertainment,2848578.0,2010-04-09,2010-06-30
Q2 2010,6814,Twilight/The Twilight Saga: New Moon,Summit Entertainment,2385237.0,2010-06-29,2010-06-30
Q2 2010,6820,Space Station 3D,IMAX,93379882.0,2010-04-19,2010-06-30
Q2 2010,6821,Harry Brown,The Samuel Goldwyn Company,1818681.0,2010-04-30,2010-06-30
Q2 2010,6825,Kites,Reliance Big Pictures,1643486.0,2010-05-21,2010-06-30
Q2 2010,6826,Coco Chanel & Igor Stravinsky,Sony Pictures Classics,1621226.0,2010-06-11,2010-06-30
Q2 2010,6828,The Hurt Locker,Summit Entertainment,17017811.0,2010-06-26,2010-06-30
Q2 2010,6829,Raajneeti,UTV Motion Pictures,1514558.0,2010-06-04,2010-06-30
Q2 2010,6830,The Joneses,Roadside Attractions,1475746.0,2010-04-16,2010-06-30
Q2 2010,6833,Micmacs2009 Re-release,Sony Pictures Classics,1262079.0,2010-05-28,2010-06-30
Q2 2010,6834,Housefull,Eros International,1183658.0,2010-04-30,2010-06-30
Q2 2010,6836,Mother and Child,Sony Pictures Classics,1110509.0,2010-05-07,2010-06-30
Q2 2010,6838,La Mission,Screen Media Films,1062941.0,2010-04-09,2010-06-30
Q2 2010,6846,Princess Kaiulani,Roadside Attractions,883887.0,2010-05-14,2010-06-30
Q2 2010,6849,I Hate Luv Storys,UTV Motion Pictures,847993.0,2010-06-30,2010-06-30
Q2 2010,6858,Raavan,Reliance Big Pictures,708726.0,2010-06-18,2010-06-30
Q2 2010,6864,Agora,Newmarket Films,619423.0,2010-05-28,2010-06-30
Q2 2010,6870,Ondine,Magnolia Pictures,550472.0,2010-06-04,2010-06-30
Q2 2010,6874,Mademoiselle Chambon,Lorber Films,530491.0,2010-05-28,2010-06-30
Q2 2010,6880,The City of Your Final Destination,Screen Media Films,493296.0,2010-04-16,2010-06-30
Q2 2010,6891,The Square2010 Re-release,Apparition,406116.0,2010-04-09,2010-06-30
Q2 2010,6892,Wild Grass,Sony Pictures Classics,403952.0,2010-06-25,2010-06-30
Q2 2010,6924,The Black Waters of Echo's Pond,Parallel Media,224409.0,2010-04-09,2010-06-30
Q2 2010,6926,The Killer Inside Me,IFC Films,217277.0,2010-06-18,2010-06-30
Q2 2010,6930,South of the Border,Cinema Libre Studio,198600.0,2010-06-25,2010-06-30
Q2 2010,6933,Iron Man,Paramount Pictures,318604126.0,2010-05-02,2010-06-30
Q2 2010,6940,The Human Centipede (First Sequence),IFC Films,181467.0,2010-04-30,2010-06-30
Q2 2010,6942,Casino Jack and the United States of Money,Magnolia Pictures,176865.0,2010-05-07,2010-06-30
Q2 2010,6955,Father of My Children,IFC Films,144022.0,2010-05-21,2010-06-30
Q2 2010,6964,The Warlords,Magnolia Pictures,129078.0,2010-04-02,2010-06-30
Q2 2010,6965,The Cremaster Cycle2010 Re-release,International Film Circuit,146019.0,2010-04-09,2010-06-30
Q2 2010,6970,Touching Home,CFI Releasing,116353.0,2010-04-30,2010-06-30
Q2 2010,6971,The Greatest,Paladin,114766.0,2010-04-02,2010-06-30
Q2 2010,6974,After.Life,Anchor Bay Films,108595.0,2010-04-09,2010-06-30
Q2 2010,6978,Breathless2010 Re-release,Rialto Pictures,363031.0,2010-05-28,2010-06-30
Q2 2010,6980,Survival of the Dead,Magnolia Pictures,101740.0,2010-05-28,2010-06-30
Q2 2010,6984,Best Worst Movie,Abramorama,109481.0,2010-04-23,2010-06-30
Q2 2010,6991,No One Knows About Persian Cats,IFC Films,81768.0,2010-04-16,2010-06-30
Q2 2010,7001,Racing Dreams,Hannover House,65082.0,2010-05-21,2010-06-30
Q2 2010,7004,Feed the Fish,Strand Releasing,101035.0,2010-04-23,2010-06-30
Q2 2010,7012,Breath Made Visible: Anna Halprin,Argot Pictures,52387.0,2010-04-02,2010-06-30
Q2 2010,7013,The Human Experience,Grassroots Films,52296.0,2010-04-09,2010-06-30
Q2 2010,7021,The Nature of Existence,Walking Shadows,54645.0,2010-06-18,2010-06-30
Q2 2010,7022,Everyone Else,The Cinema Guild,100816.0,2010-04-09,2010-06-30
Q2 2010,7026,KitesThe Remix,Reliance Big Pictures,41783.0,2010-05-28,2010-06-30
Q2 2010,7041,Beetle Queen Conquers Tokyo,Argot Pictures,32308.0,2010-05-12,2010-06-30
Q2 2010,7042,Living in Emergency,Truly Indie,32208.0,2010-06-04,2010-06-30
Q2 2010,7043,180° South,Magnolia Pictures,31745.0,2010-05-21,2010-06-30
Q2 2010,7047,Multiple Sarcasms,MAC Releasing,29731.0,2010-05-07,2010-06-30
Q2 2010,7048,Rosencrantz and Guildenstern Are Undead,Indican Pictures,70563.0,2010-06-04,2010-06-30
Q2 2010,7049,Le Amiche,The Film Desk,68167.0,2010-06-18,2010-06-30
Q2 2010,7050,Dogtooth,Kino International,107040.0,2010-06-25,2010-06-30
Q2 2010,7051,Séraphine,Music Box Films,884613.0,2010-06-05,2010-06-30
Q2 2010,7058,Here and There,Cinema Purgatorio,25223.0,2010-05-14,2010-06-30
Q2 2010,7059,2012: Time for Change,Mangusta Productions,68339.0,2010-04-09,2010-06-30
Q2 2010,7069,Daddy Longlegs,IFC Films,21766.0,2010-05-14,2010-06-30
Q2 2010,7070,The Good Heart,Magnolia Pictures,20930.0,2010-04-30,2010-06-30
Q2 2010,7077,Le combat dans l'île,The Film Desk,49545.0,2010-06-12,2010-06-30
Q2 2010,7084,Don McKay,Image Entertainment,13722.0,2010-04-02,2010-06-30
Q2 2010,7085,The Oath,Zeitgeist Films,33664.0,2010-05-07,2010-06-30
Q2 2010,7086,Paper Man,MPI Media Group,13514.0,2010-04-23,2010-06-30
Q2 2010,7094,After the Cup: Sons of Sakhnin United,Variance Films,11538.0,2010-05-21,2010-06-30
Q2 2010,7116,Behind the Burly Q,First Run,22547.0,2010-04-23,2010-06-30
Q2 2010,7121,The Thorn in the Heart,Oscilloscope,7376.0,2010-04-02,2010-06-30
Q2 2010,7122,Gangster's Paradise: Jerusalema2010 Re-release,Anchor Bay Films,7294.0,2010-06-11,2010-06-30
Q2 2010,7123,When You're Strange,Abramorama,239259.0,2010-04-09,2010-06-30
Q2 2010,7124,Happiness Runs,Strand Releasing,7199.0,2010-05-07,2010-06-30
Q2 2010,7128,Finding Bliss,Phase 4 Films,6783.0,2010-06-04,2010-06-30
Q2 2010,7129,Mercy,IFC Films,6780.0,2010-04-30,2010-06-30
Q2 2010,7132,Youssou Ndour: I Bring What I Love,Shadow Distribution,170825.0,2010-06-12,2010-06-30
Q2 2010,7136,Stonewall Uprising,First Run,128203.0,2010-06-16,2010-06-30
Q2 2010,7139,Under Our Skin,Shadow Distribution,97798.0,2010-06-19,2010-06-30
Q2 2010,7142,Speed-Dating,Rockstone Releasing,5240.0,2010-06-04,2010-06-30
Q2 2010,7170,Boogie Woogie,IFC Films,2618.0,2010-04-23,2010-06-30
Q2 2010,7174,Two in the Wave,Lorber Films,28808.0,2010-05-19,2010-06-30
Q2 2010,7179,Double Take,Kino International,20120.0,2010-06-02,2010-06-30
Q2 2010,7182,The Fall,Roadside Attractions,2266905.0,2010-05-09,2010-06-30
Q2 2010,7188,City of War: The Story of John Rabe,Strand Releasing,67519.0,2010-05-21,2010-06-30
Q2 2010,7189,Carbon Nation,Clay Way Media,15057.0,2010-05-07,2010-06-30
Q2 2010,7192,American Grindhouse,Lorber Films,3598.0,2010-06-18,2010-06-30
Q2 2010,7201,Perrier's Bounty,IFC Films,828.0,2010-05-21,2010-06-30
Q2 2010,7202,The Living Wake,Mangusta Productions,11048.0,2010-05-14,2010-06-30
Q2 2010,7209,Spring Fever,Strand Releasing,2005.0,2010-06-04,2010-06-30
Q2 2010,7210,NoBody's Perfect2010 Re-release,Lorber Films,1601.0,2010-04-16,2010-06-30
Q2 2010,7223,Whiz Kids,Shadow Distribution,4716.0,2010-06-04,2010-06-30
Q2 2010,7224,Cropsey,Cinema Purgatorio,52476.0,2010-06-04,2010-06-30
Q3 2010,6635,Inception,Warner Bros.,292576195.0,2010-07-16,2010-09-30
Q3 2010,6637,Despicable Me,Universal Pictures,251513985.0,2010-07-09,2010-09-30
Q3 2010,6645,The Last Airbender,Paramount Pictures,131772187.0,2010-07-01,2010-09-30
Q3 2010,6647,The Other Guys,Sony Pictures Releasing,119219978.0,2010-08-06,2010-09-30
Q3 2010,6648,Salt,Sony Pictures Releasing,118311368.0,2010-07-23,2010-09-30
Q3 2010,6654,The Expendables,Lionsgate,103068524.0,2010-08-13,2010-09-30
Q3 2010,6661,The Town,Warner Bros.,92186262.0,2010-09-17,2010-09-30
Q3 2010,6667,Eat Pray Love,Sony Pictures Releasing,80574010.0,2010-08-13,2010-09-30
Q3 2010,6673,Dinner for Schmucks,DreamWorks,73026337.0,2010-07-30,2010-09-30
Q3 2010,6683,Resident Evil: Afterlife,Screen Gems,60128566.0,2010-09-10,2010-09-30
Q3 2010,6686,The Sorcerer's Apprentice,Walt Disney Studios Motion Pictures,63150991.0,2010-07-14,2010-09-30
Q3 2010,6688,Easy A,Screen Gems,58401464.0,2010-09-17,2010-09-30
Q3 2010,6689,Takers,Screen Gems,57744720.0,2010-08-27,2010-09-30
Q3 2010,6691,Legend of the Guardians: The Owls of Ga'Hoole,Warner Bros.,55675313.0,2010-09-24,2010-09-30
Q3 2010,6694,Wall Street: Money Never Sleeps,Twentieth Century Fox,52448250.0,2010-09-24,2010-09-30
Q3 2010,6695,Predators,Twentieth Century Fox,52000688.0,2010-07-09,2010-09-30
Q3 2010,6704,Cats & Dogs: The Revenge of Kitty Galore,Warner Bros.,43585753.0,2010-07-30,2010-09-30
Q3 2010,6707,Step Up 3D,Walt Disney Studios Motion Pictures,42400223.0,2010-08-06,2010-09-30
Q3 2010,6708,The Last Exorcism,Lionsgate,41034350.0,2010-08-27,2010-09-30
Q3 2010,6717,Vampires Suck,Twentieth Century Fox,36661504.0,2010-08-18,2010-09-30
Q3 2010,6718,The American,Focus Features,35606376.0,2010-09-01,2010-09-30
Q3 2010,6721,Devil,Universal Pictures,33601190.0,2010-09-17,2010-09-30
Q3 2010,6724,Scott Pilgrim vs. the World,Universal Pictures,31524275.0,2010-08-13,2010-09-30
Q3 2010,6725,Charlie St. Cloud,Universal Pictures,31162545.0,2010-07-30,2010-09-30
Q3 2010,6730,Nanny McPhee Returns,Universal Pictures,29011215.0,2010-08-20,2010-09-30
Q3 2010,6732,The Switch,Miramax,27779426.0,2010-08-20,2010-09-30
Q3 2010,6733,Machete,Twentieth Century Fox,26593646.0,2010-09-03,2010-09-30
Q3 2010,6734,Ramona and Beezus,Twentieth Century Fox,26167002.0,2010-07-23,2010-09-30
Q3 2010,6736,Alpha and Omega,Lionsgate,25107267.0,2010-09-17,2010-09-30
Q3 2010,6738,Lottery Ticket,Warner Bros.,24719879.0,2010-08-20,2010-09-30
Q3 2010,6742,You Again,Walt Disney Studios Motion Pictures,25702053.0,2010-09-24,2010-09-30
Q3 2010,6750,The Kids Are All Right,Focus Features,20811365.0,2010-07-09,2010-09-30
Q3 2010,6755,Going the Distance,Warner Bros.,17804299.0,2010-09-03,2010-09-30
Q3 2010,6768,Avatar2010 Special Edition,Twentieth Century Fox,10741486.0,2010-08-27,2010-09-30
Q3 2010,6774,Get Low,Sony Pictures Classics,9176933.0,2010-07-30,2010-09-30
Q3 2010,6785,Waiting for 'Superman',Paramount Vantage,6417135.0,2010-09-24,2010-09-30
Q3 2010,6795,Mao's Last Dancer,The Samuel Goldwyn Company,4817770.0,2010-08-20,2010-09-30
Q3 2010,6806,Catfish,Rogue Pictures,3237343.0,2010-09-17,2010-09-30
Q3 2010,6807,You Will Meet a Tall Dark Stranger,Sony Pictures Classics,3248246.0,2010-09-22,2010-09-30
Q3 2010,6813,Never Let Me Go,Fox Searchlight Pictures,2434652.0,2010-09-15,2010-09-30
Q3 2010,6824,Flipped,Warner Bros.,1755212.0,2010-08-06,2010-09-30
Q3 2010,6827,Cairo Time,IFC Films,1603616.0,2010-08-06,2010-09-30
Q3 2010,6832,Dabangg,Eros International,1288549.0,2010-09-10,2010-09-30
Q3 2010,6839,Buried,Lionsgate,1044143.0,2010-09-24,2010-09-30
Q3 2010,6851,Cloudy with a Chance of Meatballs,Sony Pictures Releasing,124870275.0,2010-09-18,2010-09-30
Q3 2010,6852,The Tillman Story,The Weinstein Company,802535.0,2010-08-20,2010-09-30
Q3 2010,6854,What If...,Five & Two Pictures,767545.0,2010-08-20,2010-09-30
Q3 2010,6855,Peepli (Live),UTV Motion Pictures,757951.0,2010-08-13,2010-09-30
Q3 2010,6856,Middle Men,Paramount Vantage,754301.0,2010-08-06,2010-09-30
Q3 2010,6862,The Concert,The Weinstein Company,657986.0,2010-07-30,2010-09-30
Q3 2010,6863,We Are Family,UTV Motion Pictures,638144.0,2010-09-03,2010-09-30
Q3 2010,6865,The Virginity Hit,Sony Pictures Releasing,636706.0,2010-09-24,2010-09-30
Q3 2010,6867,Howl,Oscilloscope,617334.0,2010-09-24,2010-09-30
Q3 2010,6872,Jack Goes Boating,Overture Films,541992.0,2010-09-17,2010-09-30
Q3 2010,6873,Khatta Meetha,Eros International,541904.0,2010-07-23,2010-09-30
Q3 2010,6879,Heartbreaker2010 Re-release,IFC Films,504030.0,2010-09-10,2010-09-30
Q3 2010,6881,Poema de salvación,CanZion Films,914200.0,2010-08-27,2010-09-30
Q3 2010,6884,The Extra Man,Magnolia Pictures,453377.0,2010-07-30,2010-09-30
Q3 2010,6890,I'm Still Here,Magnolia Pictures,408983.0,2010-09-10,2010-09-30
Q3 2010,6895,Lebanon,Sony Pictures Classics,368088.0,2010-08-06,2010-09-30
Q3 2010,6896,Grease2010 Sing-a-long,Paramount Pictures,365802.0,2010-07-08,2010-09-30
Q3 2010,6897,Like Dandelion Dust,Blue Collar Releasing,352810.0,2010-09-24,2010-09-30
Q3 2010,6900,Enter the Void,IFC Films,336467.0,2010-09-24,2010-09-30
Q3 2010,6904,A Film Unfinished,Oscilloscope,320486.0,2010-08-18,2010-09-30
Q3 2010,6911,Last Train Home,Zeitgeist Films,288328.0,2010-09-03,2010-09-30
Q3 2010,6914,Soul Kitchen,IFC Films,276901.0,2010-08-20,2010-09-30
Q3 2010,6915,Countdown to Zero,Magnolia Pictures,272040.0,2010-07-23,2010-09-30
Q3 2010,6917,Kings of Pastry,First Run,336095.0,2010-09-15,2010-09-30
Q3 2010,6927,La soga,7-57 Releasing,210625.0,2010-08-13,2010-09-30
Q3 2010,6929,Legendary,The Samuel Goldwyn Company,200393.0,2010-09-10,2010-09-30
Q3 2010,6934,"A Woman, a Gun and a Noodle Shop",Sony Pictures Classics,190946.0,2010-09-03,2010-09-30
Q3 2010,6938,The Secrets of Jonathan Sperry,Five & Two Pictures,1355079.0,2010-09-18,2010-09-30
Q3 2010,6939,Twelve,Hannover House,183920.0,2010-08-06,2010-09-30
Q3 2010,6941,Winnebago Man,Kino International,181039.0,2010-07-09,2010-09-30
Q3 2010,6949,The Disappearance of Alice Creed,Anchor Bay Films,166980.0,2010-08-06,2010-09-30
Q3 2010,6950,Fool for Love,Variance Films,165987.0,2010-09-10,2010-09-30
Q3 2010,6951,Genius Within: The Inner Life of Glenn Gould,Lorber Films,162122.0,2010-09-10,2010-09-30
Q3 2010,6954,My Dog Tulip,New Yorker Films,245739.0,2010-09-01,2010-09-30
Q3 2010,6960,Coco Before Chanel,Sony Pictures Classics,6113834.0,2010-09-25,2010-09-30
Q3 2010,6966,"Lovely, Still",Monterey Media,127564.0,2010-09-10,2010-09-30
Q3 2010,6967,Paranormal Activity,Paramount Pictures,107918810.0,2010-09-25,2010-09-30
Q3 2010,6969,Centurion,Magnolia Pictures,123570.0,2010-08-27,2010-09-30
Q3 2010,6972,Bran Nue Dae,Freestyle Releasing,113568.0,2010-09-10,2010-09-30
Q3 2010,6992,Kisses2010 Re-release,Oscilloscope,81680.0,2010-07-16,2010-09-30
Q3 2010,6997,Leaves of Grass,First Look International,70066.0,2010-09-17,2010-09-30
Q3 2010,7006,Undertow,The Film Collaborative,102990.0,2010-09-17,2010-09-30
Q3 2010,7008,God of Vampires,Nocturnal Features,53345.0,2010-07-02,2010-09-30
Q3 2010,7011,"Patrik, Age 1.5",Regent Releasing,52878.0,2010-08-14,2010-09-30
Q3 2010,7015,35 Shots of Rum,The Cinema Guild,176710.0,2010-09-16,2010-09-30
Q3 2010,7018,Tales from Earthsea2010 Re-release,Walt Disney Studios Motion Pictures,48658.0,2010-08-13,2010-09-30
Q3 2010,7019,Change of Plans,IFC Films,46714.0,2010-08-27,2010-09-30
Q3 2010,7025,On the Bowery,Milestone,41802.0,2010-09-17,2010-09-30
Q3 2010,7034,The Yes Men Fix the World,Shadow Distribution,193660.0,2010-09-25,2010-09-30
Q3 2010,7036,Mystery Team,Roadside Attractions,89442.0,2010-08-28,2010-09-30
Q3 2010,7037,Ahead of Time: The Extraordinary Journey of Ruth Gruber,Vitagraph Films,33024.0,2010-09-10,2010-09-30
Q3 2010,7038,Spoken Word,Variance Films,32961.0,2010-07-23,2010-09-30
Q3 2010,7044,Who Is Harry Nilsson (And Why Is Everybody Talkin' About Him?),Lorber Films,30975.0,2010-09-10,2010-09-30
Q3 2010,7046,Valhalla Rising,IFC Films,30638.0,2010-07-16,2010-09-30
Q3 2010,7053,[Rec] 2,Magnolia Pictures,27766.0,2010-07-09,2010-09-30
Q3 2010,7062,White on Rice,Variance Films,67186.0,2010-09-11,2010-09-30
Q3 2010,7064,The Other City,Cabin Films,22539.0,2010-09-17,2010-09-30
Q3 2010,7066,Alamar,Film Movement,61436.0,2010-07-14,2010-09-30
Q3 2010,7073,The Trial,Mountain Top Releasing,19753.0,2010-09-10,2010-09-30
Q3 2010,7074,Great Directors,Paladin,17921.0,2010-07-02,2010-09-30
Q3 2010,7079,The Beaches of Agnès,The Cinema Guild,238978.0,2010-07-02,2010-09-30
Q3 2010,7090,The Dry Land,Freestyle Releasing,11777.0,2010-07-30,2010-09-30
Q3 2010,7091,White Wedding2010 Re-release,Dada Films,11710.0,2010-09-03,2010-09-30
Q3 2010,7098,The Headless Woman,Strand Releasing,98969.0,2010-08-19,2010-09-30
Q3 2010,7100,The Milk of Sorrow,Olive Films,10462.0,2010-08-27,2010-09-30
Q3 2010,7101,Circle,Indican Pictures,10024.0,2010-08-27,2010-09-30
Q3 2010,7102,"Hugh Hefner: Playboy, Activist and Rebel",Phase 4 Films,10000.0,2010-07-30,2010-09-30
Q3 2010,7107,Nine Nation Animation,The World According to Shorts,37528.0,2010-09-29,2010-09-30
Q3 2010,7110,Mississippi Mermaid,The Film Desk,31413.0,2010-07-10,2010-09-30
Q3 2010,7111,Brotherhood,Olive Films,8979.0,2010-08-06,2010-09-30
Q3 2010,7113,Inferno,Flicker Alley,24328.0,2010-07-16,2010-09-30
Q3 2010,7117,Around a Small Mountain,The Cinema Guild,32584.0,2010-07-09,2010-09-30
Q3 2010,7118,The Cove,Roadside Attractions,857005.0,2010-07-31,2010-09-30
Q3 2010,7120,Udaan,UTV Motion Pictures,7461.0,2010-07-16,2010-09-30
Q3 2010,7125,Army of Crime,Lorber Films,35416.0,2010-08-20,2010-09-30
Q3 2010,7130,The Freebie,Phase 4 Films,16613.0,2010-09-17,2010-09-30
Q3 2010,7133,Cloud 9,Music Box Films,90884.0,2010-08-14,2010-09-30
Q3 2010,7134,Amreeka,National Geographic Entertainment,626933.0,2010-09-04,2010-09-30
Q3 2010,7141,Sweethearts of the Prison Rodeo,Cinema Purgatorio,5293.0,2010-09-17,2010-09-30
Q3 2010,7144,The Sicilian Girl2010 Re-release,Music Box Films,70057.0,2010-08-04,2010-09-30
Q3 2010,7145,The Oxford Murders,Magnolia Pictures,4803.0,2010-08-06,2010-09-30
Q3 2010,7147,The September Issue,Roadside Attractions,3820067.0,2010-08-28,2010-09-30
Q3 2010,7148,Mesrine Part 2: Public Enemy #12010 Re-release,Music Box Films,275387.0,2010-09-03,2010-09-30
Q3 2010,7149,Crude,First Run,169796.0,2010-09-09,2010-09-30
Q3 2010,7152,Hideaway (Le refuge),Strand Releasing,34215.0,2010-09-10,2010-09-30
Q3 2010,7154,Smash His Camera,Magnolia Pictures,3644.0,2010-07-30,2010-09-30
Q3 2010,7156,Mugabe and the White African,First Run,7070.0,2010-07-23,2010-09-30
Q3 2010,7157,El Superstar: The Unlikely Rise of Juan Frances,Cinema Libre Studio,3271.0,2010-09-17,2010-09-30
Q3 2010,7160,Only When I Dance,Film Movement,8385.0,2010-07-02,2010-09-30
Q3 2010,7167,The Two Escobars,All Rise Films,13630.0,2010-08-27,2010-09-30
Q3 2010,7172,Magnificent Desolation: Walking on the Moon 3D,IMAX,34136978.0,2010-09-23,2010-09-30
Q3 2010,7175,Daniel and Ana,Strand Releasing,2372.0,2010-08-27,2010-09-30
Q3 2010,7177,The Afterlight,Cinema Purgatorio,3059.0,2010-09-10,2010-09-30
Q3 2010,7181,"Yoo-Hoo, Mrs. Goldberg",International Film Circuit,1134623.0,2010-07-10,2010-09-30
Q3 2010,7187,Big Fan,First Independent Pictures,234422.0,2010-08-28,2010-09-30
Q3 2010,7194,Orlando2010 Re-release,Sony Pictures Classics,57388.0,2010-07-23,2010-09-30
Q3 2010,7199,The Wonder of It All,Indican Pictures,781016.0,2010-07-17,2010-09-30
Q3 2010,7211,Salt of This Sea2010 Re-release,Lorber Films,10644.0,2010-08-13,2010-09-30
Q3 2010,7212,Bliss2009 Re-release,First Run,37493.0,2010-08-07,2010-09-30
Q3 2010,7215,Beeswax,The Cinema Guild,41439.0,2010-08-07,2010-09-30
Q3 2010,7218,The Blue Tooth Virgin,Regent Releasing,2762.0,2010-09-25,2010-09-30
Q4 2010,6630,Avatar,Twentieth Century Fox,749766139.0,2010-12-18,2010-12-31
Q4 2010,6636,Harry Potter and the Deathly Hallows: Part 1,Warner Bros.,295983305.0,2010-11-19,2010-12-31
Q4 2010,6643,Tangled,Walt Disney Studios Motion Pictures,200807262.0,2010-11-24,2010-12-31
Q4 2010,6644,Megamind,DreamWorks,148415853.0,2010-11-05,2010-12-31
Q4 2010,6649,TRON: Legacy,Walt Disney Studios Motion Pictures,170669481.0,2010-12-17,2010-12-31
Q4 2010,6650,Jackass 3D,Paramount Pictures,117229692.0,2010-10-15,2010-12-31
Q4 2010,6652,Sherlock Holmes,Warner Bros.,209028679.0,2010-12-25,2010-12-31
Q4 2010,6655,Due Date,Warner Bros.,100539043.0,2010-11-05,2010-12-31
Q4 2010,6656,Alvin and the Chipmunks: The Squeakquel,Twentieth Century Fox,219553378.0,2010-12-23,2010-12-31
Q4 2010,6660,The Social Network,Sony Pictures Releasing,96962694.0,2010-10-01,2010-12-31
Q4 2010,6662,RED,Summit Entertainment,90380162.0,2010-10-15,2010-12-31
Q4 2010,6665,Paranormal Activity 2,Paramount Pictures,84752907.0,2010-10-22,2010-12-31
Q4 2010,6666,Little Fockers,Universal Pictures,148438600.0,2010-12-22,2010-12-31
Q4 2010,6668,The Chronicles of Narnia: The Voyage of the Dawn Treader,Twentieth Century Fox,104367133.0,2010-12-10,2010-12-31
Q4 2010,6670,Unstoppable,Twentieth Century Fox,81537988.0,2010-11-12,2010-12-31
Q4 2010,6674,It's Complicated,Universal Pictures,112735375.0,2010-12-25,2010-12-31
Q4 2010,6675,True Grit,Paramount Pictures,171243005.0,2010-12-22,2010-12-31
Q4 2010,6685,The Blind Side,Warner Bros.,255951749.0,2010-11-20,2010-12-31
Q4 2010,6687,Secretariat,Walt Disney Studios Motion Pictures,59713955.0,2010-10-08,2010-12-31
Q4 2010,6690,Yogi Bear,Warner Bros.,100246011.0,2010-12-17,2010-12-31
Q4 2010,6693,Life as We Know It,Warner Bros.,53374681.0,2010-10-08,2010-12-31
Q4 2010,6697,Up in the Air,Paramount Pictures,83823381.0,2010-12-04,2010-12-31
Q4 2010,6698,The Tourist,Sony Pictures Releasing,67631157.0,2010-12-10,2010-12-31
Q4 2010,6702,Saw: The Final Chapter,Lionsgate,45710178.0,2010-10-29,2010-12-31
Q4 2010,6703,The Lovely Bones,DreamWorks,44114232.0,2010-12-11,2010-12-31
Q4 2010,6709,Black Swan,Fox Searchlight Pictures,106950757.0,2010-12-03,2010-12-31
Q4 2010,6712,The Fighter,Paramount Pictures,93617009.0,2010-12-10,2010-12-31
Q4 2010,6713,Crazy Heart,Fox Searchlight Pictures,39458875.0,2010-12-16,2010-12-31
Q4 2010,6714,For Colored Girls,Lionsgate,37729698.0,2010-11-05,2010-12-31
Q4 2010,6716,Burlesque,Screen Gems,39440655.0,2010-11-24,2010-12-31
Q4 2010,6722,Hereafter,Warner Bros.,32746941.0,2010-10-15,2010-12-31
Q4 2010,6727,Love & Other Drugs,Twentieth Century Fox,32343814.0,2010-11-24,2010-12-31
Q4 2010,6728,Morning Glory,Paramount Pictures,31011732.0,2010-11-10,2010-12-31
Q4 2010,6743,Faster,CBS Films,23240020.0,2010-11-24,2010-12-31
Q4 2010,6744,The Princess and the Frog,Walt Disney Studios Motion Pictures,97955233.0,2010-11-25,2010-12-31
Q4 2010,6745,How Do You Know,Sony Pictures Releasing,30212620.0,2010-12-17,2010-12-31
Q4 2010,6747,Skyline,Universal Pictures,21393620.0,2010-11-12,2010-12-31
Q4 2010,6748,Gulliver's Travels,Twentieth Century Fox,42763879.0,2010-12-25,2010-12-31
Q4 2010,6749,The Next Three Days,Lionsgate,21148651.0,2010-11-19,2010-12-31
Q4 2010,6756,The King's Speech,The Weinstein Company,135453143.0,2010-11-26,2010-12-31
Q4 2010,6761,My Soul to Take,Universal Pictures,14744435.0,2010-10-08,2010-12-31
Q4 2010,6763,Case 39,Paramount Vantage,13261851.0,2010-10-01,2010-12-31
Q4 2010,6764,Let Me In,Overture Films,12134935.0,2010-10-01,2010-12-31
Q4 2010,6765,The Twilight Saga: New Moon,Summit Entertainment,296623634.0,2010-11-20,2010-12-31
Q4 2010,6767,Invictus,Warner Bros.,37491364.0,2010-12-11,2010-12-31
Q4 2010,6770,127 Hours,Fox Searchlight Pictures,18292814.0,2010-11-05,2010-12-31
Q4 2010,6772,Nine,The Weinstein Company,19670243.0,2010-12-18,2010-12-31
Q4 2010,6773,Did You Hear About the Morgans?,Sony Pictures Releasing,29580087.0,2010-12-18,2010-12-31
Q4 2010,6775,Fair Game,Summit Entertainment,9540691.0,2010-11-05,2010-12-31
Q4 2010,6776,The Young Victoria,Apparition,11001272.0,2010-12-18,2010-12-31
Q4 2010,6778,A Single Man,The Weinstein Company,9152334.0,2010-12-11,2010-12-31
Q4 2010,6781,The Imaginarium of Doctor Parnassus,Sony Pictures Classics,7689607.0,2010-12-25,2010-12-31
Q4 2010,6782,Conviction2010 Re-release,Fox Searchlight Pictures,6756095.0,2010-10-15,2010-12-31
Q4 2010,6787,It's Kind of a Funny Story,Focus Features,6363628.0,2010-10-08,2010-12-31
Q4 2010,6790,The Warrior's Way,Relativity Media,5666340.0,2010-12-03,2010-12-31
Q4 2010,6792,Precious,Lionsgate,47566524.0,2010-11-06,2010-12-31
Q4 2010,6793,The Girl Who Kicked the Hornet's Nest,Music Box Films,5190196.0,2010-10-29,2010-12-31
Q4 2010,6794,An Education,Sony Pictures Classics,12574914.0,2010-10-09,2010-12-31
Q4 2010,6801,Broken Embraces,Sony Pictures Classics,5014305.0,2010-11-20,2010-12-31
Q4 2010,6802,Inside Job,Sony Pictures Classics,4312735.0,2010-10-08,2010-12-31
Q4 2010,6804,3 Idiots,Reliance Big Pictures,6532874.0,2010-12-23,2010-12-31
Q4 2010,6805,2012,Sony Pictures Releasing,166112167.0,2010-11-13,2010-12-31
Q4 2010,6811,N-Secure,Freestyle Releasing,2595644.0,2010-10-15,2010-12-31
Q4 2010,6815,Planet 51,Sony Pictures Releasing,42194060.0,2010-11-20,2010-12-31
Q4 2010,6816,Brothers,Lionsgate,28544157.0,2010-12-04,2010-12-31
Q4 2010,6817,Fantastic Mr. Fox,Twentieth Century Fox,20958741.0,2010-11-13,2010-12-31
Q4 2010,6818,The White Ribbon,Sony Pictures Classics,2222862.0,2010-12-30,2010-12-31
Q4 2010,6822,Stone,Overture Films,1810078.0,2010-10-08,2010-12-31
Q4 2010,6831,Nowhere Boy,The Weinstein Company,1457248.0,2010-10-08,2010-12-31
Q4 2010,6835,Golmaal 3,Eros International,1132192.0,2010-11-05,2010-12-31
Q4 2010,6841,Guzaarish,UTV Motion Pictures,1017335.0,2010-11-19,2010-12-31
Q4 2010,6842,I Love You Phillip Morris2010 Re-release,Roadside Attractions,2037459.0,2010-12-03,2010-12-31
Q4 2010,6843,Tees Maar Khan,UTV Motion Pictures,1076443.0,2010-12-22,2010-12-31
Q4 2010,6844,Where the Wild Things Are,Warner Bros.,77233467.0,2010-10-16,2010-12-31
Q4 2010,6845,Couples Retreat,Universal Pictures,109204945.0,2010-10-09,2010-12-31
Q4 2010,6847,Old Dogs,Walt Disney Studios Motion Pictures,47397427.0,2010-11-25,2010-12-31
Q4 2010,6848,Anjaana Anjaani,Eros International,854757.0,2010-10-01,2010-12-31
Q4 2010,6850,Ninja Assassin,Warner Bros.,38122883.0,2010-11-25,2010-12-31
Q4 2010,6853,Sea Monsters: A Prehistoric Adventure,National Geographic Entertainment,23744066.0,2010-10-05,2010-12-31
Q4 2010,6860,A Christmas Carol,Walt Disney Studios Motion Pictures,137562562.0,2010-11-06,2010-12-31
Q4 2010,6866,Law Abiding Citizen,Overture Films,73357727.0,2010-10-16,2010-12-31
Q4 2010,6868,The Polar Express2010 IMAX Release,Warner Bros.,672796.0,2010-12-03,2010-12-31
Q4 2010,6875,The Man from Nowhere,CJ Entertainment,528175.0,2010-10-01,2010-12-31
Q4 2010,6877,Tamara Drewe,Sony Pictures Classics,559871.0,2010-10-08,2010-12-31
Q4 2010,6882,The Messenger,Oscilloscope,1109660.0,2010-11-13,2010-12-31
Q4 2010,6885,The Men Who Stare at Goats,Overture Films,32428195.0,2010-11-06,2010-12-31
Q4 2010,6886,I Want Your Money,Freestyle Releasing,433588.0,2010-10-15,2010-12-31
Q4 2010,6887,The Boondock Saints II: All Saints Day,Apparition,10273188.0,2010-10-30,2010-12-31
Q4 2010,6888,Break Ke Baad,Reliance Big Pictures,427628.0,2010-11-24,2010-12-31
Q4 2010,6889,Armored,Screen Gems,15988876.0,2010-12-04,2010-12-31
Q4 2010,6893,Made in Dagenham,Sony Pictures Classics,1095369.0,2010-11-19,2010-12-31
Q4 2010,6899,Me and Orson Welles,Freestyle Releasing,1190003.0,2010-11-25,2010-12-31
Q4 2010,6901,Rabbit Hole,Lionsgate,2229058.0,2010-12-17,2010-12-31
Q4 2010,6902,Somewhere,Focus Features,1785645.0,2010-12-22,2010-12-31
Q4 2010,6906,Today's Special,Vitagraph Films,317831.0,2010-11-19,2010-12-31
Q4 2010,6907,Bad Lieutenant: Port of Call New Orleans,First Look International,1702112.0,2010-11-20,2010-12-31
Q4 2010,6908,Vision,Zeitgeist Films,435274.0,2010-10-13,2010-12-31
Q4 2010,6909,All Good Things2010 Re-release,Magnolia Pictures,582024.0,2010-12-03,2010-12-31
Q4 2010,6912,No Problem,Eros International,285468.0,2010-12-10,2010-12-31
Q4 2010,6913,If You Are the One 2,China Lion Film Distribution,426894.0,2010-12-24,2010-12-31
Q4 2010,6916,Tiny Furniture,IFC Films,391674.0,2010-11-12,2010-12-31
Q4 2010,6919,White Material,IFC Films,304020.0,2010-11-19,2010-12-31
Q4 2010,6920,Monsters,Magnolia Pictures,237301.0,2010-10-29,2010-12-31
Q4 2010,6921,That Evening Sun,Freestyle Releasing,281350.0,2010-11-06,2010-12-31
Q4 2010,6922,Four Lions,Drafthouse Films,304616.0,2010-11-05,2010-12-31
Q4 2010,6925,The Tempest,Miramax,237254.0,2010-12-10,2010-12-31
Q4 2010,6931,The Nutcracker in 3D,Freestyle Releasing,195459.0,2010-11-24,2010-12-31
Q4 2010,6932,Rare Exports,Oscilloscope,236347.0,2010-12-03,2010-12-31
Q4 2010,6935,Galapagos,IMAX,18627957.0,2010-10-29,2010-12-31
Q4 2010,6944,Leaving,IFC Films,176113.0,2010-10-01,2010-12-31
Q4 2010,6945,Astro Boy,Summit Entertainment,19551067.0,2010-10-23,2010-12-31
Q4 2010,6947,Client 9: The Rise and Fall of Eliot Spitzer,Magnolia Pictures,189416.0,2010-11-05,2010-12-31
Q4 2010,6952,Welcome to the Rileys,The Samuel Goldwyn Company,158898.0,2010-10-29,2010-12-31
Q4 2010,6956,Blue Valentine,The Weinstein Company,9706328.0,2010-12-29,2010-12-31
Q4 2010,6958,Chain Letter,New Films Cinema,138788.0,2010-10-01,2010-12-31
Q4 2010,6962,Carlos,IFC Films,145526.0,2010-10-15,2010-12-31
Q4 2010,6963,A Serious Man,Focus Features,9228768.0,2010-10-02,2010-12-31
Q4 2010,6968,Red Cliff,Magnolia Pictures,627047.0,2010-11-18,2010-12-31
Q4 2010,6975,Wild Target,Freestyle Releasing,108589.0,2010-10-29,2010-12-31
Q4 2010,6976,Inspector Bellamy,IFC Films,107612.0,2010-10-29,2010-12-31
Q4 2010,6981,Freakonomics,Magnolia Pictures,101270.0,2010-10-01,2010-12-31
Q4 2010,6985,I Spit on Your Grave,Anchor Bay Films,93051.0,2010-10-08,2010-12-31
Q4 2010,6986,Country Strong,Screen Gems,20218921.0,2010-12-22,2010-12-31
Q4 2010,6987,The Fourth Kind,Universal Pictures,25486040.0,2010-11-06,2010-12-31
Q4 2010,6990,The Private Lives of Pippa Lee,Screen Media Films,337356.0,2010-11-27,2010-12-31
Q4 2010,6993,The Maid,Elephant Eye Films,576608.0,2010-10-16,2010-12-31
Q4 2010,6994,Until the Light Takes Us,Variance Films,127013.0,2010-12-04,2010-12-31
Q4 2010,6995,The Illusionist,Sony Pictures Classics,2231474.0,2010-12-25,2010-12-31
Q4 2010,6999,Pirate Radio,Focus Features,8017917.0,2010-11-13,2010-12-31
Q4 2010,7000,Budrus,Balcony Releasing,68353.0,2010-10-08,2010-12-31
Q4 2010,7002,Marwencol,The Cinema Guild,111837.0,2010-10-08,2010-12-31
Q4 2010,7003,Cool It,Roadside Attractions,62713.0,2010-11-12,2010-12-31
Q4 2010,7005,Aftershock,China Lion Film Distribution,60594.0,2010-10-29,2010-12-31
Q4 2010,7007,A Town Called Panic,Zeitgeist Films,161624.0,2010-12-16,2010-12-31
Q4 2010,7009,Another Year,Sony Pictures Classics,3200823.0,2010-12-29,2010-12-31
Q4 2010,7010,Hatchet II,Vitagraph Films,52604.0,2010-10-01,2010-12-31
Q4 2010,7014,Night Catches Us,Magnolia Pictures,76185.0,2010-12-03,2010-12-31
Q4 2010,7028,Amelia,Fox Searchlight Pictures,14246488.0,2010-10-23,2010-12-31
Q4 2010,7029,Killing Kasztner,Sky Island Films,85779.0,2010-10-23,2010-12-31
Q4 2010,7030,The End of Poverty?,Cinema Libre Studio,54864.0,2010-11-13,2010-12-31
Q4 2010,7033,The Legend of Pale Male,Balcony Releasing,38083.0,2010-11-24,2010-12-31
Q4 2010,7035,Bhutto,First Run,99277.0,2010-12-03,2010-12-31
Q4 2010,7039,Boxing Gym,Zipporah Films,32476.0,2010-10-22,2010-12-31
Q4 2010,7040,William S. Burroughs: A Man Within,Oscilloscope,46380.0,2010-11-17,2010-12-31
Q4 2010,7054,Small Change,The Film Desk,37610.0,2010-11-24,2010-12-31
Q4 2010,7055,The Box,Warner Bros.,15051977.0,2010-11-06,2010-12-31
Q4 2010,7060,Saint Misbehavin': The Wavy Gravy Movie,Argot Pictures,29893.0,2010-12-03,2010-12-31
Q4 2010,7061,Four Seasons Lodge,First Run,57544.0,2010-11-11,2010-12-31
Q4 2010,7067,The Garden of Eden,Roadside Attractions,22083.0,2010-12-10,2010-12-31
Q4 2010,7068,And Everything Is Going Fine,IFC Films,22080.0,2010-12-10,2010-12-31
Q4 2010,7071,Douchebag,Paladin,20615.0,2010-10-01,2010-12-31
Q4 2010,7078,The Polar Express2009 IMAX Release,Warner Bros.,514354.0,2010-11-06,2010-12-31
Q4 2010,7080,The Sun2009 Re-release,Lorber Films,62602.0,2010-11-18,2010-12-31
Q4 2010,7082,The Wedding Song,Strand Releasing,30162.0,2010-10-09,2010-12-31
Q4 2010,7083,Ghetto Physics,The Samuel Goldwyn Company,14034.0,2010-10-08,2010-12-31
Q4 2010,7087,Shoah,IFC Films,20175.0,2010-12-10,2010-12-31
Q4 2010,7088,Jim,Area 23a,13000.0,2010-10-08,2010-12-31
Q4 2010,7089,Good Hair,Roadside Attractions,4157223.0,2010-10-09,2010-12-31
Q4 2010,7092,The Damned United,Sony Pictures Classics,449865.0,2010-10-09,2010-12-31
Q4 2010,7093,Violet Tendencies,Embrem Entertainment,13304.0,2010-11-05,2010-12-31
Q4 2010,7095,Cherry,Abramorama,11362.0,2010-10-08,2010-12-31
Q4 2010,7097,Strange Powers: Stephin Merritt and the Magnetic Fields,Variance Films,67521.0,2010-10-27,2010-12-31
Q4 2010,7099,Frankie & Alice,Freestyle Releasing,10670.0,2010-12-10,2010-12-31
Q4 2010,7103,Down Terrace,Magnolia Pictures,9812.0,2010-10-15,2010-12-31
Q4 2010,7104,Summer Wars,GKIDS,80768.0,2010-12-24,2010-12-31
Q4 2010,7105,The Taqwacores,Strand Releasing,9347.0,2010-10-22,2010-12-31
Q4 2010,7109,The Missing Person,Strand Releasing,16948.0,2010-11-20,2010-12-31
Q4 2010,7112,Terkel in Trouble2010 Re-release,Indican Pictures,39885.0,2010-10-15,2010-12-31
Q4 2010,7131,Regina Spektor Live in London,Cinema Purgatorio,6684.0,2010-11-19,2010-12-31
Q4 2010,7135,Home2008 Re-release,Lorber Films,15677.0,2010-11-27,2010-12-31
Q4 2010,7137,BearCity,TLA Releasing,6000.0,2010-10-22,2010-12-31
Q4 2010,7143,Come Undone,Film Movement,6203.0,2010-12-03,2010-12-31
Q4 2010,7151,Inhale,IFC Films,4115.0,2010-10-22,2010-12-31
Q4 2010,7153,Heartless,IFC Films,3697.0,2010-11-19,2010-12-31
Q4 2010,7158,Nénette,Kino International,17886.0,2010-12-22,2010-12-31
Q4 2010,7161,The Strange Case of Angelica,The Cinema Guild,49429.0,2010-12-29,2010-12-31
Q4 2010,7162,Hadewijch,IFC Films,5006.0,2010-12-24,2010-12-31
Q4 2010,7166,Adolf Eichmann,Regent Releasing,2706.0,2010-10-29,2010-12-31
Q4 2010,7169,The Slammin' Salmon,Anchor Bay Films,41587.0,2010-12-11,2010-12-31
Q4 2010,7171,The Wild Child,The Film Desk,64048.0,2010-11-07,2010-12-31
Q4 2010,7176,Every Man for Himself,The Film Desk,46793.0,2010-11-12,2010-12-31
Q4 2010,7184,Endgame,Monterey Media,9645.0,2010-11-06,2010-12-31
Q4 2010,7186,Breakfast with Scot,Regent Releasing,45946.0,2010-10-10,2010-12-31
Q4 2010,7191,"Carmo, Hit the Road2010 Re-release",First Run,1512.0,2010-10-15,2010-12-31
Q4 2010,7195,Yuri Gagarin Conspiracy: Fallen Idol,Indican Pictures,13179.0,2010-10-02,2010-12-31
Q4 2010,7196,The Red Chapel,Lorber Films,5236.0,2010-12-29,2010-12-31
Q4 2010,7198,Trucker,Monterey Media,52166.0,2010-10-09,2010-12-31
Q4 2010,7200,$9.99,Regent Releasing,51563.0,2010-12-12,2010-12-31
Q4 2010,7203,Shake Hands with the Devil,Regent Releasing,594.0,2010-10-29,2010-12-31
Q4 2010,7207,The Magician2010 Re-release,Regent Releasing,406.0,2010-10-29,2010-12-31
Q4 2010,7208,Tru Loved,Regent Releasing,9192.0,2010-10-17,2010-12-31
Q4 2010,7219,Peter and Vandy,Strand Releasing,10761.0,2010-10-09,2010-12-31
Q4 2010,7220,To Die Is Hard,Driving With Our Eyes Shut,4549.0,2010-12-17,2010-12-31
Q4 2010,7221,From Mexico with Love,Roadside Attractions,548787.0,2010-10-09,2010-12-31
Q4 2010,7222,Zenith,Cinema Purgatorio,4881.0,2010-10-01,2010-12-31
