season,Unnamed: 0,movie,studio,gross,release,time
Q1 2006,4107,Ice Age: The Meltdown,Twentieth Century Fox,195306682.0,2006-03-31,2006-03-31
Q1 2006,4122,Failure to Launch,Paramount Pictures,88715192.0,2006-03-10,2006-03-31
Q1 2006,4123,Inside Man,Universal Pictures,88513495.0,2006-03-24,2006-03-31
Q1 2006,4125,The Pink Panther,Sony Pictures Releasing,82226474.0,2006-02-10,2006-03-31
Q1 2006,4128,Eight Below,Walt Disney Studios Motion Pictures,79546110.0,2006-02-17,2006-03-31
Q1 2006,4135,V for Vendetta,Warner Bros.,70511035.0,2006-03-17,2006-03-31
Q1 2006,4138,Big Momma's House 2,Twentieth Century Fox,70129222.0,2006-01-27,2006-03-31
Q1 2006,4142,Madea's Family Reunion,Lionsgate,63257940.0,2006-02-24,2006-03-31
Q1 2006,4143,Underworld: Evolution,Screen Gems,62318875.0,2006-01-20,2006-03-31
Q1 2006,4150,Curious George,Universal Pictures,58360760.0,2006-02-10,2006-03-31
Q1 2006,4151,The Shaggy Dog,Walt Disney Studios Motion Pictures,56977022.0,2006-03-10,2006-03-31
Q1 2006,4163,Firewall,Warner Bros.,48751189.0,2006-02-10,2006-03-31
Q1 2006,4164,Date Movie,Twentieth Century Fox,48510383.0,2006-02-17,2006-03-31
Q1 2006,4166,When a Stranger Calls,Screen Gems,47860214.0,2006-02-03,2006-03-31
Q1 2006,4167,Hostel,Lionsgate,47326473.0,2006-01-06,2006-03-31
Q1 2006,4168,Nanny McPhee,Universal Pictures,47144110.0,2006-01-27,2006-03-31
Q1 2006,4172,Glory Road,Walt Disney Studios Motion Pictures,41767205.0,2006-01-13,2006-03-31
Q1 2006,4173,The Hills Have Eyes,Fox Searchlight Pictures,41708206.0,2006-03-10,2006-03-31
Q1 2006,4177,Last Holiday,Paramount Pictures,38399961.0,2006-01-13,2006-03-31
Q1 2006,4180,16 Blocks,Warner Bros.,36895141.0,2006-03-03,2006-03-31
Q1 2006,4190,She's the Man,DreamWorks,33741133.0,2006-03-17,2006-03-31
Q1 2006,4200,Thank You for Smoking,Fox Searchlight Pictures,24772457.0,2006-03-17,2006-03-31
Q1 2006,4211,Stay Alive,Walt Disney Studios Motion Pictures,22398939.0,2006-03-24,2006-03-31
Q1 2006,4212,Deep Sea,Warner Bros.,46403478.0,2006-03-03,2006-03-31
Q1 2006,4214,ATL,Warner Bros.,21170563.0,2006-03-31,2006-03-31
Q1 2006,4223,Aquamarine,Twentieth Century Fox,18568348.0,2006-03-03,2006-03-31
Q1 2006,4224,Ultraviolet,Screen Gems,18535812.0,2006-03-03,2006-03-31
Q1 2006,4229,Annapolis,Walt Disney Studios Motion Pictures,16613087.0,2006-01-27,2006-03-31
Q1 2006,4231,Larry the Cable Guy: Health Inspector,Lionsgate,15680099.0,2006-03-24,2006-03-31
Q1 2006,4234,Tristan & Isolde,Twentieth Century Fox,14711400.0,2006-01-13,2006-03-31
Q1 2006,4240,Freedomland,Revolution Studios,12512886.0,2006-02-17,2006-03-31
Q1 2006,4256,Slither,Universal Pictures,7802450.0,2006-03-31,2006-03-31
Q1 2006,4258,Doogal,The Weinstein Company,7417319.0,2006-02-24,2006-03-31
Q1 2006,4265,Grandma's Boy,Twentieth Century Fox,6082490.0,2006-01-06,2006-03-31
Q1 2006,4266,Basic Instinct 2,Sony Pictures Releasing,5971336.0,2006-03-31,2006-03-31
Q1 2006,4270,Aliens of the Deep,Walt Disney Studios Motion Pictures,8961527.0,2006-01-28,2006-03-31
Q1 2006,4289,Bugs!,SK Films,19062359.0,2006-03-12,2006-03-31
Q1 2006,4293,Rang De Basanti,UTV Motion Pictures,2197694.0,2006-01-27,2006-03-31
Q1 2006,4295,Neil Young: Heart of Gold,Paramount Classics,1904606.0,2006-02-10,2006-03-31
Q1 2006,4299,Final Destination 3,New Line Cinema,53145076.0,2006-02-10,2006-03-31
Q1 2006,4302,Night Watch2005 Re-release,Fox Searchlight Pictures,1478253.0,2006-02-17,2006-03-31
Q1 2006,4303,Why We Fight,Sony Pictures Classics,1439972.0,2006-01-20,2006-03-31
Q1 2006,4310,Tristram Shandy: A Cock and Bull Story,Picturehouse,1253413.0,2006-01-27,2006-03-31
Q1 2006,4331,Looking for Comedy in the Muslim World,Warner Independent Pictures (WIP),888975.0,2006-01-20,2006-03-31
Q1 2006,4338,Ask the Dust,Paramount Classics,743847.0,2006-03-10,2006-03-31
Q1 2006,4339,Sophie Scholl: The Final Days,Zeitgeist Films,680331.0,2006-02-17,2006-03-31
Q1 2006,4341,Imagine Me & You,Fox Searchlight Pictures,669130.0,2006-01-27,2006-03-31
Q1 2006,4342,The Child,Sony Pictures Classics,651941.0,2006-03-24,2006-03-31
Q1 2006,4365,The Second Chance,Triumph Releasing Corporation,463542.0,2006-02-17,2006-03-31
Q1 2006,4369,Don't Come Knocking,Sony Pictures Classics,440793.0,2006-03-17,2006-03-31
Q1 2006,4382,Marilyn Hotchkiss' Ballroom Dancing & Charm School,IDP Distribution,349132.0,2006-03-31,2006-03-31
Q1 2006,4385,The Devil and Daniel Johnston,Sony Pictures Classics,334450.0,2006-03-31,2006-03-31
Q1 2006,4386,Zinda,Eros International,332491.0,2006-01-13,2006-03-31
Q1 2006,4390,Steve Harvey: Don't Trip... He Ain't Through with Me Yet,Freestyle Releasing,319021.0,2006-03-17,2006-03-31
Q1 2006,4395,Taxi No. 9 2 11: Nau Do Gyarah,UTV Motion Pictures,292794.0,2006-02-24,2006-03-31
Q1 2006,4405,A Good Woman,Lionsgate,238609.0,2006-02-03,2006-03-31
Q1 2006,4409,Something New,Focus Features,10617274.0,2006-02-03,2006-03-31
Q1 2006,4417,Dirty,Silver Nitrate,242586.0,2006-01-20,2006-03-31
Q1 2006,4418,Tamara,City Lights Pictures,206871.0,2006-02-03,2006-03-31
Q1 2006,4423,Fateless,THINKFilm,196857.0,2006-01-06,2006-03-31
Q1 2006,4430,2005 Academy Award Nominated Short Films,Magnolia Pictures,157415.0,2006-02-24,2006-03-31
Q1 2006,4431,Lonesome Jim,IFC Films,154187.0,2006-03-24,2006-03-31
Q1 2006,4439,Duck Season2005 Re-release,Warner Independent Pictures (WIP),147551.0,2006-03-10,2006-03-31
Q1 2006,4440,Bubble,Magnolia Pictures,145626.0,2006-01-27,2006-03-31
Q1 2006,4448,What the Bleep!?: Down the Rabbit Hole,IDP Distribution,138913.0,2006-02-03,2006-03-31
Q1 2006,4453,Game 6,Kindred Media Group,129664.0,2006-03-10,2006-03-31
Q1 2006,4454,Unknown White Male,Wellspring Media,126836.0,2006-02-24,2006-03-31
Q1 2006,4456,Awesome; I Fuckin' Shot That!,THINKFilm,125996.0,2006-03-31,2006-03-31
Q1 2006,4469,The Wild Parrots of Telegraph Hill,Shadow Distribution,3057901.0,2006-02-09,2006-03-31
Q1 2006,4470,Winter Passing,Yari Film Group Releasing,107492.0,2006-02-17,2006-03-31
Q1 2006,4472,Being Cyrus,Eros International,100184.0,2006-03-24,2006-03-31
Q1 2006,4476,Summer Storm,Regent Releasing,94749.0,2006-03-17,2006-03-31
Q1 2006,4490,The Fallen Idol,Rialto Pictures,136064.0,2006-02-10,2006-03-31
Q1 2006,4500,Dave Chappelle's Block Party,Rogue Pictures,11350621.0,2006-03-03,2006-03-31
Q1 2006,4508,Find Me Guilty,Yari Film Group Releasing,843550.0,2006-03-17,2006-03-31
Q1 2006,4518,Tibet: A Buddhist Trilogy,Thread Cross Films,47243.0,2006-03-31,2006-03-31
Q1 2006,4519,The Zodiac,THINKFilm,45148.0,2006-03-17,2006-03-31
Q1 2006,4523,Shakespeare Behind Bars,International Film Circuit,46494.0,2006-03-10,2006-03-31
Q1 2006,4526,Rape of the Soul,Slowhand Cinema Releasing,39975.0,2006-03-17,2006-03-31
Q1 2006,4533,Little Jerusalem,Kino International,49428.0,2006-01-27,2006-03-31
Q1 2006,4543,Henri Cartier-Bresson: The Impassioned Eye,Palm Pictures,29710.0,2006-01-13,2006-03-31
Q1 2006,4544,The Heart Is Deceitful Above All Things2006 Re-release,Palm Pictures,29058.0,2006-03-10,2006-03-31
Q1 2006,4545,Don't Tell,Lionsgate,29015.0,2006-03-17,2006-03-31
Q1 2006,4553,Through the Fire,Cinema Libre Studio,25752.0,2006-02-10,2006-03-31
Q1 2006,4557,American Gun,IFC Films,24098.0,2006-03-22,2006-03-31
Q1 2006,4559,Brick,Focus Features,683000.0,2006-03-31,2006-03-31
Q1 2006,4562,Battle in Heaven,Tartan,70353.0,2006-02-17,2006-03-31
Q1 2006,4567,London,IDP Distribution,20361.0,2006-02-10,2006-03-31
Q1 2006,4568,Manderlay,IFC Films,20296.0,2006-01-27,2006-03-31
Q1 2006,4570,State of Fear,Skylight Pictures,20055.0,2006-01-11,2006-03-31
Q1 2006,4574,Iron Island,Kino International,24877.0,2006-03-31,2006-03-31
Q1 2006,4598,Our Brand Is Crisis,Koch Lorber Films,166750.0,2006-03-01,2006-03-31
Q1 2006,4606,Heading South,Shadow Distribution,898468.0,2006-02-03,2006-03-31
Q1 2006,4610,Live Freaky Die Freaky,Wellspring Media,11290.0,2006-01-27,2006-03-31
Q1 2006,4624,Illusion,Slowhand Cinema Releasing,9261.0,2006-02-17,2006-03-31
Q1 2006,4626,Evil,Magnolia Pictures,13119.0,2006-03-10,2006-03-31
Q1 2006,4627,Yang Ban Xi: The 8 Modelworks,Shadow Distribution,20521.0,2006-02-08,2006-03-31
Q1 2006,4629,Forgiving Dr. Mengele,First Run,10002.0,2006-02-24,2006-03-31
Q1 2006,4631,Little Fish,First Look International,8148.0,2006-02-24,2006-03-31
Q1 2006,4651,Pizza,IFC Films,5716.0,2006-01-20,2006-03-31
Q1 2006,4652,Drawing Restraint 9,IFC Films,234743.0,2006-03-29,2006-03-31
Q1 2006,4665,The Tollbooth,Castle Hill Productions,4546.0,2006-02-03,2006-03-31
Q1 2006,4668,Cowboy del Amor,Emerging Pictures,4438.0,2006-02-10,2006-03-31
Q1 2006,4670,A Year Without Love,Strand Releasing,18427.0,2006-02-10,2006-03-31
Q1 2006,4676,Beyond Honor,International Film Circuit,5699.0,2006-03-17,2006-03-31
Q1 2006,4678,Street Fight,Frontier Films,4779.0,2006-02-22,2006-03-31
Q1 2006,4684,Blossoms of Fire,New Yorker Films,3365.0,2006-02-03,2006-03-31
Q1 2006,4687,Film Geek,First Run,17228.0,2006-01-13,2006-03-31
Q1 2006,4699,The Big Question,THINKFilm,2248.0,2006-03-17,2006-03-31
Q1 2006,4701,Workingman's Death,Seventh Art Releasing,2214.0,2006-02-24,2006-03-31
Q1 2006,4705,The Tenants,Rocky Mountain Pictures,2010.0,2006-02-03,2006-03-31
Q1 2006,4708,FAQs,TLA Releasing,1967.0,2006-02-03,2006-03-31
Q1 2006,4709,When the Sea Rises2006 Re-release,New Yorker Films,23222.0,2006-01-13,2006-03-31
Q1 2006,4713,Headspace,Freestyle Releasing,1650.0,2006-02-17,2006-03-31
Q1 2006,4717,Take My Eyes2006 Re-release,New Yorker Films,11922.0,2006-03-17,2006-03-31
Q1 2006,4720,The Ister,Icarus Films,1124.0,2006-02-10,2006-03-31
Q1 2006,4727,April's Shower,Regent Releasing,15976.0,2006-01-13,2006-03-31
Q1 2006,4730,Doing Time for Patsy Cline,Oilrag Productions,831.0,2006-03-03,2006-03-31
Q1 2006,4738,Plagues and Pleasures on the Salton Sea,Tilapia Film,50426.0,2006-02-24,2006-03-31
Q1 2006,4740,Zyzzyx Rd,Regent Releasing,30.0,2006-02-25,2006-03-31
Q1 2006,4745,Trudell,Balcony Releasing,4314.0,2006-02-03,2006-03-31
Q2 2006,4103,Cars,Walt Disney Studios Motion Pictures,244082982.0,2006-06-09,2006-06-30
Q2 2006,4104,X-Men: The Last Stand,Twentieth Century Fox,234337076.0,2006-05-26,2006-06-30
Q2 2006,4105,The Da Vinci Code,Sony Pictures Releasing,217536138.0,2006-05-19,2006-06-30
Q2 2006,4106,Superman Returns,Warner Bros.,200081192.0,2006-06-28,2006-06-30
Q2 2006,4109,Over the Hedge,DreamWorks,155019340.0,2006-05-19,2006-06-30
Q2 2006,4112,Click,Revolution Studios,137355633.0,2006-06-23,2006-06-30
Q2 2006,4113,Mission: Impossible III,Paramount Pictures,134029801.0,2006-05-05,2006-06-30
Q2 2006,4115,The Devil Wears Prada,Twentieth Century Fox,124724787.0,2006-06-30,2006-06-30
Q2 2006,4117,The Break-Up,Universal Pictures,118703275.0,2006-06-02,2006-06-30
Q2 2006,4127,Nacho Libre,Paramount Pictures,80197993.0,2006-06-16,2006-06-30
Q2 2006,4137,RV,Sony Pictures Releasing,71726025.0,2006-04-28,2006-06-30
Q2 2006,4140,The Fast and the Furious: Tokyo Drift,Universal Pictures,62514415.0,2006-06-16,2006-06-30
Q2 2006,4145,Poseidon,Warner Bros.,60674817.0,2006-05-12,2006-06-30
Q2 2006,4146,The Benchwarmers,Revolution Studios,59843754.0,2006-04-07,2006-06-30
Q2 2006,4155,The Omen,Twentieth Century Fox,54539463.0,2006-06-06,2006-06-30
Q2 2006,4159,The Lake House,Warner Bros.,52330111.0,2006-06-16,2006-06-30
Q2 2006,4169,Silent Hill,Sony Pictures Releasing,46982632.0,2006-04-21,2006-06-30
Q2 2006,4183,The Sentinel,Twentieth Century Fox,36262924.0,2006-04-21,2006-06-30
Q2 2006,4185,The Wild,Walt Disney Studios Motion Pictures,35183175.0,2006-04-14,2006-06-30
Q2 2006,4193,United 93,Universal Pictures,31483450.0,2006-04-28,2006-06-30
Q2 2006,4195,Garfield: A Tail of Two Kitties,Twentieth Century Fox,28387844.0,2006-06-16,2006-06-30
Q2 2006,4201,Stick It,Walt Disney Studios Motion Pictures,24656848.0,2006-04-28,2006-06-30
Q2 2006,4204,An Inconvenient Truth,Paramount Classics,24146161.0,2006-05-24,2006-06-30
Q2 2006,4217,A Prairie Home Companion,Picturehouse,20342852.0,2006-06-09,2006-06-30
Q2 2006,4220,Akeelah and the Bee,Lionsgate,18848430.0,2006-04-28,2006-06-30
Q2 2006,4227,Just My Luck,Twentieth Century Fox,17303661.0,2006-05-12,2006-06-30
Q2 2006,4232,See No Evil,Lionsgate,15032800.0,2006-05-19,2006-06-30
Q2 2006,4259,American Dreamz,Universal Pictures,7191830.0,2006-04-21,2006-06-30
Q2 2006,4263,Phat Girlz,Fox Searchlight Pictures,6937112.0,2006-04-07,2006-06-30
Q2 2006,4280,Goal! The Dream Begins,Walt Disney Studios Motion Pictures,3489781.0,2006-05-12,2006-06-30
Q2 2006,4284,Water2006 Re-release,Fox Searchlight Pictures,3278815.0,2006-04-28,2006-06-30
Q2 2006,4287,La mujer de mi hermano,Lionsgate,2808241.0,2006-04-14,2006-06-30
Q2 2006,4297,Who Killed the Electric Car?,Sony Pictures Classics,1678874.0,2006-06-28,2006-06-30
Q2 2006,4304,Krrish,Adlabs Films,1430721.0,2006-06-30,2006-06-30
Q2 2006,4308,Waist Deep,Rogue Pictures,16571366.0,2006-06-23,2006-06-30
Q2 2006,4313,Crash,Lionsgate,54580300.0,2006-05-06,2006-06-30
Q2 2006,4321,Peaceful Warrior,Lionsgate,1066748.0,2006-06-02,2006-06-30
Q2 2006,4322,Leonard Cohen: I'm Your Man,Lionsgate,1044254.0,2006-06-21,2006-06-30
Q2 2006,4324,Space Station 3D,IMAX,93379882.0,2006-04-19,2006-06-30
Q2 2006,4326,Hard Candy,Lionsgate,1024640.0,2006-04-14,2006-06-30
Q2 2006,4329,An American Haunting,Freestyle Releasing,14881118.0,2006-05-05,2006-06-30
Q2 2006,4335,The Proposition,First Look International,1295816.0,2006-05-05,2006-06-30
Q2 2006,4340,The Promise,Warner Independent Pictures (WIP),669625.0,2006-05-05,2006-06-30
Q2 2006,4345,The Celestine Prophecy,RAM Entertainment,617236.0,2006-04-19,2006-06-30
Q2 2006,4347,Friends with Money,Sony Pictures Classics,12464311.0,2006-04-07,2006-06-30
Q2 2006,4351,Down in the Valley,THINKFilm,568932.0,2006-05-05,2006-06-30
Q2 2006,4368,The Heart of the Game,Miramax,445374.0,2006-06-09,2006-06-30
Q2 2006,4370,American Masters: Sketches of Frank Gehry,Sony Pictures Classics,439309.0,2006-05-12,2006-06-30
Q2 2006,4372,When Do We Eat?,THINKFilm,431513.0,2006-04-07,2006-06-30
Q2 2006,4376,Keeping Up with the Steins,Miramax,2023812.0,2006-05-12,2006-06-30
Q2 2006,4384,Chup Chup Ke,UTV Motion Pictures,334618.0,2006-06-09,2006-06-30
Q2 2006,4389,The Road to Guantanamo,IDP Distribution,326876.0,2006-06-23,2006-06-30
Q2 2006,4396,Only Human2006 Re-release,Magnolia Pictures,284961.0,2006-06-16,2006-06-30
Q2 2006,4398,The King,THINKFilm,282183.0,2006-05-19,2006-06-30
Q2 2006,4402,Humko Deewana Kar Gaye,UTV Motion Pictures,250083.0,2006-04-14,2006-06-30
Q2 2006,4406,A Wake in Providence,Indican Pictures,397057.0,2006-04-15,2006-06-30
Q2 2006,4408,Wah-Wah,IDP Distribution,234750.0,2006-05-12,2006-06-30
Q2 2006,4412,Wassup Rockers,First Look International,221574.0,2006-06-23,2006-06-30
Q2 2006,4415,Lady Vengeance,Tartan,211667.0,2006-04-28,2006-06-30
Q2 2006,4424,The Puffy Chair,IDP Distribution,194523.0,2006-06-02,2006-06-30
Q2 2006,4426,On a Clear Day,Focus Features,191033.0,2006-04-07,2006-06-30
Q2 2006,4429,Hoot,New Line Cinema,6954521.0,2006-05-05,2006-06-30
Q2 2006,4432,The Mostly Unfabulous Social Life of Ethan Green,Regent Releasing,153122.0,2006-06-16,2006-06-30
Q2 2006,4434,Three Times,IFC Films,151922.0,2006-04-26,2006-06-30
Q2 2006,4435,Pyare Mohan,Eros International,150198.0,2006-04-21,2006-06-30
Q2 2006,4436,The Great New Wonderful,First Independent Pictures,150142.0,2006-06-23,2006-06-30
Q2 2006,4444,Mountain Patrol2006 Re-release,IDP Distribution,143383.0,2006-04-14,2006-06-30
Q2 2006,4447,Typhoon,Paramount Classics,139059.0,2006-06-02,2006-06-30
Q2 2006,4449,Clean,Palm Pictures,138711.0,2006-04-28,2006-06-30
Q2 2006,4451,Lower City,Palm Pictures,130794.0,2006-06-16,2006-06-30
Q2 2006,4464,Art School Confidential,Sony Pictures Classics,1855342.0,2006-05-05,2006-06-30
Q2 2006,4465,I Am a Sex Addict,IFC Films,115694.0,2006-04-05,2006-06-30
Q2 2006,4474,12 and Holding,IFC Films,96464.0,2006-05-19,2006-06-30
Q2 2006,4477,Somersault2006 Re-release,Magnolia Pictures,92214.0,2006-04-21,2006-06-30
Q2 2006,4479,The Keeper: The Legend of Omar Khayyam,Arrival Pictures,222768.0,2006-06-10,2006-06-30
Q2 2006,4481,Unidentified,Five & Two Pictures,224099.0,2006-04-28,2006-06-30
Q2 2006,4494,Cavite,Truly Indie,70071.0,2006-05-26,2006-06-30
Q2 2006,4496,Beowulf & Grendel,Truly Indie,68820.0,2006-06-16,2006-06-30
Q2 2006,4499,Mongolian Ping Pong,First Run,70939.0,2006-04-21,2006-06-30
Q2 2006,4509,Kalamazoo?,Reel Source,53609.0,2006-04-07,2006-06-30
Q2 2006,4522,Crossing the Bridge: The Sound of Istanbul,Strand Releasing,70123.0,2006-06-09,2006-06-30
Q2 2006,4536,La moustache,The Cinema Guild,242663.0,2006-05-24,2006-06-30
Q2 2006,4537,Loverboy2006 Re-release,THINKFilm,33223.0,2006-06-16,2006-06-30
Q2 2006,4539,Nathalie...,Koch Lorber Films,31008.0,2006-04-14,2006-06-30
Q2 2006,4540,Moonlight,Indican Pictures,50204.0,2006-05-19,2006-06-30
Q2 2006,4542,Standing Still,Freestyle Releasing,30142.0,2006-04-21,2006-06-30
Q2 2006,4546,Guys and Balls2006 Re-release,Regent Releasing,28324.0,2006-04-28,2006-06-30
Q2 2006,4558,Pure,Indican Pictures,93841.0,2006-06-10,2006-06-30
Q2 2006,4563,Giuliani Time,Cinema Libre Studio,21542.0,2006-05-12,2006-06-30
Q2 2006,4565,Killer Diller,Freestyle Releasing,20795.0,2006-04-28,2006-06-30
Q2 2006,4566,4,Leisure Time Features,20523.0,2006-04-07,2006-06-30
Q2 2006,4569,The Motel,Palm Pictures,46772.0,2006-06-28,2006-06-30
Q2 2006,4578,Lemming,Strand Releasing,67757.0,2006-05-19,2006-06-30
Q2 2006,4583,Music from the Inside Out,Emerging Pictures,141504.0,2006-04-22,2006-06-30
Q2 2006,4588,Snow Cake,IFC Films,26651.0,2006-04-27,2006-06-30
Q2 2006,4590,The Lost City,Magnolia Pictures,248310.0,2006-04-28,2006-06-30
Q2 2006,4604,One Last Thing...,Magnolia Pictures,13334.0,2006-05-05,2006-06-30
Q2 2006,4611,Kinky Boots,Miramax,253000.0,2006-04-14,2006-06-30
Q2 2006,4618,Pandora's Box,Kino International,48372.0,2006-06-16,2006-06-30
Q2 2006,4622,Blackballed: The Bobby Dukes Story,The 7th Floor,9528.0,2006-04-14,2006-06-30
Q2 2006,4623,Crazy Like a Fox,Delphi Film Foundation,9376.0,2006-05-05,2006-06-30
Q2 2006,4625,Name,HP Releasing,9207.0,2006-05-26,2006-06-30
Q2 2006,4632,Free Zone,New Yorker Films,31839.0,2006-04-07,2006-06-30
Q2 2006,4635,Coastlines,IFC Films,7883.0,2006-05-31,2006-06-30
Q2 2006,4646,Dead Man's Shoes2006 Re-release,Magnolia Pictures,6408.0,2006-05-12,2006-06-30
Q2 2006,4654,Say Uncle,TLA Releasing,5361.0,2006-06-23,2006-06-30
Q2 2006,4661,Two Drifters,Strand Releasing,23846.0,2006-06-23,2006-06-30
Q2 2006,4664,50 Ways of Saying Fabulous,Olive Films,4800.0,2006-06-02,2006-06-30
Q2 2006,4673,White Rainbow,Indican Pictures,9126.0,2006-04-07,2006-06-30
Q2 2006,4674,Room,The 7th Floor,5228.0,2006-04-06,2006-06-30
Q2 2006,4675,Simon2006 Re-release,Strand Releasing,4055.0,2006-04-07,2006-06-30
Q2 2006,4686,95 Miles to Go,THINKFilm,3195.0,2006-04-07,2006-06-30
Q2 2006,4689,Going Under,Argot Pictures,3917.0,2006-06-15,2006-06-30
Q2 2006,4690,Dog Lover's Symphony,Dog Lover's Symphony,2968.0,2006-06-16,2006-06-30
Q2 2006,4694,Herbie Hancock: Possibilities,Magnolia Pictures,2493.0,2006-04-14,2006-06-30
Q2 2006,4695,Rank,IFC Films,2485.0,2006-06-28,2006-06-30
Q2 2006,4703,Mouth to Mouth,Artistic License,2150.0,2006-05-19,2006-06-30
Q2 2006,4711,Abominable,Freestyle Releasing,1810.0,2006-04-14,2006-06-30
Q2 2006,4721,Tony Takitani,Strand Releasing,129194.0,2006-06-24,2006-06-30
Q2 2006,4723,Edvard Munch,Shadow Distribution,40739.0,2006-06-17,2006-06-30
Q2 2006,4729,In Her Line of Fire,Regent Releasing,884.0,2006-04-21,2006-06-30
Q2 2006,4733,Uncut,Strand Releasing,762.0,2006-06-16,2006-06-30
Q2 2006,4739,A Grin Without A Cat,Icarus Films,43616.0,2006-05-01,2006-06-30
Q2 2006,4741,Fall to Grace,Truly Indie,5067.0,2006-06-16,2006-06-30
Q2 2006,4742,The Conrad Boys,Newport Films,6316.0,2006-06-02,2006-06-30
Q2 2006,4744,Autumn,Truly Indie,5678.0,2006-06-09,2006-06-30
Q3 2006,4102,Pirates of the Caribbean: Dead Man's Chest,Walt Disney Studios Motion Pictures,422614379.0,2006-07-07,2006-09-30
Q3 2006,4111,Talladega Nights: The Ballad of Ricky Bobby,Sony Pictures Releasing,148213377.0,2006-08-04,2006-09-30
Q3 2006,4120,Open Season,Sony Pictures Releasing,85105259.0,2006-09-29,2006-09-30
Q3 2006,4130,"You, Me and Dupree",Universal Pictures,75628110.0,2006-07-14,2006-09-30
Q3 2006,4131,Monster House,Sony Pictures Releasing,73661010.0,2006-07-21,2006-09-30
Q3 2006,4132,Jackass Number Two,Paramount Pictures,72778712.0,2006-09-22,2006-09-30
Q3 2006,4133,Barnyard,Paramount Pictures,72637803.0,2006-08-04,2006-09-30
Q3 2006,4136,World Trade Center,Paramount Pictures,70278893.0,2006-08-09,2006-09-30
Q3 2006,4139,Miami Vice,Universal Pictures,63450470.0,2006-07-28,2006-09-30
Q3 2006,4141,Step Up,Walt Disney Studios Motion Pictures,65328121.0,2006-08-11,2006-09-30
Q3 2006,4147,Little Miss Sunshine,Fox Searchlight Pictures,59889703.0,2006-07-26,2006-09-30
Q3 2006,4149,Little Man,Revolution Studios,58645052.0,2006-07-14,2006-09-30
Q3 2006,4152,Invincible,Walt Disney Studios Motion Pictures,57806952.0,2006-08-25,2006-09-30
Q3 2006,4157,The Guardian,Walt Disney Studios Motion Pictures,55011732.0,2006-09-29,2006-09-30
Q3 2006,4171,Lady in the Water,Warner Bros.,42285169.0,2006-07-21,2006-09-30
Q3 2006,4174,John Tucker Must Die,Twentieth Century Fox,40940389.0,2006-07-28,2006-09-30
Q3 2006,4176,Gridiron Gang,Sony Pictures Releasing,38432823.0,2006-09-15,2006-09-30
Q3 2006,4182,Accepted,Universal Pictures,36323505.0,2006-08-18,2006-09-30
Q3 2006,4188,The Illusionist,Yari Film Group Releasing,39868642.0,2006-08-18,2006-09-30
Q3 2006,4197,The Ant Bully,Warner Bros.,28142535.0,2006-07-28,2006-09-30
Q3 2006,4198,Crank,Lionsgate,27838408.0,2006-09-01,2006-09-30
Q3 2006,4199,The Descent,Lionsgate,26024456.0,2006-08-04,2006-09-30
Q3 2006,4205,The Wicker Man,Warner Bros.,23649127.0,2006-09-01,2006-09-30
Q3 2006,4206,The Covenant,Screen Gems,23380495.0,2006-09-08,2006-09-30
Q3 2006,4208,The Black Dahlia,Universal Pictures,22545080.0,2006-09-15,2006-09-30
Q3 2006,4209,My Super Ex-Girlfriend,Twentieth Century Fox,22530295.0,2006-07-21,2006-09-30
Q3 2006,4219,Beerfest,Warner Bros.,19185184.0,2006-08-25,2006-09-30
Q3 2006,4236,Everyone's Hero,Twentieth Century Fox,14516662.0,2006-09-15,2006-09-30
Q3 2006,4237,Flyboys,Metro-Goldwyn-Mayer (MGM),13090630.0,2006-09-22,2006-09-30
Q3 2006,4238,Idlewild,Universal Pictures,12571185.0,2006-08-25,2006-09-30
Q3 2006,4241,The Protector,Dragon Dynasty,12044087.0,2006-09-08,2006-09-30
Q3 2006,4242,Zoom,Revolution Studios,11989328.0,2006-08-11,2006-09-30
Q3 2006,4243,The Last Kiss,DreamWorks,11614790.0,2006-09-15,2006-09-30
Q3 2006,4244,Material Girls,Metro-Goldwyn-Mayer (MGM),11449638.0,2006-08-18,2006-09-30
Q3 2006,4248,Magnificent Desolation: Walking on the Moon 3D,IMAX,34136978.0,2006-09-23,2006-09-30
Q3 2006,4260,All the King's Men,Sony Pictures Releasing,7221458.0,2006-09-22,2006-09-30
Q3 2006,4261,Crossover,Sony Pictures Releasing,7009668.0,2006-09-01,2006-09-30
Q3 2006,4269,A Scanner Darkly,Warner Independent Pictures (WIP),5501616.0,2006-07-07,2006-09-30
Q3 2006,4273,The Science of Sleep,Warner Independent Pictures (WIP),4670644.0,2006-09-22,2006-09-30
Q3 2006,4278,The Last King of Scotland,Fox Searchlight Pictures,17584817.0,2006-09-27,2006-09-30
Q3 2006,4290,Half Nelson,THINKFilm,2697938.0,2006-08-11,2006-09-30
Q3 2006,4292,"Carry On, Munna Bhai",Eros International,2217562.0,2006-09-01,2006-09-30
Q3 2006,4296,Quinceañera,Sony Pictures Classics,1692693.0,2006-08-04,2006-09-30
Q3 2006,4298,Keeping Mum,THINKFilm,1619466.0,2006-09-15,2006-09-30
Q3 2006,4300,Trust the Man,Fox Searchlight Pictures,1529687.0,2006-08-18,2006-09-30
Q3 2006,4305,Bon Cop Bad Cop,Alliance Atlantis Vivafilm,12665721.0,2006-08-04,2006-09-30
Q3 2006,4311,Omkara,Eros International,1244576.0,2006-07-28,2006-09-30
Q3 2006,4318,The U.S. vs. John Lennon,Lionsgate,1109146.0,2006-09-15,2006-09-30
Q3 2006,4325,Fearless,Rogue Pictures,24633730.0,2006-09-22,2006-09-30
Q3 2006,4327,How to Eat Fried Worms,New Line Cinema,13040527.0,2006-08-25,2006-09-30
Q3 2006,4332,Jesus Camp,Magnolia Pictures,902544.0,2006-09-15,2006-09-30
Q3 2006,4334,Factotum,IFC Films,808221.0,2006-08-18,2006-09-30
Q3 2006,4348,Viva Pedro!Film Festival,Sony Pictures Classics,579539.0,2006-08-11,2006-09-30
Q3 2006,4349,Snakes on a Plane,New Line Cinema,34020814.0,2006-08-18,2006-09-30
Q3 2006,4350,Flightplan,Walt Disney Studios Motion Pictures,89707299.0,2006-09-23,2006-09-30
Q3 2006,4355,Changing Times,Koch Lorber Films,545255.0,2006-07-14,2006-09-30
Q3 2006,4356,House of Sand,Sony Pictures Classics,539285.0,2006-08-11,2006-09-30
Q3 2006,4358,A Guide to Recognizing Your Saints,First Look International,517809.0,2006-09-29,2006-09-30
Q3 2006,4362,The Queen,Miramax,51350148.0,2006-09-30,2006-09-30
Q3 2006,4374,Idiocracy,Twentieth Century Fox,444093.0,2006-09-01,2006-09-30
Q3 2006,4375,The Oh in Ohio,Cyan Pictures,418689.0,2006-07-14,2006-09-30
Q3 2006,4377,The Quiet,Sony Pictures Classics,381420.0,2006-08-25,2006-09-30
Q3 2006,4378,Conversations with Other Women,Fabrication Films,379418.0,2006-08-11,2006-09-30
Q3 2006,4379,Shadowboxer,Freestyle Releasing,370627.0,2006-07-21,2006-09-30
Q3 2006,4387,Into the Blue,Sony Pictures Releasing,18801234.0,2006-09-30,2006-09-30
Q3 2006,4388,Scoop,Focus Features,4469118.0,2006-07-28,2006-09-30
Q3 2006,4392,This Film Is Not Yet Rated,IFC Films,306845.0,2006-09-01,2006-09-30
Q3 2006,4393,A History of Violence,New Line Cinema,31504633.0,2006-09-23,2006-09-30
Q3 2006,4397,Capote,Sony Pictures Classics,28028008.0,2006-09-30,2006-09-30
Q3 2006,4400,American Hardcore,Sony Pictures Classics,279665.0,2006-09-22,2006-09-30
Q3 2006,4401,Broken Bridges,Paramount Pictures,252539.0,2006-09-08,2006-09-30
Q3 2006,4403,Riding Alone for Thousands of Miles,Sony Pictures Classics,252325.0,2006-09-01,2006-09-30
Q3 2006,4411,Shaadi Karke Phas Gaya Yaar,Eros International,223137.0,2006-08-04,2006-09-30
Q3 2006,4414,Confetti,Fox Searchlight Pictures,216942.0,2006-09-15,2006-09-30
Q3 2006,4422,Sherrybaby,IFC Films,199176.0,2006-09-08,2006-09-30
Q3 2006,4428,Old Joy,Kino International,204294.0,2006-08-25,2006-09-30
Q3 2006,4442,Once in a Lifetime: The Extraordinary Story of the New York Cosmos,Miramax,144601.0,2006-07-07,2006-09-30
Q3 2006,4450,Edmond,First Independent Pictures,131719.0,2006-07-14,2006-09-30
Q3 2006,4452,Lassie,IDP Distribution,652163.0,2006-09-01,2006-09-30
Q3 2006,4459,13 Tzameti,Palm Pictures,121390.0,2006-07-28,2006-09-30
Q3 2006,4460,The Untold Story of Emmett Louis Till,THINKFilm,179328.0,2006-08-17,2006-09-30
Q3 2006,4463,Haven,Yari Film Group Releasing,136823.0,2006-09-15,2006-09-30
Q3 2006,4471,Darwin's Nightmare,International Film Circuit,200936.0,2006-08-03,2006-09-30
Q3 2006,4473,Red Doors,Emerging Pictures,97848.0,2006-09-08,2006-09-30
Q3 2006,4480,America: Freedom to Fascism,Cinema Libre Studio,87400.0,2006-07-28,2006-09-30
Q3 2006,4493,Renaissance,Miramax,70644.0,2006-09-22,2006-09-30
Q3 2006,4497,Darshan,IFC Films,66032.0,2006-07-26,2006-09-30
Q3 2006,4506,Anthony Kaun Hai?,Adlabs Films,55418.0,2006-08-04,2006-09-30
Q3 2006,4507,10th & Wolf,THINKFilm,54702.0,2006-08-18,2006-09-30
Q3 2006,4513,Vajra Sky Over Tibet,Truly Indie,58638.0,2006-08-18,2006-09-30
Q3 2006,4514,Mutual Appreciation,Goodbye Cruel Releasing,103509.0,2006-09-01,2006-09-30
Q3 2006,4517,God's Sandbox,Indican Pictures,50326.0,2006-07-29,2006-09-30
Q3 2006,4520,Brothers of the Head,IFC Films,45082.0,2006-07-28,2006-09-30
Q3 2006,4528,Screen Door Jesus,Indican Pictures,59000.0,2006-09-30,2006-09-30
Q3 2006,4531,Touch the Sound: A Sound Journey with Evelyn Glennie,Shadow Distribution,175602.0,2006-09-07,2006-09-30
Q3 2006,4534,Man Push Cart,Films Philos,36608.0,2006-09-08,2006-09-30
Q3 2006,4538,Dorian Blues,TLA Releasing,64393.0,2006-09-23,2006-09-30
Q3 2006,4541,Pyaar Ke Side Effects,Eros International,30230.0,2006-09-15,2006-09-30
Q3 2006,4547,The Blossoming of Maximo Oliveros,Unico Entertainment,28041.0,2006-09-22,2006-09-30
Q3 2006,4551,Khosla Ka Ghosla!,UTV Motion Pictures,26472.0,2006-09-22,2006-09-30
Q3 2006,4554,An Adolescent2005 Re-release,Indican Pictures,64796.0,2006-08-26,2006-09-30
Q3 2006,4556,The Strange Case of Dr. Jekyll and Mr. Hyde,Rocky Mountain Pictures,24216.0,2006-09-29,2006-09-30
Q3 2006,4560,Islam: What the West Needs to Know,Quixotic Media,22938.0,2006-07-07,2006-09-30
Q3 2006,4571,Beer League,Echo Bridge Entertainment,322959.0,2006-09-15,2006-09-30
Q3 2006,4572,The Ground Truth,Focus Features,20013.0,2006-09-15,2006-09-30
Q3 2006,4575,Falcone,Icarus Films,22300.0,2006-07-12,2006-09-30
Q3 2006,4576,Suicide Killers,City Lights Pictures,18239.0,2006-08-25,2006-09-30
Q3 2006,4580,The Goebbels Experiment,First Run,44242.0,2006-08-12,2006-09-30
Q3 2006,4584,Lunacy,Zeitgeist Films,46666.0,2006-08-09,2006-09-30
Q3 2006,4587,I Like Killing Flies,THINKFilm,16214.0,2006-07-28,2006-09-30
Q3 2006,4589,The Aristocrats,THINKFilm,6377461.0,2006-07-29,2006-09-30
Q3 2006,4595,My First Wedding,Indican Pictures,14982.0,2006-08-18,2006-09-30
Q3 2006,4602,Been Rich All My Life,First Run,36406.0,2006-07-21,2006-09-30
Q3 2006,4608,The Journals of Knud Rasmussen,Alliance Atlantis Vivafilm,209478.0,2006-09-29,2006-09-30
Q3 2006,4609,Waltzing Anna,Kindred Media Group,11455.0,2006-08-11,2006-09-30
Q3 2006,4612,Paper Dolls,Strand Releasing,35258.0,2006-09-06,2006-09-30
Q3 2006,4613,Searching for the Wrong-Eyed Jesus,Shadow Distribution,78716.0,2006-07-13,2006-09-30
Q3 2006,4617,Sólo con Tu Pareja,IFC Films,9915.0,2006-09-20,2006-09-30
Q3 2006,4619,The Bridesmaid,First Run,111728.0,2006-08-04,2006-09-30
Q3 2006,4634,Broken Sky,Strand Releasing,29185.0,2006-09-29,2006-09-30
Q3 2006,4636,Kill Your Idols,Palm Pictures,7753.0,2006-07-07,2006-09-30
Q3 2006,4638,loudQUIETloud: A Film About the Pixies,Roxie Releasing,7506.0,2006-09-29,2006-09-30
Q3 2006,4640,Saint of 9/11,IFC Films,7137.0,2006-09-06,2006-09-30
Q3 2006,4645,We Go Way Back,Cyan Pictures,6529.0,2006-09-15,2006-09-30
Q3 2006,4648,Time to Leave,Strand Releasing,117377.0,2006-07-21,2006-09-30
Q3 2006,4650,Jailbait,Kindred Media Group,5741.0,2006-08-04,2006-09-30
Q3 2006,4655,Azumi2006 Re-release,Vitagraph Films,41563.0,2006-07-21,2006-09-30
Q3 2006,4660,Le petit lieutenant,The Cinema Guild,216724.0,2006-09-08,2006-09-30
Q3 2006,4662,Trilogy: The Weeping Meadow,New Yorker Films,23846.0,2006-09-14,2006-09-30
Q3 2006,4663,The Pusher Trilogy,Magnolia Pictures,4815.0,2006-08-18,2006-09-30
Q3 2006,4666,Fanfan la Tulipe,Rialto Pictures,25340.0,2006-07-21,2006-09-30
Q3 2006,4667,Looking for Kitty,THINKFilm,4480.0,2006-09-01,2006-09-30
Q3 2006,4679,Shock to the System,Regent Releasing,3768.0,2006-08-04,2006-09-30
Q3 2006,4681,Roll Bounce,Fox Searchlight Pictures,17380866.0,2006-09-23,2006-09-30
Q3 2006,4682,Dear Wendy,Wellspring Media,22568.0,2006-09-23,2006-09-30
Q3 2006,4683,Mini's First Time,First Independent Pictures,48758.0,2006-07-14,2006-09-30
Q3 2006,4685,The World According to ShortsShort Film Program,New Yorker Films,11978.0,2006-07-21,2006-09-30
Q3 2006,4697,Côte d'Azur,Strand Releasing,140189.0,2006-09-09,2006-09-30
Q3 2006,4702,George Bush Goes to Heaven,HB Filmworks,2192.0,2006-08-15,2006-09-30
Q3 2006,4712,Power and Terror: Noam Chomsky in Our Times2006 Re-release,First Run,1703.0,2006-08-04,2006-09-30
Q3 2006,4714,Be with Me,Film Movement,1365.0,2006-09-29,2006-09-30
Q3 2006,4718,Princesas,IFC Films,29472.0,2006-08-23,2006-09-30
Q3 2006,4719,The Colour of Olives,Arab Film Distribution,1169.0,2006-07-12,2006-09-30
Q3 2006,4724,Rolling Family2006 Re-release,Palm Pictures,4995.0,2006-09-08,2006-09-30
Q3 2006,4726,Oyster Farmer,The Cinema Guild,15456.0,2006-07-29,2006-09-30
Q3 2006,4736,Reel Paradise,Wellspring Media,30170.0,2006-08-17,2006-09-30
Q3 2006,4743,Sympathy for Mr. Vengeance2005 Re-release,Tartan,45145.0,2006-08-19,2006-09-30
Q4 2006,4108,Happy Feet,Warner Bros.,198000317.0,2006-11-17,2006-12-31
Q4 2006,4110,Casino Royale,Sony Pictures Releasing,167007184.0,2006-11-17,2006-12-31
Q4 2006,4114,Borat: Cultural Learnings of America for Make Benefit Glorious Nation of Kazakhstan,Twentieth Century Fox,128504698.0,2006-11-03,2006-12-31
Q4 2006,4116,The Departed,Warner Bros.,132384315.0,2006-10-06,2006-12-31
Q4 2006,4118,Night at the Museum,Twentieth Century Fox,250860439.0,2006-12-22,2006-12-31
Q4 2006,4119,The Pursuit of Happyness,Sony Pictures Releasing,163313999.0,2006-12-15,2006-12-31
Q4 2006,4124,The Santa Clause 3: The Escape Clause,Walt Disney Studios Motion Pictures,83875062.0,2006-11-03,2006-12-31
Q4 2006,4126,Saw III,Lionsgate,80238724.0,2006-10-27,2006-12-31
Q4 2006,4129,"The Chronicles of Narnia: The Lion, the Witch and the Wardrobe",Walt Disney Studios Motion Pictures,287482269.0,2006-12-09,2006-12-31
Q4 2006,4134,Flushed Away,DreamWorks,64665672.0,2006-11-03,2006-12-31
Q4 2006,4144,Deja Vu,Walt Disney Studios Motion Pictures,62190904.0,2006-11-22,2006-12-31
Q4 2006,4148,King Kong,Universal Pictures,218080025.0,2006-12-14,2006-12-31
Q4 2006,4153,Eragon,Twentieth Century Fox,75030163.0,2006-12-15,2006-12-31
Q4 2006,4154,Fun with Dick and Jane,Sony Pictures Releasing,110332737.0,2006-12-21,2006-12-31
Q4 2006,4156,Stranger Than Fiction,Sony Pictures Releasing,40660952.0,2006-11-10,2006-12-31
Q4 2006,4158,Charlotte's Web,Paramount Pictures,82985708.0,2006-12-15,2006-12-31
Q4 2006,4160,Hoodwinked!,The Weinstein Company,51386611.0,2006-12-16,2006-12-31
Q4 2006,4161,The Prestige,Walt Disney Studios Motion Pictures,53089891.0,2006-10-20,2006-12-31
Q4 2006,4162,The Holiday,Sony Pictures Releasing,63224849.0,2006-12-08,2006-12-31
Q4 2006,4165,Rocky Balboa,Metro-Goldwyn-Mayer (MGM),70270943.0,2006-12-20,2006-12-31
Q4 2006,4170,Apocalypto,Walt Disney Studios Motion Pictures,50300345.0,2006-12-08,2006-12-31
Q4 2006,4175,The Grudge 2,Sony Pictures Releasing,39143839.0,2006-10-13,2006-12-31
Q4 2006,4178,Man of the Year,Universal Pictures,37327390.0,2006-10-13,2006-12-31
Q4 2006,4179,Dreamgirls,DreamWorks,103365956.0,2006-12-15,2006-12-31
Q4 2006,4181,Cheaper by the Dozen 2,Twentieth Century Fox,82540432.0,2006-12-21,2006-12-31
Q4 2006,4184,Blood Diamond,Warner Bros.,57377916.0,2006-12-08,2006-12-31
Q4 2006,4186,Munich,Universal Pictures,47403685.0,2006-12-23,2006-12-31
Q4 2006,4187,The Good Shepherd,Universal Pictures,59952835.0,2006-12-22,2006-12-31
Q4 2006,4189,Deck the Halls,Twentieth Century Fox,35090599.0,2006-11-22,2006-12-31
Q4 2006,4191,Flags of our Fathers,DreamWorks,33602376.0,2006-10-20,2006-12-31
Q4 2006,4192,Memoirs of a Geisha,Sony Pictures Releasing,57490508.0,2006-12-09,2006-12-31
Q4 2006,4194,Walk the Line,Twentieth Century Fox,119514920.0,2006-11-18,2006-12-31
Q4 2006,4196,Employee of the Month,Lionsgate,28444855.0,2006-10-06,2006-12-31
Q4 2006,4203,We Are Marshall,Warner Bros.,43545364.0,2006-12-22,2006-12-31
Q4 2006,4207,Match Point,DreamWorks Distribution,23151529.0,2006-12-28,2006-12-31
Q4 2006,4213,Rumor Has It...,Warner Bros.,43000262.0,2006-12-25,2006-12-31
Q4 2006,4215,Flicka,Twentieth Century Fox,20918809.0,2006-10-20,2006-12-31
Q4 2006,4218,Babel,Paramount Vantage,34302837.0,2006-10-27,2006-12-31
Q4 2006,4221,The Marine,Twentieth Century Fox,18798802.0,2006-10-13,2006-12-31
Q4 2006,4222,The Family Stone,Twentieth Century Fox,60025095.0,2006-12-16,2006-12-31
Q4 2006,4225,The Ringer,Fox Searchlight Pictures,35347108.0,2006-12-23,2006-12-31
Q4 2006,4228,Harry Potter and the Goblet of Fire,Warner Bros.,290013036.0,2006-11-18,2006-12-31
Q4 2006,4230,Marie Antoinette,Sony Pictures Releasing,15962471.0,2006-10-20,2006-12-31
Q4 2006,4233,Unaccompanied Minors,Warner Bros.,16655224.0,2006-12-08,2006-12-31
Q4 2006,4235,Syriana,Warner Bros.,50824620.0,2006-11-23,2006-12-31
Q4 2006,4239,The Matador,The Weinstein Company,12594698.0,2006-12-30,2006-12-31
Q4 2006,4247,Mrs Henderson Presents,The Weinstein Company,11036366.0,2006-12-09,2006-12-31
Q4 2006,4249,Casanova,Walt Disney Studios Motion Pictures,11279491.0,2006-12-25,2006-12-31
Q4 2006,4250,The Producers,Universal Pictures,19398532.0,2006-12-16,2006-12-31
Q4 2006,4251,The Fountain,Warner Bros.,10144010.0,2006-11-22,2006-12-31
Q4 2006,4252,Transamerica,The Weinstein Company,9015303.0,2006-12-02,2006-12-31
Q4 2006,4253,Brokeback Mountain,Focus Features,82315067.0,2006-12-09,2006-12-31
Q4 2006,4254,The Nightmare Before Christmas2006 3D Release,Walt Disney Studios Motion Pictures,8700869.0,2006-10-20,2006-12-31
Q4 2006,4255,"Good Night, and Good Luck.",Warner Independent Pictures (WIP),31558003.0,2006-10-07,2006-12-31
Q4 2006,4257,A Good Year,Twentieth Century Fox,7438586.0,2006-11-10,2006-12-31
Q4 2006,4262,Turistas,Fox Atomic,6967793.0,2006-12-01,2006-12-31
Q4 2006,4264,Running with Scissors,Sony Pictures Releasing,7022827.0,2006-10-20,2006-12-31
Q4 2006,4271,For Your Consideration,Warner Independent Pictures (WIP),5549923.0,2006-11-17,2006-12-31
Q4 2006,4272,The Libertine,The Weinstein Company,4835065.0,2006-11-25,2006-12-31
Q4 2006,4274,Pulse: A Stomp Odyssey,Giant Screen Films,10062514.0,2006-10-11,2006-12-31
Q4 2006,4275,Let's Go to Prison,Universal Pictures,4630045.0,2006-11-17,2006-12-31
Q4 2006,4276,Pride & Prejudice,Focus Features,38405088.0,2006-11-11,2006-12-31
Q4 2006,4277,Van Wilder 2: The Rise of Taj,Metro-Goldwyn-Mayer (MGM),4300645.0,2006-12-01,2006-12-31
Q4 2006,4279,Caché,Sony Pictures Classics,3647381.0,2006-12-23,2006-12-31
Q4 2006,4281,One Night with the King,8x Entertainment,13189000.0,2006-10-13,2006-12-31
Q4 2006,4282,Harsh Times,Metro-Goldwyn-Mayer (MGM),3337931.0,2006-11-10,2006-12-31
Q4 2006,4286,"Yours, Mine & Ours",Paramount Pictures,53412862.0,2006-11-23,2006-12-31
Q4 2006,4288,The Polar Express2006 IMAX Release,Warner Bros.,2940722.0,2006-11-17,2006-12-31
Q4 2006,4291,The Squid and the Whale,IDP Distribution,7372734.0,2006-10-05,2006-12-31
Q4 2006,4294,The History Boys,Fox Searchlight Pictures,2700004.0,2006-11-21,2006-12-31
Q4 2006,4301,The White Countess,Sony Pictures Classics,1669971.0,2006-12-21,2006-12-31
Q4 2006,4306,Galapagos,IMAX,18627957.0,2006-10-29,2006-12-31
Q4 2006,4309,The Polar Express2005 IMAX Release,Warner Bros.,10900597.0,2006-11-23,2006-12-31
Q4 2006,4312,Zathura: A Space Adventure,Sony Pictures Releasing,29258869.0,2006-11-11,2006-12-31
Q4 2006,4314,The Work and the Glory II: American Zion,Vineyard Distribution,2024782.0,2006-10-21,2006-12-31
Q4 2006,4315,Infamous,Warner Independent Pictures (WIP),1151330.0,2006-10-13,2006-12-31
Q4 2006,4316,Just Friends,New Line Cinema,32619671.0,2006-11-23,2006-12-31
Q4 2006,4317,The Wedding Weekend,The Weinstein Company,1215045.0,2006-10-27,2006-12-31
Q4 2006,4319,The Legend of Zorro,Sony Pictures Releasing,46464023.0,2006-10-28,2006-12-31
Q4 2006,4320,Children of Men,Universal Pictures,35552383.0,2006-12-25,2006-12-31
Q4 2006,4323,Æon Flux,Paramount Pictures,25874337.0,2006-12-02,2006-12-31
Q4 2006,4328,Fast Food Nation,Fox Searchlight Pictures,994101.0,2006-11-17,2006-12-31
Q4 2006,4330,Sweet Land,Libero,1706325.0,2006-10-13,2006-12-31
Q4 2006,4333,Santa vs. the Snowman 3D2006 Re-release,IMAX,928275.0,2006-10-30,2006-12-31
Q4 2006,4336,Chicken Little,Walt Disney Studios Motion Pictures,132519980.0,2006-11-04,2006-12-31
Q4 2006,4337,T-Rex: Back to the Cretaceous,IMAX,53354743.0,2006-10-23,2006-12-31
Q4 2006,4343,Jaan-E-Mann: Let's Fall in Love... Again,Adlabs Films,650000.0,2006-10-20,2006-12-31
Q4 2006,4346,Notes on a Scandal,Fox Searchlight Pictures,17493725.0,2006-12-25,2006-12-31
Q4 2006,4352,Pan's Labyrinth,Picturehouse,37634615.0,2006-12-29,2006-12-31
Q4 2006,4353,Curse of the Golden Flower,Sony Pictures Classics,4538871.0,2006-12-21,2006-12-31
Q4 2006,4354,The Work and the Glory III: A House Divided,Excel Entertainment,1325092.0,2006-11-22,2006-12-31
Q4 2006,4357,Death of a President,Newmarket Films,519086.0,2006-10-27,2006-12-31
Q4 2006,4359,The Painted Veil,Warner Independent Pictures (WIP),8060487.0,2006-12-20,2006-12-31
Q4 2006,4361,Umrao Jaan,Adlabs Films,485000.0,2006-11-03,2006-12-31
Q4 2006,4363,Alex Rider: Operation Stormbreaker,The Weinstein Company,659600.0,2006-10-06,2006-12-31
Q4 2006,4366,The Good German,Warner Bros.,1308696.0,2006-12-15,2006-12-31
Q4 2006,4367,Breakfast on Pluto,Sony Pictures Classics,828699.0,2006-11-16,2006-12-31
Q4 2006,4371,Paradise Now,Warner Independent Pictures (WIP),1457843.0,2006-10-28,2006-12-31
Q4 2006,4373,Conversations with God,IDP Distribution,425045.0,2006-10-27,2006-12-31
Q4 2006,4380,Derailed,The Weinstein Company,36024076.0,2006-11-11,2006-12-31
Q4 2006,4381,Copying Beethoven,Metro-Goldwyn-Mayer (MGM),384029.0,2006-11-10,2006-12-31
Q4 2006,4383,Volver,Sony Pictures Classics,6798460.0,2006-11-03,2006-12-31
Q4 2006,4391,Letters from Iwo Jima,Warner Bros.,13756082.0,2006-12-20,2006-12-31
Q4 2006,4404,49 Up,First Run,240215.0,2006-10-06,2006-12-31
Q4 2006,4407,Jarhead,Universal Pictures,62658220.0,2006-11-04,2006-12-31
Q4 2006,4410,Fur: An Imaginary Portrait of Diane Arbus,Picturehouse,223202.0,2006-11-10,2006-12-31
Q4 2006,4413,Driving Lessons,Sony Pictures Classics,239962.0,2006-10-13,2006-12-31
Q4 2006,4416,Shopgirl,Walt Disney Studios Motion Pictures,10284523.0,2006-10-21,2006-12-31
Q4 2006,4420,Get Rich or Die Tryin',Paramount Pictures,30985352.0,2006-11-09,2006-12-31
Q4 2006,4421,Deliver Us from Evil,Lionsgate,201275.0,2006-10-13,2006-12-31
Q4 2006,4425,The Beauty Academy of Kabul,Shadow Distribution,225448.0,2006-11-04,2006-12-31
Q4 2006,4427,Sarah Silverman: Jesus Is Magic,IDP Distribution,1324339.0,2006-11-11,2006-12-31
Q4 2006,4433,Gay Sex in the 70s,Lovett Releasing,241052.0,2006-11-04,2006-12-31
Q4 2006,4437,The Bridge,First Stripe Productions,175175.0,2006-10-27,2006-12-31
Q4 2006,4438,Cocaine Cowboys,Magnolia Pictures,150056.0,2006-10-27,2006-12-31
Q4 2006,4441,Dreamer: Inspired by a True Story,DreamWorks Distribution,32751093.0,2006-10-21,2006-12-31
Q4 2006,4443,Bluff Master,UTV Motion Pictures,722847.0,2006-12-16,2006-12-31
Q4 2006,4445,Wallace & Gromit: The Curse of the Were-Rabbit,DreamWorks Distribution,56110897.0,2006-10-05,2006-12-31
Q4 2006,4446,Adrenaline Rush: The Science of Risk,Giant Screen Films,10994028.0,2006-10-18,2006-12-31
Q4 2006,4455,The Return,Rogue Pictures,7300682.0,2006-11-10,2006-12-31
Q4 2006,4458,Santa vs. the Snowman 3D2005 Re-release,IMAX,1222538.0,2006-10-31,2006-12-31
Q4 2006,4461,Nine Lives,Magnolia Pictures,478830.0,2006-10-14,2006-12-31
Q4 2006,4462,Come Early Morning,IDP Distribution,119452.0,2006-11-10,2006-12-31
Q4 2006,4467,Jonestown: The Life and Death of Peoples Temple,Seventh Art Releasing,138535.0,2006-10-20,2006-12-31
Q4 2006,4468,The Passenger2005 Re-release,Sony Pictures Classics,620155.0,2006-10-28,2006-12-31
Q4 2006,4478,North Country,Warner Bros.,18337722.0,2006-10-21,2006-12-31
Q4 2006,4482,Brooklyn Lobster,Meadowbrook Pictures,122401.0,2006-11-04,2006-12-31
Q4 2006,4483,51 Birch Street,Truly Indie,84689.0,2006-10-18,2006-12-31
Q4 2006,4484,10 Items or Less,THINKFilm,83291.0,2006-12-01,2006-12-31
Q4 2006,4486,The Cave of the Yellow Dog,Tartan,141803.0,2006-11-10,2006-12-31
Q4 2006,4487,Classe Tous Risques,Rialto Pictures,91049.0,2006-11-18,2006-12-31
Q4 2006,4488,Black Gold,California Newsreel,92277.0,2006-10-06,2006-12-31
Q4 2006,4491,Go for Zucker,First Run,86553.0,2006-12-09,2006-12-31
Q4 2006,4492,After Innocence,New Yorker Films,107656.0,2006-10-21,2006-12-31
Q4 2006,4495,Rent,Revolution Studios,29077547.0,2006-11-23,2006-12-31
Q4 2006,4501,Samoan Wedding,Magnolia Pictures,72244.0,2006-11-10,2006-12-31
Q4 2006,4502,Perfume: The Story of a Murderer,DreamWorks,2223293.0,2006-12-27,2006-12-31
Q4 2006,4504,Ushpizin,Picturehouse,1400666.0,2006-10-19,2006-12-31
Q4 2006,4510,Mannat,Eros International,53589.0,2006-10-06,2006-12-31
Q4 2006,4512,Screamers,Maya Entertainment,52034.0,2006-12-08,2006-12-31
Q4 2006,4521,Saw II,Lionsgate,87039965.0,2006-10-28,2006-12-31
Q4 2006,4524,New York Doll,First Independent Pictures,218102.0,2006-10-28,2006-12-31
Q4 2006,4525,The Aura,IFC Films,58804.0,2006-11-15,2006-12-31
Q4 2006,4527,The Fog,Revolution Studios,29550869.0,2006-10-14,2006-12-31
Q4 2006,4529,Kiss Kiss Bang Bang,Warner Bros.,4243756.0,2006-10-21,2006-12-31
Q4 2006,4530,Gilles' Wife,The Cinema Guild,32084.0,2006-11-18,2006-12-31
Q4 2006,4532,Loggerheads,Strand Releasing,114914.0,2006-10-14,2006-12-31
Q4 2006,4548,In Her Shoes,Twentieth Century Fox,32856690.0,2006-10-07,2006-12-31
Q4 2006,4550,Eating Out 2: Sloppy Seconds,Ariztical Entertainment,24736.0,2006-11-24,2006-12-31
Q4 2006,4552,Unknown,IFC Films,26403.0,2006-11-03,2006-12-31
Q4 2006,4564,Family Law,IFC Films,24376.0,2006-12-06,2006-12-31
Q4 2006,4573,So Much So Fast,Balcony Releasing,21525.0,2006-10-11,2006-12-31
Q4 2006,4577,Cruel World,Indican Pictures,17986.0,2006-10-27,2006-12-31
Q4 2006,4579,Protocols of Zion,THINKFilm,178875.0,2006-10-21,2006-12-31
Q4 2006,4581,El Topo,ABKCO Films,80302.0,2006-12-13,2006-12-31
Q4 2006,4582,The Secret Life of Words,Strand Releasing,18649.0,2006-12-15,2006-12-31
Q4 2006,4585,Bee Season,Fox Searchlight Pictures,1164349.0,2006-11-11,2006-12-31
Q4 2006,4591,Off the Black,THINKFilm,18437.0,2006-12-08,2006-12-31
Q4 2006,4592,Sleeping Dogs Lie,IDP Distribution,15745.0,2006-10-20,2006-12-31
Q4 2006,4594,Trailer Park Boys: The Movie,Alliance Atlantis Vivafilm,3858322.0,2006-10-06,2006-12-31
Q4 2006,4597,Love's Abiding Joy,The Bigger Picture,160578.0,2006-10-06,2006-12-31
Q4 2006,4599,Days of Glory,The Weinstein Company,320700.0,2006-12-06,2006-12-31
Q4 2006,4600,The Architect,Magnolia Pictures,13737.0,2006-12-01,2006-12-31
Q4 2006,4601,Who the #$&% Is Jackson Pollock?,Picturehouse,13710.0,2006-11-15,2006-12-31
Q4 2006,4603,Ellie Parker,Strand Releasing,34025.0,2006-11-11,2006-12-31
Q4 2006,4607,Abduction: The Megumi Yokota Story,Sagewood Cinema Ventures,11836.0,2006-11-24,2006-12-31
Q4 2006,4614,...So Goes the Nation,IFC Films,10337.0,2006-10-04,2006-12-31
Q4 2006,4615,Christmas in the Clouds,Slowhand Cinema Releasing,279225.0,2006-11-04,2006-12-31
Q4 2006,4616,Zindaggi Rocks,Eros International,10172.0,2006-10-06,2006-12-31
Q4 2006,4621,Requiem2006 Re-release,IFC Films,9600.0,2006-10-18,2006-12-31
Q4 2006,4628,Matthew Barney: No Restraint,IFC Films,9797.0,2006-12-20,2006-12-31
Q4 2006,4630,Words of My Perfect Teacher,International Film Circuit,16835.0,2006-12-22,2006-12-31
Q4 2006,4643,20 Centimeters2006 Re-release,TLA Releasing,6635.0,2006-10-27,2006-12-31
Q4 2006,4644,The Dead Girl,First Look International,19875.0,2006-12-29,2006-12-31
Q4 2006,4647,Dreamland,Truly Indie,6383.0,2006-12-01,2006-12-31
Q4 2006,4649,Venus,Miramax,3347411.0,2006-12-21,2006-12-31
Q4 2006,4653,Unnatural & Accidental,Alliance Atlantis Vivafilm,5420.0,2006-12-01,2006-12-31
Q4 2006,4658,Marebito,Tartan,11377.0,2006-12-09,2006-12-31
Q4 2006,4659,Electric Shadows,First Run,6813.0,2006-12-16,2006-12-31
Q4 2006,4669,Coffee Date,Slowhand Cinema Releasing,4412.0,2006-11-10,2006-12-31
Q4 2006,4671,The President's Last Bang,Kino International,7305.0,2006-10-14,2006-12-31
Q4 2006,4672,Private,Arab Film Distribution,15259.0,2006-11-18,2006-12-31
Q4 2006,4677,The Intruder,Wellspring Media,23450.0,2006-12-23,2006-12-31
Q4 2006,4680,The Tiger and the Snow,Strand Releasing,10167.0,2006-12-29,2006-12-31
Q4 2006,4688,Four Eyed Monsters,Four Eyed Monsters,3135.0,2006-12-01,2006-12-31
Q4 2006,4696,"Good Morning, Night",Wellspring Media,9093.0,2006-11-11,2006-12-31
Q4 2006,4698,Wasabi Tuna2005 Re-release,Indican Pictures,36795.0,2006-10-28,2006-12-31
Q4 2006,4704,Home of the Brave,Metro-Goldwyn-Mayer (MGM),51708.0,2006-12-15,2006-12-31
Q4 2006,4710,The Far Side of the Moon2005 Re-release,TLA Releasing,9963.0,2006-12-02,2006-12-31
Q4 2006,4716,Iraq in Fragments,Arab Film Distribution,202928.0,2006-11-08,2006-12-31
Q4 2006,4722,The Empire in Africa,Cinema Libre Studio,1088.0,2006-12-08,2006-12-31
Q4 2006,4725,Aristide and the Endless Revolution,First Run,6842.0,2006-11-24,2006-12-31
Q4 2006,4728,39 Pounds of Love,Balcony Releasing,26755.0,2006-11-23,2006-12-31
Q4 2006,4731,Unconscious,Regent Releasing,30653.0,2006-12-29,2006-12-31
Q4 2006,4732,Issues,Bullz Eye Productions,783.0,2006-10-06,2006-12-31
Q4 2006,4734,A New Day in Old Sana'a,Arab Film Distribution,737.0,2006-11-10,2006-12-31
Q4 2006,4735,Ballets Russes,Zeitgeist Films,815221.0,2006-10-26,2006-12-31
Q4 2006,4737,Serum,Arrival Pictures,440.0,2006-10-30,2006-12-31
