season,Unnamed: 0,movie,studio,gross,release,time
Q1 1994,418,Four Weddings and a Funeral,Gramercy Pictures (I),52700832.0,1994-03-11,1994-03-31
Q1 1994,423,Reality Bites,Universal Pictures,20982557.0,1994-02-18,1994-03-31
Q1 1994,445,Sirens,Miramax,7770731.0,1994-03-04,1994-03-31
Q1 1994,455,Blank Check,Walt Disney Studios Motion Pictures,30577969.0,1994-02-11,1994-03-31
Q1 1994,456,Ace Ventura: Pet Detective,Warner Bros.,72217396.0,1994-02-04,1994-03-31
Q1 1994,460,The Paper,Universal Pictures,38824341.0,1994-03-18,1994-03-31
Q1 1994,467,Red Rock West,Roxie Releasing,2502551.0,1994-01-28,1994-03-31
Q1 1994,468,Blink,New Line Cinema,16696219.0,1994-01-28,1994-03-31
Q1 1994,469,Intersection,Paramount Pictures,21355893.0,1994-01-21,1994-03-31
Q1 1994,471,Romeo Is Bleeding,Gramercy Pictures (I),3275585.0,1994-02-04,1994-03-31
Q1 1994,473,Bitter Moon,Fine Line Features,1862805.0,1994-03-18,1994-03-31
Q1 1994,476,I'll Do Anything,Columbia Pictures,10424645.0,1994-02-04,1994-03-31
Q1 1994,477,Gunmen,Dimension Films,3411885.0,1994-02-04,1994-03-31
Q1 1994,478,"The Wonderful, Horrible Life of Leni Riefenstahl",Kino International,449707.0,1994-03-18,1994-03-31
Q1 1994,493,The Cement Garden,October Films,322975.0,1994-02-11,1994-03-31
Q1 1994,498,Body Snatchers,Warner Bros.,428868.0,1994-01-14,1994-03-31
Q1 1994,509,American Masters: The Life and Times of Allen Ginsberg,First Run,22692.0,1994-02-17,1994-03-31
Q2 1994,410,The Flintstones,Universal Pictures,130531208.0,1994-05-27,1994-06-30
Q2 1994,416,When a Man Loves a Woman,Walt Disney Studios Motion Pictures,50021959.0,1994-04-29,1994-06-30
Q2 1994,419,Beverly Hills Cop III,Paramount Pictures,42614912.0,1994-05-25,1994-06-30
Q2 1994,426,Jurassic Park,Universal Pictures,357067947.0,1994-06-11,1994-06-30
Q2 1994,437,Maverick,Warner Bros.,101631272.0,1994-05-20,1994-06-30
Q2 1994,438,Speed,Twentieth Century Fox,121248145.0,1994-06-10,1994-06-30
Q2 1994,442,Widows' Peak,Fine Line Features,6243722.0,1994-05-13,1994-06-30
Q2 1994,443,Getting Even with Dad,Metro-Goldwyn-Mayer (MGM),18869594.0,1994-06-17,1994-06-30
Q2 1994,447,City Slickers II: The Legend of Curly's Gold,Columbia Pictures,43622150.0,1994-06-10,1994-06-30
Q2 1994,449,The Cowboy Way,Universal Pictures,20280016.0,1994-06-03,1994-06-30
Q2 1994,451,The Crow,Miramax,50693129.0,1994-05-13,1994-06-30
Q2 1994,459,Renaissance Man,Walt Disney Studios Motion Pictures,24332324.0,1994-06-03,1994-06-30
Q2 1994,475,Three Colors: White,Miramax,1237219.0,1994-06-10,1994-06-30
Q2 1994,488,Cronos,October Films,621392.0,1994-04-01,1994-06-30
Q2 1994,495,That's Entertainment! III,Metro-Goldwyn-Mayer (MGM),280163.0,1994-05-06,1994-06-30
Q2 1994,499,The Slingshot,Sony Pictures Classics,308368.0,1994-06-03,1994-06-30
Q2 1994,500,Dream Lover,Gramercy Pictures (I),256264.0,1994-05-06,1994-06-30
Q2 1994,502,Freedom on My Mind,Tara Releasing,71176.0,1994-06-22,1994-06-30
Q2 1994,507,La scorta,First Look International,147107.0,1994-05-06,1994-06-30
Q2 1994,517,High Lonesome: The Story of Bluegrass Music,Tara Releasing,53319.0,1994-04-29,1994-06-30
Q3 1994,425,Quiz Show,Walt Disney Studios Motion Pictures,24822619.0,1994-09-16,1994-09-30
Q3 1994,429,"Corrina, Corrina",New Line Cinema,20164171.0,1994-08-12,1994-09-30
Q3 1994,434,"The Adventures of Priscilla, Queen of the Desert",Gramercy Pictures (I),11220670.0,1994-08-10,1994-09-30
Q3 1994,439,The Mask,New Line Cinema,119938730.0,1994-07-29,1994-09-30
Q3 1994,440,The Next Karate Kid,Columbia Pictures,8914777.0,1994-08-12,1994-09-30
Q3 1994,446,The Little Rascals,Universal Pictures,52125282.0,1994-08-05,1994-09-30
Q3 1994,448,Fresh,Miramax,8094616.0,1994-08-19,1994-09-30
Q3 1994,450,The Fugitive,Warner Bros.,183403565.0,1994-08-06,1994-09-30
Q3 1994,457,Little Big League,Columbia Pictures,12267790.0,1994-07-01,1994-09-30
Q3 1994,461,The Client,Warner Bros.,92115211.0,1994-07-22,1994-09-30
Q3 1994,464,Eat Drink Man Woman,The Samuel Goldwyn Company,7294403.0,1994-08-03,1994-09-30
Q3 1994,474,Barcelona,Fine Line Features,7266973.0,1994-07-29,1994-09-30
Q3 1994,482,Nostradamus,Orion Classics,364164.0,1994-09-16,1994-09-30
Q3 1994,484,The Advocate,Miramax,602329.0,1994-08-24,1994-09-30
Q3 1994,485,Spanking the Monkey,Fine Line Features,1359736.0,1994-07-15,1994-09-30
Q3 1994,487,The New Age,Warner Bros.,245217.0,1994-09-16,1994-09-30
Q3 1994,490,Killing Zoe,October Films,418961.0,1994-08-19,1994-09-30
Q3 1994,510,A Place in the World,First Look International,99707.0,1994-07-01,1994-09-30
Q3 1994,511,Second Best,Warner Bros.,86115.0,1994-09-30,1994-09-30
Q4 1994,411,The Santa Clause,Walt Disney Studios Motion Pictures,144833357.0,1994-11-11,1994-12-31
Q4 1994,412,Interview with the Vampire: The Vampire Chronicles,Warner Bros.,105264608.0,1994-11-11,1994-12-31
Q4 1994,413,Schindler's List,Universal Pictures,96065768.0,1994-12-15,1994-12-31
Q4 1994,414,Star Trek Generations,Paramount Pictures,75671125.0,1994-11-18,1994-12-31
Q4 1994,415,Pulp Fiction,Miramax,107928762.0,1994-10-14,1994-12-31
Q4 1994,417,Dumb and Dumber,New Line Cinema,127175374.0,1994-12-16,1994-12-31
Q4 1994,420,Disclosure,Warner Bros.,83015089.0,1994-12-09,1994-12-31
Q4 1994,421,Junior,Universal Pictures,36763355.0,1994-11-23,1994-12-31
Q4 1994,422,A Low Down Dirty Shame,Walt Disney Studios Motion Pictures,29392418.0,1994-11-25,1994-12-31
Q4 1994,424,Drop Zone,Paramount Pictures,28735315.0,1994-12-09,1994-12-31
Q4 1994,427,Street Fighter,Universal Pictures,33423521.0,1994-12-23,1994-12-31
Q4 1994,428,Little Women,Sony Pictures Releasing,50083616.0,1994-12-21,1994-12-31
Q4 1994,430,Ri¢hie Ri¢h,Warner Bros.,38087756.0,1994-12-21,1994-12-31
Q4 1994,431,The Jungle Book,Walt Disney Studios Motion Pictures,43229904.0,1994-12-25,1994-12-31
Q4 1994,432,The Piano,Miramax,40157856.0,1994-11-12,1994-12-31
Q4 1994,433,Speechless,Metro-Goldwyn-Mayer (MGM),20667959.0,1994-12-16,1994-12-31
Q4 1994,435,I.Q.,Paramount Pictures,26381221.0,1994-12-25,1994-12-31
Q4 1994,436,Nell,Twentieth Century Fox,33683817.0,1994-12-16,1994-12-31
Q4 1994,441,Beethoven's 2nd,Universal Pictures,53443066.0,1994-12-17,1994-12-31
Q4 1994,452,Ready to Wear,Miramax,11300653.0,1994-12-25,1994-12-31
Q4 1994,453,The Remains of the Day,Columbia Pictures,23237911.0,1994-11-05,1994-12-31
Q4 1994,454,Mixed Nuts,Sony Pictures Releasing,6821850.0,1994-12-21,1994-12-31
Q4 1994,458,The Pelican Brief,Warner Bros.,100768056.0,1994-12-17,1994-12-31
Q4 1994,463,Batman: Mask of the Phantasm,Warner Bros.,5617391.0,1994-12-25,1994-12-31
Q4 1994,465,Clerks,Miramax,3151130.0,1994-10-19,1994-12-31
Q4 1994,466,Short Cuts,Fine Line Features,6110979.0,1994-10-01,1994-12-31
Q4 1994,470,Three Colors: Blue,Miramax,1324974.0,1994-11-30,1994-12-31
Q4 1994,472,Screen Two: The Clothes in the Wardrobe,The Samuel Goldwyn Company,2106846.0,1994-12-21,1994-12-31
Q4 1994,479,Heavenly Creatures,Miramax,3049135.0,1994-11-16,1994-12-31
Q4 1994,480,Naked,New Line Cinema,1769305.0,1994-12-17,1994-12-31
Q4 1994,481,"Faraway, So Close!",Sony Pictures Classics,810455.0,1994-12-21,1994-12-31
Q4 1994,483,The War Room,October Films,901668.0,1994-11-03,1994-12-31
Q4 1994,486,Legends of the Fall,Sony Pictures Releasing,66638883.0,1994-12-23,1994-12-31
Q4 1994,489,The Browning Version,Paramount Pictures,487391.0,1994-10-12,1994-12-31
Q4 1994,491,Immortal Beloved,Sony Pictures Releasing,9914409.0,1994-12-16,1994-12-31
Q4 1994,492,Nobody's Fool,Paramount Pictures,39491975.0,1994-12-23,1994-12-31
Q4 1994,494,Mrs. Parker and the Vicious Circle,Fine Line Features,2144667.0,1994-11-23,1994-12-31
Q4 1994,496,Death and the Maiden,Fine Line Features,3103716.0,1994-12-23,1994-12-31
Q4 1994,497,Wrestling Ernest Hemingway,Warner Bros.,278720.0,1994-12-17,1994-12-31
Q4 1994,501,The Last Seduction,October Films,5842603.0,1994-10-26,1994-12-31
Q4 1994,503,To Live,The Samuel Goldwyn Company,2332728.0,1994-11-18,1994-12-31
Q4 1994,504,The Secret Adventures of Tom Thumb,Tara Releasing,70441.0,1994-11-04,1994-12-31
Q4 1994,505,Tom & Viv,Miramax,538534.0,1994-12-02,1994-12-31
Q4 1994,506,Hoop Dreams,Fine Line Features,7830611.0,1994-10-14,1994-12-31
Q4 1994,508,Federal Hill,Trimark Pictures,514775.0,1994-12-09,1994-12-31
Q4 1994,512,Pontiac Moon,Paramount Pictures,11669.0,1994-11-04,1994-12-31
Q4 1994,513,The Saint of Fort Washington,Warner Bros.,134454.0,1994-11-17,1994-12-31
Q4 1994,514,Safe Passage,New Line Cinema,1618282.0,1994-12-25,1994-12-31
Q4 1994,515,Floundering,Strand Releasing,20031.0,1994-11-04,1994-12-31
Q4 1994,516,A Man of No Importance,Sony Pictures Classics,920916.0,1994-12-22,1994-12-31
